=thread-group-added,id="i1"
~"Reading symbols from /media/afilipchik/nvme6tb/src/afilipchik/iceberg-query-engine/.scratch/parallel-aggregate-input/serial_frontier_v2_benchmark_embedded...\n"
~"(No debugging symbols found in /media/afilipchik/nvme6tb/src/afilipchik/iceberg-query-engine/.scratch/parallel-aggregate-input/serial_frontier_v2_benchmark_embedded)\n"
(gdb) 
1^done
(gdb) 
2^done
(gdb) 
3^done
(gdb) 
4^done
(gdb) 
5^done
(gdb) 
~"Starting program: /media/afilipchik/nvme6tb/src/afilipchik/iceberg-query-engine/.scratch/parallel-aggregate-input/serial_frontier_v2_benchmark_embedded /media/afilipchik/nvme6tb/src/afilipchik/iceberg-query-engine/.scratch/parallel-aggregate-input/serial-frontier-native-q1-stack-profile-01/setup.json < /media/afilipchik/nvme6tb/src/afilipchik/iceberg-query-engine/.scratch/parallel-aggregate-input/serial-frontier-native-q1-stack-profile-01/request.jsonl > /media/afilipchik/nvme6tb/src/afilipchik/iceberg-query-engine/.scratch/parallel-aggregate-input/serial-frontier-native-q1-stack-profile-01/responses.jsonl 2> /media/afilipchik/nvme6tb/src/afilipchik/iceberg-query-engine/.scratch/parallel-aggregate-input/serial-frontier-native-q1-stack-profile-01/engine.stderr\n"
=thread-group-started,id="i1",pid="2268699"
=thread-created,id="1",group-id="i1"
=library-loaded,id="/lib64/ld-linux-x86-64.so.2",target-name="/lib64/ld-linux-x86-64.so.2",host-name="/lib64/ld-linux-x86-64.so.2",symbols-loaded="0",thread-group="i1",ranges=[{from="0x00007ffff7fc6000",to="0x00007ffff7ff0195"}]
6^running
*running,thread-id="all"
(gdb) 
=library-loaded,id="/lib/x86_64-linux-gnu/libgcc_s.so.1",target-name="/lib/x86_64-linux-gnu/libgcc_s.so.1",host-name="/lib/x86_64-linux-gnu/libgcc_s.so.1",symbols-loaded="0",thread-group="i1",ranges=[{from="0x00007ffff7f7b780",to="0x00007ffff7f9e745"}]
=library-loaded,id="/lib/x86_64-linux-gnu/libm.so.6",target-name="/lib/x86_64-linux-gnu/libm.so.6",host-name="/lib/x86_64-linux-gnu/libm.so.6",symbols-loaded="0",thread-group="i1",ranges=[{from="0x00007ffff7e9e420",to="0x00007ffff7f1c3a6"}]
=library-loaded,id="/lib/x86_64-linux-gnu/libc.so.6",target-name="/lib/x86_64-linux-gnu/libc.so.6",host-name="/lib/x86_64-linux-gnu/libc.so.6",symbols-loaded="0",thread-group="i1",ranges=[{from="0x00007ffff7c28800",to="0x00007ffff7db0039"}]
~"[Thread debugging using libthread_db enabled]\n"
~"Using host libthread_db library \"/lib/x86_64-linux-gnu/libthread_db.so.1\".\n"
=thread-created,id="2",group-id="i1"
*running,thread-id="2"
=thread-created,id="3",group-id="i1"
*running,thread-id="3"
=thread-created,id="4",group-id="i1"
*running,thread-id="4"
=thread-created,id="5",group-id="i1"
*running,thread-id="5"
=thread-created,id="6",group-id="i1"
*running,thread-id="6"
=thread-created,id="7",group-id="i1"
*running,thread-id="7"
=thread-created,id="8",group-id="i1"
*running,thread-id="8"
=thread-created,id="9",group-id="i1"
*running,thread-id="9"
=thread-created,id="10",group-id="i1"
*running,thread-id="10"
=thread-created,id="11",group-id="i1"
*running,thread-id="11"
=thread-created,id="12",group-id="i1"
*running,thread-id="12"
=thread-created,id="13",group-id="i1"
*running,thread-id="13"
=thread-created,id="14",group-id="i1"
*running,thread-id="14"
=thread-created,id="15",group-id="i1"
*running,thread-id="15"
=thread-created,id="16",group-id="i1"
*running,thread-id="16"
=thread-created,id="17",group-id="i1"
*running,thread-id="17"
=thread-created,id="18",group-id="i1"
*running,thread-id="18"
=thread-created,id="19",group-id="i1"
*running,thread-id="19"
=thread-created,id="20",group-id="i1"
*running,thread-id="20"
=thread-created,id="21",group-id="i1"
*running,thread-id="21"
=thread-created,id="22",group-id="i1"
*running,thread-id="22"
=thread-created,id="23",group-id="i1"
*running,thread-id="23"
=thread-created,id="24",group-id="i1"
*running,thread-id="24"
=thread-created,id="25",group-id="i1"
*running,thread-id="25"
=thread-created,id="26",group-id="i1"
*running,thread-id="26"
=thread-created,id="27",group-id="i1"
*running,thread-id="27"
=thread-created,id="28",group-id="i1"
*running,thread-id="28"
=thread-created,id="29",group-id="i1"
*running,thread-id="29"
=thread-created,id="30",group-id="i1"
*running,thread-id="30"
=thread-created,id="31",group-id="i1"
*running,thread-id="31"
=thread-created,id="32",group-id="i1"
*running,thread-id="32"
=thread-created,id="33",group-id="i1"
*running,thread-id="33"
=thread-created,id="34",group-id="i1"
*running,thread-id="34"
7^done
(gdb) 
~"\nThread "
~"1 \"serial_frontier\" received signal SIGINT, Interrupt.\n"
~"syscall () at ../sysdeps/unix/sysv/linux/x86_64/syscall.S:38\n"
&"warning: 38\t../sysdeps/unix/sysv/linux/x86_64/syscall.S: No such file or directory\n"
*stopped,reason="signal-received",signal-name="SIGINT",signal-meaning="Interrupt",frame={addr="0x00007ffff7d2752d",func="syscall",args=[],file="../sysdeps/unix/sysv/linux/x86_64/syscall.S",fullname="./misc/../sysdeps/unix/sysv/linux/x86_64/syscall.S",line="38",arch="i386:x86-64"},thread-id="1",stopped-threads="all",core="14"
~"\nThread 34 (Thread 0x7fff877fb6c0 (LWP 2268742) \"tokio-rt-worker\"):\n"
~"#0  syscall () at ../sysdeps/unix/sysv/linux/x86_64/syscall.S:38\n#1  0x000055555afdfe97 in parking_lot::condvar::Condvar::wait_until_internal ()\n#2  0x000055555bd86bfa in std::sys::backtrace::__rust_begin_short_backtrace ()\n#3  0x000055555bd89aea in core::ops::function::FnOnce::call_once{{vtable.shim}} ()\n#4  0x000055555bd7502a in std::sys::thread::unix::Thread::new::thread_start ()\n#5  0x00007ffff7c9cb84 in start_thread (arg=<optimized out>) at ./nptl/pthread_create.c:447\n#6  0x00007ffff7d29ecc in clone3 () at ../sysdeps/unix/sysv/linux/x86_64/clone3.S:78\n"
~"\nThread 33 (Thread 0x7fff879fc6c0 (LWP 2268741) \"tokio-rt-worker\"):\n"
~"#0  syscall () at ../sysdeps/unix/sysv/linux/x86_64/syscall.S:38\n#1  0x000055555afdfe39 in parking_lot::condvar::Condvar::wait_until_internal ()\n#2  0x000055555bd97d50 in tokio::runtime::scheduler::multi_thread::worker::Context::park_internal ()\n#3  0x000055555bd96fec in tokio::runtime::scheduler::multi_thread::worker::run ()\n#4  0x000055555bd9506d in tokio::runtime::task::raw::poll ()\n#5  0x000055555bd86b52 in std::sys::backtrace::__rust_begin_short_backtrace ()\n#6  0x000055555bd89aea in core::ops::function::FnOnce::call_once{{vtable.shim}} ()\n#7  0x000055555bd7502a in std::sys::thread::unix::Thread::new::thread_start ()\n(More stack frames follow...)\n"
~"\nThread 32 (Thread 0x7fff87bfd6c0 (LWP 2268740) \"tokio-rt-worker\"):\n"
~"#0  syscall () at ../sysdeps/unix/sysv/linux/x86_64/syscall.S:38\n#1  0x000055555afdfe39 in parking_lot::condvar::Condvar::wait_until_internal ()\n#2  0x000055555bd97d50 in tokio::runtime::scheduler::multi_thread::worker::Context::park_internal ()\n#3  0x000055555bd96fec in tokio::runtime::scheduler::multi_thread::worker::run ()\n#4  0x000055555bd9506d in tokio::runtime::task::raw::poll ()\n#5  0x000055555bd86b52 in std::sys::backtrace::__rust_begin_short_backtrace ()\n#6  0x000055555bd89aea in core::ops::function::FnOnce::call_once{{vtable.shim}} ()\n#7  0x000055555bd7502a in std::sys::thread::unix::Thread::new::thread_start ()\n(More stack frames follow...)\n"
~"\nThread 31 (Thread 0x7fff87dfe6c0 (LWP 2268739) \"tokio-rt-worker\"):\n"
~"#0  syscall () at ../sysdeps/unix/sysv/linux/x86_64/syscall.S:38\n#1  0x000055555afdfe39 in parking_lot::condvar::Condvar::wait_until_internal ()\n#2  0x000055555bd97d50 in tokio::runtime::scheduler::multi_thread::worker::Context::park_internal ()\n#3  0x000055555bd96fec in tokio::runtime::scheduler::multi_thread::worker::run ()\n#4  0x000055555bd9506d in tokio::runtime::task::raw::poll ()\n#5  0x000055555bd86b52 in std::sys::backtrace::__rust_begin_short_backtrace ()\n#6  0x000055555bd89aea in core::ops::function::FnOnce::call_once{{vtable.shim}} ()\n#7  0x000055555bd7502a in std::sys::thread::unix::Thread::new::thread_start ()\n(More stack frames follow...)\n"
~"\nThread 30 (Thread 0x7fff87fff6c0 (LWP 2268738) \"tokio-rt-worker\"):\n"
~"#0  syscall () at ../sysdeps/unix/sysv/linux/x86_64/syscall.S:38\n#1  0x000055555afdfe39 in parking_lot::condvar::Condvar::wait_until_internal ()\n#2  0x000055555bd97d50 in tokio::runtime::scheduler::multi_thread::worker::Context::park_internal ()\n#3  0x000055555bd96fec in tokio::runtime::scheduler::multi_thread::worker::run ()\n#4  0x000055555bd9506d in tokio::runtime::task::raw::poll ()\n#5  0x000055555bd86b52 in std::sys::backtrace::__rust_begin_short_backtrace ()\n#6  0x000055555bd89aea in core::ops::function::FnOnce::call_once{{vtable.shim}} ()\n#7  0x000055555bd7502a in std::sys::thread::unix::Thread::new::thread_start ()\n(More stack frames follow...)\n"
~"\nThread 29 (Thread 0x7ffff43a46c0 (LWP 2268737) \"tokio-rt-worker\"):\n"
~"#0  syscall () at ../sysdeps/unix/sysv/linux/x86_64/syscall.S:38\n#1  0x000055555afdfe39 in parking_lot::condvar::Condvar::wait_until_internal ()\n#2  0x000055555bd97d50 in tokio::runtime::scheduler::multi_thread::worker::Context::park_internal ()\n#3  0x000055555bd96fec in tokio::runtime::scheduler::multi_thread::worker::run ()\n#4  0x000055555bd9506d in tokio::runtime::task::raw::poll ()\n#5  0x000055555bd86b52 in std::sys::backtrace::__rust_begin_short_backtrace ()\n#6  0x000055555bd89aea in core::ops::function::FnOnce::call_once{{vtable.shim}} ()\n#7  0x000055555bd7502a in std::sys::thread::unix::Thread::new::thread_start ()\n(More stack frames follow...)\n"
~"\nThread 28 (Thread 0x7ffff45a56c0 (LWP 2268736) \"tokio-rt-worker\"):\n"
~"#0  syscall () at ../sysdeps/unix/sysv/linux/x86_64/syscall.S:38\n#1  0x000055555afdfe39 in parking_lot::condvar::Condvar::wait_until_internal ()\n#2  0x000055555bd97d50 in tokio::runtime::scheduler::multi_thread::worker::Context::park_internal ()\n#3  0x000055555bd96fec in tokio::runtime::scheduler::multi_thread::worker::run ()\n#4  0x000055555bd9506d in tokio::runtime::task::raw::poll ()\n#5  0x000055555bd86b52 in std::sys::backtrace::__rust_begin_short_backtrace ()\n#6  0x000055555bd89aea in core::ops::function::FnOnce::call_once{{vtable.shim}} ()\n#7  0x000055555bd7502a in std::sys::thread::unix::Thread::new::thread_start ()\n(More stack frames follow...)\n"
~"\nThread 27 (Thread 0x7ffff47a66c0 (LWP 2268735) \"tokio-rt-worker\"):\n"
~"#0  syscall () at ../sysdeps/unix/sysv/linux/x86_64/syscall.S:38\n#1  0x000055555afdfe39 in parking_lot::condvar::Condvar::wait_until_internal ()\n#2  0x000055555bd97d50 in tokio::runtime::scheduler::multi_thread::worker::Context::park_internal ()\n#3  0x000055555bd96fec in tokio::runtime::scheduler::multi_thread::worker::run ()\n#4  0x000055555bd9506d in tokio::runtime::task::raw::poll ()\n#5  0x000055555bd86b52 in std::sys::backtrace::__rust_begin_short_backtrace ()\n#6  0x000055555bd89aea in core::ops::function::FnOnce::call_once{{vtable.shim}} ()\n#7  0x000055555bd7502a in std::sys::thread::unix::Thread::new::thread_start ()\n(More stack frames follow...)\n"
~"\nThread 26 (Thread 0x7ffff49a76c0 (LWP 2268734) \"tokio-rt-worker\"):\n"
~"#0  syscall () at ../sysdeps/unix/sysv/linux/x86_64/syscall.S:38\n#1  0x000055555afdfe39 in parking_lot::condvar::Condvar::wait_until_internal ()\n#2  0x000055555bd97d50 in tokio::runtime::scheduler::multi_thread::worker::Context::park_internal ()\n#3  0x000055555bd96fec in tokio::runtime::scheduler::multi_thread::worker::run ()\n#4  0x000055555bd9506d in tokio::runtime::task::raw::poll ()\n#5  0x000055555bd86b52 in std::sys::backtrace::__rust_begin_short_backtrace ()\n#6  0x000055555bd89aea in core::ops::function::FnOnce::call_once{{vtable.shim}} ()\n#7  0x000055555bd7502a in std::sys::thread::unix::Thread::new::thread_start ()\n(More stack frames follow...)\n"
~"\nThread 25 (Thread 0x7ffff4ba86c0 (LWP 2268733) \"tokio-rt-worker\"):\n"
~"#0  syscall () at ../sysdeps/unix/sysv/linux/x86_64/syscall.S:38\n#1  0x000055555afdfe39 in parking_lot::condvar::Condvar::wait_until_internal ()\n#2  0x000055555bd97d50 in tokio::runtime::scheduler::multi_thread::worker::Context::park_internal ()\n#3  0x000055555bd96fec in tokio::runtime::scheduler::multi_thread::worker::run ()\n#4  0x000055555bd9506d in tokio::runtime::task::raw::poll ()\n#5  0x000055555bd86b52 in std::sys::backtrace::__rust_begin_short_backtrace ()\n#6  0x000055555bd89aea in core::ops::function::FnOnce::call_once{{vtable.shim}} ()\n#7  0x000055555bd7502a in std::sys::thread::unix::Thread::new::thread_start ()\n(More stack frames follow...)\n"
~"\nThread 24 (Thread 0x7ffff4da96c0 (LWP 2268732) \"tokio-rt-worker\"):\n"
~"#0  syscall () at ../sysdeps/unix/sysv/linux/x86_64/syscall.S:38\n#1  0x000055555afdfe39 in parking_lot::condvar::Condvar::wait_until_internal ()\n#2  0x000055555bd97d50 in tokio::runtime::scheduler::multi_thread::worker::Context::park_internal ()\n#3  0x000055555bd96fec in tokio::runtime::scheduler::multi_thread::worker::run ()\n#4  0x000055555bd9506d in tokio::runtime::task::raw::poll ()\n#5  0x000055555bd86b52 in std::sys::backtrace::__rust_begin_short_backtrace ()\n#6  0x000055555bd89aea in core::ops::function::FnOnce::call_once{{vtable.shim}} ()\n#7  0x000055555bd7502a in std::sys::thread::unix::Thread::new::thread_start ()\n(More stack frames follow...)\n"
~"\nThread 23 (Thread 0x7ffff4faa6c0 (LWP 2268731) \"tokio-rt-worker\"):\n"
~"#0  syscall () at ../sysdeps/unix/sysv/linux/x86_64/syscall.S:38\n#1  0x000055555afdfe39 in parking_lot::condvar::Condvar::wait_until_internal ()\n#2  0x000055555bd97d50 in tokio::runtime::scheduler::multi_thread::worker::Context::park_internal ()\n#3  0x000055555bd96fec in tokio::runtime::scheduler::multi_thread::worker::run ()\n#4  0x000055555bd9506d in tokio::runtime::task::raw::poll ()\n#5  0x000055555bd86b52 in std::sys::backtrace::__rust_begin_short_backtrace ()\n#6  0x000055555bd89aea in core::ops::function::FnOnce::call_once{{vtable.shim}} ()\n#7  0x000055555bd7502a in std::sys::thread::unix::Thread::new::thread_start ()\n(More stack frames follow...)\n"
~"\nThread 22 (Thread 0x7ffff51ab6c0 (LWP 2268730) \"tokio-rt-worker\"):\n"
~"#0  syscall () at ../sysdeps/unix/sysv/linux/x86_64/syscall.S:38\n#1  0x000055555afdfe39 in parking_lot::condvar::Condvar::wait_until_internal ()\n#2  0x000055555bd97d50 in tokio::runtime::scheduler::multi_thread::worker::Context::park_internal ()\n#3  0x000055555bd96fec in tokio::runtime::scheduler::multi_thread::worker::run ()\n#4  0x000055555bd9506d in tokio::runtime::task::raw::poll ()\n#5  0x000055555bd86b52 in std::sys::backtrace::__rust_begin_short_backtrace ()\n#6  0x000055555bd89aea in core::ops::function::FnOnce::call_once{{vtable.shim}} ()\n#7  0x000055555bd7502a in std::sys::thread::unix::Thread::new::thread_start ()\n(More stack frames follow...)\n"
~"\nThread 21 (Thread 0x7ffff53ac6c0 (LWP 2268729) \"tokio-rt-worker\"):\n"
~"#0  syscall () at ../sysdeps/unix/sysv/linux/x86_64/syscall.S:38\n#1  0x000055555afdfe39 in parking_lot::condvar::Condvar::wait_until_internal ()\n#2  0x000055555bd97d50 in tokio::runtime::scheduler::multi_thread::worker::Context::park_internal ()\n#3  0x000055555bd96fec in tokio::runtime::scheduler::multi_thread::worker::run ()\n#4  0x000055555bd9506d in tokio::runtime::task::raw::poll ()\n#5  0x000055555bd86b52 in std::sys::backtrace::__rust_begin_short_backtrace ()\n#6  0x000055555bd89aea in core::ops::function::FnOnce::call_once{{vtable.shim}} ()\n#7  0x000055555bd7502a in std::sys::thread::unix::Thread::new::thread_start ()\n(More stack frames follow...)\n"
~"\nThread 20 (Thread 0x7ffff55ad6c0 (LWP 2268728) \"tokio-rt-worker\"):\n"
~"#0  syscall () at ../sysdeps/unix/sysv/linux/x86_64/syscall.S:38\n#1  0x000055555afdfe39 in parking_lot::condvar::Condvar::wait_until_internal ()\n#2  0x000055555bd97d50 in tokio::runtime::scheduler::multi_thread::worker::Context::park_internal ()\n#3  0x000055555bd96fec in tokio::runtime::scheduler::multi_thread::worker::run ()\n#4  0x000055555bd9506d in tokio::runtime::task::raw::poll ()\n#5  0x000055555bd86b52 in std::sys::backtrace::__rust_begin_short_backtrace ()\n#6  0x000055555bd89aea in core::ops::function::FnOnce::call_once{{vtable.shim}} ()\n#7  0x000055555bd7502a in std::sys::thread::unix::Thread::new::thread_start ()\n(More stack frames follow...)\n"
~"\nThread 19 (Thread 0x7ffff57ae6c0 (LWP 2268727) \"tokio-rt-worker\"):\n"
~"#0  syscall () at ../sysdeps/unix/sysv/linux/x86_64/syscall.S:38\n#1  0x000055555afdfe39 in parking_lot::condvar::Condvar::wait_until_internal ()\n#2  0x000055555bd97d50 in tokio::runtime::scheduler::multi_thread::worker::Context::park_internal ()\n#3  0x000055555bd96fec in tokio::runtime::scheduler::multi_thread::worker::run ()\n#4  0x000055555bd9506d in tokio::runtime::task::raw::poll ()\n#5  0x000055555bd86b52 in std::sys::backtrace::__rust_begin_short_backtrace ()\n#6  0x000055555bd89aea in core::ops::function::FnOnce::call_once{{vtable.shim}} ()\n#7  0x000055555bd7502a in std::sys::thread::unix::Thread::new::thread_start ()\n(More stack frames follow...)\n"
~"\nThread 18 (Thread 0x7ffff59af6c0 (LWP 2268726) \"tokio-rt-worker\"):\n"
~"#0  0x00007ffff7d2a2d2 in epoll_wait (epfd=3, events=0x36f6e300000, maxevents=1024, timeout=-1) at ../sysdeps/unix/sysv/linux/epoll_wait.c:30\n#1  0x000055555bd994ae in tokio::runtime::io::driver::Driver::turn ()\n#2  0x000055555bd9919d in tokio::runtime::time::Driver::park_internal ()\n#3  0x000055555bd97b94 in tokio::runtime::scheduler::multi_thread::worker::Context::park_internal ()\n#4  0x000055555bd96fec in tokio::runtime::scheduler::multi_thread::worker::run ()\n#5  0x000055555bd9506d in tokio::runtime::task::raw::poll ()\n#6  0x000055555bd86b52 in std::sys::backtrace::__rust_begin_short_backtrace ()\n#7  0x000055555bd89aea in core::ops::function::FnOnce::call_once{{vtable.shim}} ()\n(More stack frames follow...)\n"
~"\nThread 17 (Thread 0x7ffff5bb06c0 (LWP 2268725) \"qe-worker-15\"):\n"
~"#0  syscall () at ../sysdeps/unix/sysv/linux/x86_64/syscall.S:38\n#1  0x000055555ba4c877 in rayon_core::sleep::Sleep::sleep ()\n#2  0x000055555ba4c30b in rayon_core::registry::WorkerThread::wait_until_cold ()\n#3  0x000055555ba4bcd2 in std::sys::backtrace::__rust_begin_short_backtrace ()\n#4  0x000055555ba4ba3c in core::ops::function::FnOnce::call_once{{vtable.shim}} ()\n#5  0x000055555bd7502a in std::sys::thread::unix::Thread::new::thread_start ()\n#6  0x00007ffff7c9cb84 in start_thread (arg=<optimized out>) at ./nptl/pthread_create.c:447\n#7  0x00007ffff7d29ecc in clone3 () at ../sysdeps/unix/sysv/linux/x86_64/clone3.S:78\n"
~"\nThread 16 (Thread 0x7ffff5db16c0 (LWP 2268724) \"qe-worker-14\"):\n"
~"#0  syscall () at ../sysdeps/unix/sysv/linux/x86_64/syscall.S:38\n#1  0x000055555ba4c877 in rayon_core::sleep::Sleep::sleep ()\n#2  0x000055555ba4c30b in rayon_core::registry::WorkerThread::wait_until_cold ()\n#3  0x000055555ba4bcd2 in std::sys::backtrace::__rust_begin_short_backtrace ()\n#4  0x000055555ba4ba3c in core::ops::function::FnOnce::call_once{{vtable.shim}} ()\n#5  0x000055555bd7502a in std::sys::thread::unix::Thread::new::thread_start ()\n#6  0x00007ffff7c9cb84 in start_thread (arg=<optimized out>) at ./nptl/pthread_create.c:447\n#7  0x00007ffff7d29ecc in clone3 () at ../sysdeps/unix/sysv/linux/x86_64/clone3.S:78\n"
~"\nThread 15 (Thread 0x7ffff5fb26c0 (LWP 2268723) \"qe-worker-13\"):\n"
~"#0  syscall () at ../sysdeps/unix/sysv/linux/x86_64/syscall.S:38\n#1  0x000055555ba4c877 in rayon_core::sleep::Sleep::sleep ()\n#2  0x000055555ba4c30b in rayon_core::registry::WorkerThread::wait_until_cold ()\n#3  0x000055555ba4bcd2 in std::sys::backtrace::__rust_begin_short_backtrace ()\n#4  0x000055555ba4ba3c in core::ops::function::FnOnce::call_once{{vtable.shim}} ()\n#5  0x000055555bd7502a in std::sys::thread::unix::Thread::new::thread_start ()\n#6  0x00007ffff7c9cb84 in start_thread (arg=<optimized out>) at ./nptl/pthread_create.c:447\n#7  0x00007ffff7d29ecc in clone3 () at ../sysdeps/unix/sysv/linux/x86_64/clone3.S:78\n"
~"\nThread 14 (Thread 0x7ffff61b36c0 (LWP 2268722) \"qe-worker-12\"):\n"
~"#0  syscall () at ../sysdeps/unix/sysv/linux/x86_64/syscall.S:38\n#1  0x000055555ba4c877 in rayon_core::sleep::Sleep::sleep ()\n#2  0x000055555ba4c30b in rayon_core::registry::WorkerThread::wait_until_cold ()\n#3  0x000055555ba4bcd2 in std::sys::backtrace::__rust_begin_short_backtrace ()\n#4  0x000055555ba4ba3c in core::ops::function::FnOnce::call_once{{vtable.shim}} ()\n#5  0x000055555bd7502a in std::sys::thread::unix::Thread::new::thread_start ()\n#6  0x00007ffff7c9cb84 in start_thread (arg=<optimized out>) at ./nptl/pthread_create.c:447\n#7  0x00007ffff7d29ecc in clone3 () at ../sysdeps/unix/sysv/linux/x86_64/clone3.S:78\n"
~"\nThread 13 (Thread 0x7ffff63b46c0 (LWP 2268721) \"qe-worker-11\"):\n"
~"#0  syscall () at ../sysdeps/unix/sysv/linux/x86_64/syscall.S:38\n#1  0x000055555ba4c877 in rayon_core::sleep::Sleep::sleep ()\n#2  0x000055555ba4c30b in rayon_core::registry::WorkerThread::wait_until_cold ()\n#3  0x000055555ba4bcd2 in std::sys::backtrace::__rust_begin_short_backtrace ()\n#4  0x000055555ba4ba3c in core::ops::function::FnOnce::call_once{{vtable.shim}} ()\n#5  0x000055555bd7502a in std::sys::thread::unix::Thread::new::thread_start ()\n#6  0x00007ffff7c9cb84 in start_thread (arg=<optimized out>) at ./nptl/pthread_create.c:447\n#7  0x00007ffff7d29ecc in clone3 () at ../sysdeps/unix/sysv/linux/x86_64/clone3.S:78\n"
~"\nThread 12 (Thread 0x7ffff65b56c0 (LWP 2268720) \"qe-worker-10\"):\n"
~"#0  syscall () at ../sysdeps/unix/sysv/linux/x86_64/syscall.S:38\n#1  0x000055555ba4c877 in rayon_core::sleep::Sleep::sleep ()\n#2  0x000055555ba4c30b in rayon_core::registry::WorkerThread::wait_until_cold ()\n#3  0x000055555ba4bcd2 in std::sys::backtrace::__rust_begin_short_backtrace ()\n#4  0x000055555ba4ba3c in core::ops::function::FnOnce::call_once{{vtable.shim}} ()\n#5  0x000055555bd7502a in std::sys::thread::unix::Thread::new::thread_start ()\n#6  0x00007ffff7c9cb84 in start_thread (arg=<optimized out>) at ./nptl/pthread_create.c:447\n#7  0x00007ffff7d29ecc in clone3 () at ../sysdeps/unix/sysv/linux/x86_64/clone3.S:78\n"
~"\nThread 11 (Thread 0x7ffff67b66c0 (LWP 2268719) \"qe-worker-9\"):\n"
~"#0  syscall () at ../sysdeps/unix/sysv/linux/x86_64/syscall.S:38\n#1  0x000055555ba4c877 in rayon_core::sleep::Sleep::sleep ()\n#2  0x000055555ba4c30b in rayon_core::registry::WorkerThread::wait_until_cold ()\n#3  0x000055555ba4bcd2 in std::sys::backtrace::__rust_begin_short_backtrace ()\n#4  0x000055555ba4ba3c in core::ops::function::FnOnce::call_once{{vtable.shim}} ()\n#5  0x000055555bd7502a in std::sys::thread::unix::Thread::new::thread_start ()\n#6  0x00007ffff7c9cb84 in start_thread (arg=<optimized out>) at ./nptl/pthread_create.c:447\n#7  0x00007ffff7d29ecc in clone3 () at ../sysdeps/unix/sysv/linux/x86_64/clone3.S:78\n"
~"\nThread 10 (Thread 0x7ffff69b76c0 (LWP 2268718) \"qe-worker-8\"):\n"
~"#0  syscall () at ../sysdeps/unix/sysv/linux/x86_64/syscall.S:38\n#1  0x000055555ba4c877 in rayon_core::sleep::Sleep::sleep ()\n#2  0x000055555ba4c30b in rayon_core::registry::WorkerThread::wait_until_cold ()\n#3  0x000055555ba4bcd2 in std::sys::backtrace::__rust_begin_short_backtrace ()\n#4  0x000055555ba4ba3c in core::ops::function::FnOnce::call_once{{vtable.shim}} ()\n#5  0x000055555bd7502a in std::sys::thread::unix::Thread::new::thread_start ()\n#6  0x00007ffff7c9cb84 in start_thread (arg=<optimized out>) at ./nptl/pthread_create.c:447\n#7  0x00007ffff7d29ecc in clone3 () at ../sysdeps/unix/sysv/linux/x86_64/clone3.S:78\n"
~"\nThread 9 (Thread 0x7ffff6bb86c0 (LWP 2268717) \"qe-worker-7\"):\n"
~"#0  syscall () at ../sysdeps/unix/sysv/linux/x86_64/syscall.S:38\n#1  0x000055555ba4c877 in rayon_core::sleep::Sleep::sleep ()\n#2  0x000055555ba4c30b in rayon_core::registry::WorkerThread::wait_until_cold ()\n#3  0x000055555ba4bcd2 in std::sys::backtrace::__rust_begin_short_backtrace ()\n#4  0x000055555ba4ba3c in core::ops::function::FnOnce::call_once{{vtable.shim}} ()\n#5  0x000055555bd7502a in std::sys::thread::unix::Thread::new::thread_start ()\n#6  0x00007ffff7c9cb84 in start_thread (arg=<optimized out>) at ./nptl/pthread_create.c:447\n#7  0x00007ffff7d29ecc in clone3 () at ../sysdeps/unix/sysv/linux/x86_64/clone3.S:78\n"
~"\nThread 8 (Thread 0x7ffff6db96c0 (LWP 2268716) \"qe-worker-6\"):\n"
~"#0  syscall () at ../sysdeps/unix/sysv/linux/x86_64/syscall.S:38\n#1  0x000055555ba4c877 in rayon_core::sleep::Sleep::sleep ()\n#2  0x000055555ba4c30b in rayon_core::registry::WorkerThread::wait_until_cold ()\n#3  0x000055555ba4bcd2 in std::sys::backtrace::__rust_begin_short_backtrace ()\n#4  0x000055555ba4ba3c in core::ops::function::FnOnce::call_once{{vtable.shim}} ()\n#5  0x000055555bd7502a in std::sys::thread::unix::Thread::new::thread_start ()\n#6  0x00007ffff7c9cb84 in start_thread (arg=<optimized out>) at ./nptl/pthread_create.c:447\n#7  0x00007ffff7d29ecc in clone3 () at ../sysdeps/unix/sysv/linux/x86_64/clone3.S:78\n"
~"\nThread 7 (Thread 0x7ffff6fba6c0 (LWP 2268715) \"qe-worker-5\"):\n"
~"#0  syscall () at ../sysdeps/unix/sysv/linux/x86_64/syscall.S:38\n#1  0x000055555ba4c877 in rayon_core::sleep::Sleep::sleep ()\n#2  0x000055555ba4c30b in rayon_core::registry::WorkerThread::wait_until_cold ()\n#3  0x000055555ba4bcd2 in std::sys::backtrace::__rust_begin_short_backtrace ()\n#4  0x000055555ba4ba3c in core::ops::function::FnOnce::call_once{{vtable.shim}} ()\n#5  0x000055555bd7502a in std::sys::thread::unix::Thread::new::thread_start ()\n#6  0x00007ffff7c9cb84 in start_thread (arg=<optimized out>) at ./nptl/pthread_create.c:447\n#7  0x00007ffff7d29ecc in clone3 () at ../sysdeps/unix/sysv/linux/x86_64/clone3.S:78\n"
~"\nThread 6 (Thread 0x7ffff71bb6c0 (LWP 2268714) \"qe-worker-4\"):\n"
~"#0  syscall () at ../sysdeps/unix/sysv/linux/x86_64/syscall.S:38\n#1  0x000055555ba4c877 in rayon_core::sleep::Sleep::sleep ()\n#2  0x000055555ba4c30b in rayon_core::registry::WorkerThread::wait_until_cold ()\n#3  0x000055555ba4bcd2 in std::sys::backtrace::__rust_begin_short_backtrace ()\n#4  0x000055555ba4ba3c in core::ops::function::FnOnce::call_once{{vtable.shim}} ()\n#5  0x000055555bd7502a in std::sys::thread::unix::Thread::new::thread_start ()\n#6  0x00007ffff7c9cb84 in start_thread (arg=<optimized out>) at ./nptl/pthread_create.c:447\n#7  0x00007ffff7d29ecc in clone3 () at ../sysdeps/unix/sysv/linux/x86_64/clone3.S:78\n"
~"\nThread 5 (Thread 0x7ffff73bc6c0 (LWP 2268713) \"qe-worker-3\"):\n"
~"#0  syscall () at ../sysdeps/unix/sysv/linux/x86_64/syscall.S:38\n#1  0x000055555ba4c877 in rayon_core::sleep::Sleep::sleep ()\n#2  0x000055555ba4c30b in rayon_core::registry::WorkerThread::wait_until_cold ()\n#3  0x000055555ba4bcd2 in std::sys::backtrace::__rust_begin_short_backtrace ()\n#4  0x000055555ba4ba3c in core::ops::function::FnOnce::call_once{{vtable.shim}} ()\n#5  0x000055555bd7502a in std::sys::thread::unix::Thread::new::thread_start ()\n#6  0x00007ffff7c9cb84 in start_thread (arg=<optimized out>) at ./nptl/pthread_create.c:447\n#7  0x00007ffff7d29ecc in clone3 () at ../sysdeps/unix/sysv/linux/x86_64/clone3.S:78\n"
~"\nThread 4 (Thread 0x7ffff75bd6c0 (LWP 2268712) \"qe-worker-2\"):\n"
~"#0  syscall () at ../sysdeps/unix/sysv/linux/x86_64/syscall.S:38\n#1  0x000055555ba4c877 in rayon_core::sleep::Sleep::sleep ()\n#2  0x000055555ba4c30b in rayon_core::registry::WorkerThread::wait_until_cold ()\n#3  0x000055555ba4bcd2 in std::sys::backtrace::__rust_begin_short_backtrace ()\n#4  0x000055555ba4ba3c in core::ops::function::FnOnce::call_once{{vtable.shim}} ()\n#5  0x000055555bd7502a in std::sys::thread::unix::Thread::new::thread_start ()\n#6  0x00007ffff7c9cb84 in start_thread (arg=<optimized out>) at ./nptl/pthread_create.c:447\n#7  0x00007ffff7d29ecc in clone3 () at ../sysdeps/unix/sysv/linux/x86_64/clone3.S:78\n"
~"\nThread 3 (Thread 0x7ffff77be6c0 (LWP 2268711) \"qe-worker-1\"):\n"
~"#0  syscall () at ../sysdeps/unix/sysv/linux/x86_64/syscall.S:38\n#1  0x000055555ba4c877 in rayon_core::sleep::Sleep::sleep ()\n#2  0x000055555ba4c30b in rayon_core::registry::WorkerThread::wait_until_cold ()\n#3  0x000055555ba4bcd2 in std::sys::backtrace::__rust_begin_short_backtrace ()\n#4  0x000055555ba4ba3c in core::ops::function::FnOnce::call_once{{vtable.shim}} ()\n#5  0x000055555bd7502a in std::sys::thread::unix::Thread::new::thread_start ()\n#6  0x00007ffff7c9cb84 in start_thread (arg=<optimized out>) at ./nptl/pthread_create.c:447\n#7  0x00007ffff7d29ecc in clone3 () at ../sysdeps/unix/sysv/linux/x86_64/clone3.S:78\n"
~"\nThread 2 (Thread 0x7ffff79bf6c0 (LWP 2268710) \"qe-worker-0\"):\n"
~"#0  syscall () at ../sysdeps/unix/sysv/linux/x86_64/syscall.S:38\n#1  0x000055555ba4c877 in rayon_core::sleep::Sleep::sleep ()\n#2  0x000055555ba4c30b in rayon_core::registry::WorkerThread::wait_until_cold ()\n#3  0x000055555ba4bcd2 in std::sys::backtrace::__rust_begin_short_backtrace ()\n#4  0x000055555ba4ba3c in core::ops::function::FnOnce::call_once{{vtable.shim}} ()\n#5  0x000055555bd7502a in std::sys::thread::unix::Thread::new::thread_start ()\n#6  0x00007ffff7c9cb84 in start_thread (arg=<optimized out>) at ./nptl/pthread_create.c:447\n#7  0x00007ffff7d29ecc in clone3 () at ../sysdeps/unix/sysv/linux/x86_64/clone3.S:78\n"
~"\nThread 1 (Thread 0x7ffff7e8d100 (LWP 2268699) \"serial_frontier\"):\n"
~"#0  syscall () at ../sysdeps/unix/sysv/linux/x86_64/syscall.S:38\n#1  0x000055555ba4d835 in rayon_core::latch::LockLatch::wait_and_reset ()\n#2  0x000055555b531e43 in rayon_core::registry::Registry::in_worker_cold ()\n#3  0x000055555b523e4e in rayon::iter::plumbing::bridge_producer_consumer::helper ()\n#4  0x000055555b4a1e2a in query_engine::physical::morsel_agg::live_spill::execute::{{closure}} ()\n#5  0x000055555b4930c1 in <query_engine::physical::operators::spillable::SpillableHashAggregateExec as query_engine::physical::plan::PhysicalOperator>::execute::{{closure}} ()\n#6  0x000055555b632182 in <query_engine::physical::operators::project::ProjectExec as query_engine::physical::plan::PhysicalOperator>::execute::{{closure}} ()\n#7  0x000055555b4a7680 in query_engine::physical::operators::spillable::stream_merge_input_partitions::{{closure}} ()\n(More stack frames follow...)\n"
8^done
(gdb) 
9^running
*running,thread-id="all"
(gdb) 
10^done
(gdb) 
~"\nThread "
~"1 \"serial_frontier\" received signal SIGINT, Interrupt.\n"
~"0x000055555b642742 in query_engine::execution::reserved_vec::ReservedVec<T>::try_extend_reserved ()\n"
*stopped,reason="signal-received",signal-name="SIGINT",signal-meaning="Interrupt",frame={addr="0x000055555b642742",func="query_engine::execution::reserved_vec::ReservedVec<T>::try_extend_reserved",args=[],arch="i386:x86-64"},thread-id="1",stopped-threads="all",core="10"
~"\nThread 34 (Thread 0x7fff877fb6c0 (LWP 2268742) \"tokio-rt-worker\"):\n"
~"#0  syscall () at ../sysdeps/unix/sysv/linux/x86_64/syscall.S:38\n#1  0x000055555afdfe97 in parking_lot::condvar::Condvar::wait_until_internal ()\n#2  0x000055555bd86bfa in std::sys::backtrace::__rust_begin_short_backtrace ()\n#3  0x000055555bd89aea in core::ops::function::FnOnce::call_once{{vtable.shim}} ()\n#4  0x000055555bd7502a in std::sys::thread::unix::Thread::new::thread_start ()\n#5  0x00007ffff7c9cb84 in start_thread (arg=<optimized out>) at ./nptl/pthread_create.c:447\n#6  0x00007ffff7d29ecc in clone3 () at ../sysdeps/unix/sysv/linux/x86_64/clone3.S:78\n"
~"\nThread 33 (Thread 0x7fff879fc6c0 (LWP 2268741) \"tokio-rt-worker\"):\n"
~"#0  syscall () at ../sysdeps/unix/sysv/linux/x86_64/syscall.S:38\n#1  0x000055555afdfe39 in parking_lot::condvar::Condvar::wait_until_internal ()\n#2  0x000055555bd97d50 in tokio::runtime::scheduler::multi_thread::worker::Context::park_internal ()\n#3  0x000055555bd96fec in tokio::runtime::scheduler::multi_thread::worker::run ()\n#4  0x000055555bd9506d in tokio::runtime::task::raw::poll ()\n#5  0x000055555bd86b52 in std::sys::backtrace::__rust_begin_short_backtrace ()\n#6  0x000055555bd89aea in core::ops::function::FnOnce::call_once{{vtable.shim}} ()\n#7  0x000055555bd7502a in std::sys::thread::unix::Thread::new::thread_start ()\n(More stack frames follow...)\n"
~"\nThread 32 (Thread 0x7fff87bfd6c0 (LWP 2268740) \"tokio-rt-worker\"):\n"
~"#0  syscall () at ../sysdeps/unix/sysv/linux/x86_64/syscall.S:38\n#1  0x000055555afdfe39 in parking_lot::condvar::Condvar::wait_until_internal ()\n#2  0x000055555bd97d50 in tokio::runtime::scheduler::multi_thread::worker::Context::park_internal ()\n#3  0x000055555bd96fec in tokio::runtime::scheduler::multi_thread::worker::run ()\n#4  0x000055555bd9506d in tokio::runtime::task::raw::poll ()\n#5  0x000055555bd86b52 in std::sys::backtrace::__rust_begin_short_backtrace ()\n#6  0x000055555bd89aea in core::ops::function::FnOnce::call_once{{vtable.shim}} ()\n#7  0x000055555bd7502a in std::sys::thread::unix::Thread::new::thread_start ()\n(More stack frames follow...)\n"
~"\nThread 31 (Thread 0x7fff87dfe6c0 (LWP 2268739) \"tokio-rt-worker\"):\n"
~"#0  syscall () at ../sysdeps/unix/sysv/linux/x86_64/syscall.S:38\n#1  0x000055555afdfe39 in parking_lot::condvar::Condvar::wait_until_internal ()\n#2  0x000055555bd97d50 in tokio::runtime::scheduler::multi_thread::worker::Context::park_internal ()\n#3  0x000055555bd96fec in tokio::runtime::scheduler::multi_thread::worker::run ()\n#4  0x000055555bd9506d in tokio::runtime::task::raw::poll ()\n#5  0x000055555bd86b52 in std::sys::backtrace::__rust_begin_short_backtrace ()\n#6  0x000055555bd89aea in core::ops::function::FnOnce::call_once{{vtable.shim}} ()\n#7  0x000055555bd7502a in std::sys::thread::unix::Thread::new::thread_start ()\n(More stack frames follow...)\n"
~"\nThread 30 (Thread 0x7fff87fff6c0 (LWP 2268738) \"tokio-rt-worker\"):\n"
~"#0  syscall () at ../sysdeps/unix/sysv/linux/x86_64/syscall.S:38\n#1  0x000055555afdfe39 in parking_lot::condvar::Condvar::wait_until_internal ()\n#2  0x000055555bd97d50 in tokio::runtime::scheduler::multi_thread::worker::Context::park_internal ()\n#3  0x000055555bd96fec in tokio::runtime::scheduler::multi_thread::worker::run ()\n#4  0x000055555bd9506d in tokio::runtime::task::raw::poll ()\n#5  0x000055555bd86b52 in std::sys::backtrace::__rust_begin_short_backtrace ()\n#6  0x000055555bd89aea in core::ops::function::FnOnce::call_once{{vtable.shim}} ()\n#7  0x000055555bd7502a in std::sys::thread::unix::Thread::new::thread_start ()\n(More stack frames follow...)\n"
~"\nThread 29 (Thread 0x7ffff43a46c0 (LWP 2268737) \"tokio-rt-worker\"):\n"
~"#0  syscall () at ../sysdeps/unix/sysv/linux/x86_64/syscall.S:38\n#1  0x000055555afdfe39 in parking_lot::condvar::Condvar::wait_until_internal ()\n#2  0x000055555bd97d50 in tokio::runtime::scheduler::multi_thread::worker::Context::park_internal ()\n#3  0x000055555bd96fec in tokio::runtime::scheduler::multi_thread::worker::run ()\n#4  0x000055555bd9506d in tokio::runtime::task::raw::poll ()\n#5  0x000055555bd86b52 in std::sys::backtrace::__rust_begin_short_backtrace ()\n#6  0x000055555bd89aea in core::ops::function::FnOnce::call_once{{vtable.shim}} ()\n#7  0x000055555bd7502a in std::sys::thread::unix::Thread::new::thread_start ()\n(More stack frames follow...)\n"
~"\nThread 28 (Thread 0x7ffff45a56c0 (LWP 2268736) \"tokio-rt-worker\"):\n"
~"#0  syscall () at ../sysdeps/unix/sysv/linux/x86_64/syscall.S:38\n#1  0x000055555afdfe39 in parking_lot::condvar::Condvar::wait_until_internal ()\n#2  0x000055555bd97d50 in tokio::runtime::scheduler::multi_thread::worker::Context::park_internal ()\n#3  0x000055555bd96fec in tokio::runtime::scheduler::multi_thread::worker::run ()\n#4  0x000055555bd9506d in tokio::runtime::task::raw::poll ()\n#5  0x000055555bd86b52 in std::sys::backtrace::__rust_begin_short_backtrace ()\n#6  0x000055555bd89aea in core::ops::function::FnOnce::call_once{{vtable.shim}} ()\n#7  0x000055555bd7502a in std::sys::thread::unix::Thread::new::thread_start ()\n(More stack frames follow...)\n"
~"\nThread 27 (Thread 0x7ffff47a66c0 (LWP 2268735) \"tokio-rt-worker\"):\n"
~"#0  syscall () at ../sysdeps/unix/sysv/linux/x86_64/syscall.S:38\n#1  0x000055555afdfe39 in parking_lot::condvar::Condvar::wait_until_internal ()\n#2  0x000055555bd97d50 in tokio::runtime::scheduler::multi_thread::worker::Context::park_internal ()\n#3  0x000055555bd96fec in tokio::runtime::scheduler::multi_thread::worker::run ()\n#4  0x000055555bd9506d in tokio::runtime::task::raw::poll ()\n#5  0x000055555bd86b52 in std::sys::backtrace::__rust_begin_short_backtrace ()\n#6  0x000055555bd89aea in core::ops::function::FnOnce::call_once{{vtable.shim}} ()\n#7  0x000055555bd7502a in std::sys::thread::unix::Thread::new::thread_start ()\n(More stack frames follow...)\n"
~"\nThread 26 (Thread 0x7ffff49a76c0 (LWP 2268734) \"tokio-rt-worker\"):\n"
~"#0  syscall () at ../sysdeps/unix/sysv/linux/x86_64/syscall.S:38\n#1  0x000055555afdfe39 in parking_lot::condvar::Condvar::wait_until_internal ()\n#2  0x000055555bd97d50 in tokio::runtime::scheduler::multi_thread::worker::Context::park_internal ()\n#3  0x000055555bd96fec in tokio::runtime::scheduler::multi_thread::worker::run ()\n#4  0x000055555bd9506d in tokio::runtime::task::raw::poll ()\n#5  0x000055555bd86b52 in std::sys::backtrace::__rust_begin_short_backtrace ()\n#6  0x000055555bd89aea in core::ops::function::FnOnce::call_once{{vtable.shim}} ()\n#7  0x000055555bd7502a in std::sys::thread::unix::Thread::new::thread_start ()\n(More stack frames follow...)\n"
~"\nThread 25 (Thread 0x7ffff4ba86c0 (LWP 2268733) \"tokio-rt-worker\"):\n"
~"#0  syscall () at ../sysdeps/unix/sysv/linux/x86_64/syscall.S:38\n#1  0x000055555afdfe39 in parking_lot::condvar::Condvar::wait_until_internal ()\n#2  0x000055555bd97d50 in tokio::runtime::scheduler::multi_thread::worker::Context::park_internal ()\n#3  0x000055555bd96fec in tokio::runtime::scheduler::multi_thread::worker::run ()\n#4  0x000055555bd9506d in tokio::runtime::task::raw::poll ()\n#5  0x000055555bd86b52 in std::sys::backtrace::__rust_begin_short_backtrace ()\n#6  0x000055555bd89aea in core::ops::function::FnOnce::call_once{{vtable.shim}} ()\n#7  0x000055555bd7502a in std::sys::thread::unix::Thread::new::thread_start ()\n(More stack frames follow...)\n"
~"\nThread 24 (Thread 0x7ffff4da96c0 (LWP 2268732) \"tokio-rt-worker\"):\n"
~"#0  syscall () at ../sysdeps/unix/sysv/linux/x86_64/syscall.S:38\n#1  0x000055555afdfe39 in parking_lot::condvar::Condvar::wait_until_internal ()\n#2  0x000055555bd97d50 in tokio::runtime::scheduler::multi_thread::worker::Context::park_internal ()\n#3  0x000055555bd96fec in tokio::runtime::scheduler::multi_thread::worker::run ()\n#4  0x000055555bd9506d in tokio::runtime::task::raw::poll ()\n#5  0x000055555bd86b52 in std::sys::backtrace::__rust_begin_short_backtrace ()\n#6  0x000055555bd89aea in core::ops::function::FnOnce::call_once{{vtable.shim}} ()\n#7  0x000055555bd7502a in std::sys::thread::unix::Thread::new::thread_start ()\n(More stack frames follow...)\n"
~"\nThread 23 (Thread 0x7ffff4faa6c0 (LWP 2268731) \"tokio-rt-worker\"):\n"
~"#0  syscall () at ../sysdeps/unix/sysv/linux/x86_64/syscall.S:38\n#1  0x000055555afdfe39 in parking_lot::condvar::Condvar::wait_until_internal ()\n#2  0x000055555bd97d50 in tokio::runtime::scheduler::multi_thread::worker::Context::park_internal ()\n#3  0x000055555bd96fec in tokio::runtime::scheduler::multi_thread::worker::run ()\n#4  0x000055555bd9506d in tokio::runtime::task::raw::poll ()\n#5  0x000055555bd86b52 in std::sys::backtrace::__rust_begin_short_backtrace ()\n#6  0x000055555bd89aea in core::ops::function::FnOnce::call_once{{vtable.shim}} ()\n#7  0x000055555bd7502a in std::sys::thread::unix::Thread::new::thread_start ()\n(More stack frames follow...)\n"
~"\nThread 22 (Thread 0x7ffff51ab6c0 (LWP 2268730) \"tokio-rt-worker\"):\n"
~"#0  syscall () at ../sysdeps/unix/sysv/linux/x86_64/syscall.S:38\n#1  0x000055555afdfe39 in parking_lot::condvar::Condvar::wait_until_internal ()\n#2  0x000055555bd97d50 in tokio::runtime::scheduler::multi_thread::worker::Context::park_internal ()\n#3  0x000055555bd96fec in tokio::runtime::scheduler::multi_thread::worker::run ()\n#4  0x000055555bd9506d in tokio::runtime::task::raw::poll ()\n#5  0x000055555bd86b52 in std::sys::backtrace::__rust_begin_short_backtrace ()\n#6  0x000055555bd89aea in core::ops::function::FnOnce::call_once{{vtable.shim}} ()\n#7  0x000055555bd7502a in std::sys::thread::unix::Thread::new::thread_start ()\n(More stack frames follow...)\n"
~"\nThread 21 (Thread 0x7ffff53ac6c0 (LWP 2268729) \"tokio-rt-worker\"):\n"
~"#0  syscall () at ../sysdeps/unix/sysv/linux/x86_64/syscall.S:38\n#1  0x000055555afdfe39 in parking_lot::condvar::Condvar::wait_until_internal ()\n#2  0x000055555bd97d50 in tokio::runtime::scheduler::multi_thread::worker::Context::park_internal ()\n#3  0x000055555bd96fec in tokio::runtime::scheduler::multi_thread::worker::run ()\n#4  0x000055555bd9506d in tokio::runtime::task::raw::poll ()\n#5  0x000055555bd86b52 in std::sys::backtrace::__rust_begin_short_backtrace ()\n#6  0x000055555bd89aea in core::ops::function::FnOnce::call_once{{vtable.shim}} ()\n#7  0x000055555bd7502a in std::sys::thread::unix::Thread::new::thread_start ()\n(More stack frames follow...)\n"
~"\nThread 20 (Thread 0x7ffff55ad6c0 (LWP 2268728) \"tokio-rt-worker\"):\n"
~"#0  syscall () at ../sysdeps/unix/sysv/linux/x86_64/syscall.S:38\n#1  0x000055555afdfe39 in parking_lot::condvar::Condvar::wait_until_internal ()\n#2  0x000055555bd97d50 in tokio::runtime::scheduler::multi_thread::worker::Context::park_internal ()\n#3  0x000055555bd96fec in tokio::runtime::scheduler::multi_thread::worker::run ()\n#4  0x000055555bd9506d in tokio::runtime::task::raw::poll ()\n#5  0x000055555bd86b52 in std::sys::backtrace::__rust_begin_short_backtrace ()\n#6  0x000055555bd89aea in core::ops::function::FnOnce::call_once{{vtable.shim}} ()\n#7  0x000055555bd7502a in std::sys::thread::unix::Thread::new::thread_start ()\n(More stack frames follow...)\n"
~"\nThread 19 (Thread 0x7ffff57ae6c0 (LWP 2268727) \"tokio-rt-worker\"):\n"
~"#0  syscall () at ../sysdeps/unix/sysv/linux/x86_64/syscall.S:38\n#1  0x000055555afdfe39 in parking_lot::condvar::Condvar::wait_until_internal ()\n#2  0x000055555bd97d50 in tokio::runtime::scheduler::multi_thread::worker::Context::park_internal ()\n#3  0x000055555bd96fec in tokio::runtime::scheduler::multi_thread::worker::run ()\n#4  0x000055555bd9506d in tokio::runtime::task::raw::poll ()\n#5  0x000055555bd86b52 in std::sys::backtrace::__rust_begin_short_backtrace ()\n#6  0x000055555bd89aea in core::ops::function::FnOnce::call_once{{vtable.shim}} ()\n#7  0x000055555bd7502a in std::sys::thread::unix::Thread::new::thread_start ()\n(More stack frames follow...)\n"
~"\nThread 18 (Thread 0x7ffff59af6c0 (LWP 2268726) \"tokio-rt-worker\"):\n"
~"#0  0x00007ffff7d2a2d2 in epoll_wait (epfd=3, events=0x36f6e300000, maxevents=1024, timeout=-1) at ../sysdeps/unix/sysv/linux/epoll_wait.c:30\n#1  0x000055555bd994ae in tokio::runtime::io::driver::Driver::turn ()\n#2  0x000055555bd9919d in tokio::runtime::time::Driver::park_internal ()\n#3  0x000055555bd97b94 in tokio::runtime::scheduler::multi_thread::worker::Context::park_internal ()\n#4  0x000055555bd96fec in tokio::runtime::scheduler::multi_thread::worker::run ()\n#5  0x000055555bd9506d in tokio::runtime::task::raw::poll ()\n#6  0x000055555bd86b52 in std::sys::backtrace::__rust_begin_short_backtrace ()\n#7  0x000055555bd89aea in core::ops::function::FnOnce::call_once{{vtable.shim}} ()\n(More stack frames follow...)\n"
~"\nThread 17 (Thread 0x7ffff5bb06c0 (LWP 2268725) \"qe-worker-15\"):\n"
~"#0  syscall () at ../sysdeps/unix/sysv/linux/x86_64/syscall.S:38\n#1  0x000055555ba4c877 in rayon_core::sleep::Sleep::sleep ()\n#2  0x000055555ba4c30b in rayon_core::registry::WorkerThread::wait_until_cold ()\n#3  0x000055555ba4bcd2 in std::sys::backtrace::__rust_begin_short_backtrace ()\n#4  0x000055555ba4ba3c in core::ops::function::FnOnce::call_once{{vtable.shim}} ()\n#5  0x000055555bd7502a in std::sys::thread::unix::Thread::new::thread_start ()\n#6  0x00007ffff7c9cb84 in start_thread (arg=<optimized out>) at ./nptl/pthread_create.c:447\n#7  0x00007ffff7d29ecc in clone3 () at ../sysdeps/unix/sysv/linux/x86_64/clone3.S:78\n"
~"\nThread 16 (Thread 0x7ffff5db16c0 (LWP 2268724) \"qe-worker-14\"):\n"
~"#0  syscall () at ../sysdeps/unix/sysv/linux/x86_64/syscall.S:38\n#1  0x000055555ba4c877 in rayon_core::sleep::Sleep::sleep ()\n#2  0x000055555ba4c30b in rayon_core::registry::WorkerThread::wait_until_cold ()\n#3  0x000055555ba4bcd2 in std::sys::backtrace::__rust_begin_short_backtrace ()\n#4  0x000055555ba4ba3c in core::ops::function::FnOnce::call_once{{vtable.shim}} ()\n#5  0x000055555bd7502a in std::sys::thread::unix::Thread::new::thread_start ()\n#6  0x00007ffff7c9cb84 in start_thread (arg=<optimized out>) at ./nptl/pthread_create.c:447\n#7  0x00007ffff7d29ecc in clone3 () at ../sysdeps/unix/sysv/linux/x86_64/clone3.S:78\n"
~"\nThread 15 (Thread 0x7ffff5fb26c0 (LWP 2268723) \"qe-worker-13\"):\n"
~"#0  syscall () at ../sysdeps/unix/sysv/linux/x86_64/syscall.S:38\n#1  0x000055555ba4c877 in rayon_core::sleep::Sleep::sleep ()\n#2  0x000055555ba4c30b in rayon_core::registry::WorkerThread::wait_until_cold ()\n#3  0x000055555ba4bcd2 in std::sys::backtrace::__rust_begin_short_backtrace ()\n#4  0x000055555ba4ba3c in core::ops::function::FnOnce::call_once{{vtable.shim}} ()\n#5  0x000055555bd7502a in std::sys::thread::unix::Thread::new::thread_start ()\n#6  0x00007ffff7c9cb84 in start_thread (arg=<optimized out>) at ./nptl/pthread_create.c:447\n#7  0x00007ffff7d29ecc in clone3 () at ../sysdeps/unix/sysv/linux/x86_64/clone3.S:78\n"
~"\nThread 14 (Thread 0x7ffff61b36c0 (LWP 2268722) \"qe-worker-12\"):\n"
~"#0  syscall () at ../sysdeps/unix/sysv/linux/x86_64/syscall.S:38\n#1  0x000055555ba4c877 in rayon_core::sleep::Sleep::sleep ()\n#2  0x000055555ba4c30b in rayon_core::registry::WorkerThread::wait_until_cold ()\n#3  0x000055555ba4bcd2 in std::sys::backtrace::__rust_begin_short_backtrace ()\n#4  0x000055555ba4ba3c in core::ops::function::FnOnce::call_once{{vtable.shim}} ()\n#5  0x000055555bd7502a in std::sys::thread::unix::Thread::new::thread_start ()\n#6  0x00007ffff7c9cb84 in start_thread (arg=<optimized out>) at ./nptl/pthread_create.c:447\n#7  0x00007ffff7d29ecc in clone3 () at ../sysdeps/unix/sysv/linux/x86_64/clone3.S:78\n"
~"\nThread 13 (Thread 0x7ffff63b46c0 (LWP 2268721) \"qe-worker-11\"):\n"
~"#0  syscall () at ../sysdeps/unix/sysv/linux/x86_64/syscall.S:38\n#1  0x000055555ba4c877 in rayon_core::sleep::Sleep::sleep ()\n#2  0x000055555ba4c30b in rayon_core::registry::WorkerThread::wait_until_cold ()\n#3  0x000055555ba4bcd2 in std::sys::backtrace::__rust_begin_short_backtrace ()\n#4  0x000055555ba4ba3c in core::ops::function::FnOnce::call_once{{vtable.shim}} ()\n#5  0x000055555bd7502a in std::sys::thread::unix::Thread::new::thread_start ()\n#6  0x00007ffff7c9cb84 in start_thread (arg=<optimized out>) at ./nptl/pthread_create.c:447\n#7  0x00007ffff7d29ecc in clone3 () at ../sysdeps/unix/sysv/linux/x86_64/clone3.S:78\n"
~"\nThread 12 (Thread 0x7ffff65b56c0 (LWP 2268720) \"qe-worker-10\"):\n"
~"#0  syscall () at ../sysdeps/unix/sysv/linux/x86_64/syscall.S:38\n#1  0x000055555ba4c877 in rayon_core::sleep::Sleep::sleep ()\n#2  0x000055555ba4c30b in rayon_core::registry::WorkerThread::wait_until_cold ()\n#3  0x000055555ba4bcd2 in std::sys::backtrace::__rust_begin_short_backtrace ()\n#4  0x000055555ba4ba3c in core::ops::function::FnOnce::call_once{{vtable.shim}} ()\n#5  0x000055555bd7502a in std::sys::thread::unix::Thread::new::thread_start ()\n#6  0x00007ffff7c9cb84 in start_thread (arg=<optimized out>) at ./nptl/pthread_create.c:447\n#7  0x00007ffff7d29ecc in clone3 () at ../sysdeps/unix/sysv/linux/x86_64/clone3.S:78\n"
~"\nThread 11 (Thread 0x7ffff67b66c0 (LWP 2268719) \"qe-worker-9\"):\n"
~"#0  syscall () at ../sysdeps/unix/sysv/linux/x86_64/syscall.S:38\n#1  0x000055555ba4c877 in rayon_core::sleep::Sleep::sleep ()\n#2  0x000055555ba4c30b in rayon_core::registry::WorkerThread::wait_until_cold ()\n#3  0x000055555ba4bcd2 in std::sys::backtrace::__rust_begin_short_backtrace ()\n#4  0x000055555ba4ba3c in core::ops::function::FnOnce::call_once{{vtable.shim}} ()\n#5  0x000055555bd7502a in std::sys::thread::unix::Thread::new::thread_start ()\n#6  0x00007ffff7c9cb84 in start_thread (arg=<optimized out>) at ./nptl/pthread_create.c:447\n#7  0x00007ffff7d29ecc in clone3 () at ../sysdeps/unix/sysv/linux/x86_64/clone3.S:78\n"
~"\nThread 10 (Thread 0x7ffff69b76c0 (LWP 2268718) \"qe-worker-8\"):\n"
~"#0  syscall () at ../sysdeps/unix/sysv/linux/x86_64/syscall.S:38\n#1  0x000055555ba4c877 in rayon_core::sleep::Sleep::sleep ()\n#2  0x000055555ba4c30b in rayon_core::registry::WorkerThread::wait_until_cold ()\n#3  0x000055555ba4bcd2 in std::sys::backtrace::__rust_begin_short_backtrace ()\n#4  0x000055555ba4ba3c in core::ops::function::FnOnce::call_once{{vtable.shim}} ()\n#5  0x000055555bd7502a in std::sys::thread::unix::Thread::new::thread_start ()\n#6  0x00007ffff7c9cb84 in start_thread (arg=<optimized out>) at ./nptl/pthread_create.c:447\n#7  0x00007ffff7d29ecc in clone3 () at ../sysdeps/unix/sysv/linux/x86_64/clone3.S:78\n"
~"\nThread 9 (Thread 0x7ffff6bb86c0 (LWP 2268717) \"qe-worker-7\"):\n"
~"#0  syscall () at ../sysdeps/unix/sysv/linux/x86_64/syscall.S:38\n#1  0x000055555ba4c877 in rayon_core::sleep::Sleep::sleep ()\n#2  0x000055555ba4c30b in rayon_core::registry::WorkerThread::wait_until_cold ()\n#3  0x000055555ba4bcd2 in std::sys::backtrace::__rust_begin_short_backtrace ()\n#4  0x000055555ba4ba3c in core::ops::function::FnOnce::call_once{{vtable.shim}} ()\n#5  0x000055555bd7502a in std::sys::thread::unix::Thread::new::thread_start ()\n#6  0x00007ffff7c9cb84 in start_thread (arg=<optimized out>) at ./nptl/pthread_create.c:447\n#7  0x00007ffff7d29ecc in clone3 () at ../sysdeps/unix/sysv/linux/x86_64/clone3.S:78\n"
~"\nThread 8 (Thread 0x7ffff6db96c0 (LWP 2268716) \"qe-worker-6\"):\n"
~"#0  syscall () at ../sysdeps/unix/sysv/linux/x86_64/syscall.S:38\n#1  0x000055555ba4c877 in rayon_core::sleep::Sleep::sleep ()\n#2  0x000055555ba4c30b in rayon_core::registry::WorkerThread::wait_until_cold ()\n#3  0x000055555ba4bcd2 in std::sys::backtrace::__rust_begin_short_backtrace ()\n#4  0x000055555ba4ba3c in core::ops::function::FnOnce::call_once{{vtable.shim}} ()\n#5  0x000055555bd7502a in std::sys::thread::unix::Thread::new::thread_start ()\n#6  0x00007ffff7c9cb84 in start_thread (arg=<optimized out>) at ./nptl/pthread_create.c:447\n#7  0x00007ffff7d29ecc in clone3 () at ../sysdeps/unix/sysv/linux/x86_64/clone3.S:78\n"
~"\nThread 7 (Thread 0x7ffff6fba6c0 (LWP 2268715) \"qe-worker-5\"):\n"
~"#0  syscall () at ../sysdeps/unix/sysv/linux/x86_64/syscall.S:38\n#1  0x000055555ba4c877 in rayon_core::sleep::Sleep::sleep ()\n#2  0x000055555ba4c30b in rayon_core::registry::WorkerThread::wait_until_cold ()\n#3  0x000055555ba4bcd2 in std::sys::backtrace::__rust_begin_short_backtrace ()\n#4  0x000055555ba4ba3c in core::ops::function::FnOnce::call_once{{vtable.shim}} ()\n#5  0x000055555bd7502a in std::sys::thread::unix::Thread::new::thread_start ()\n#6  0x00007ffff7c9cb84 in start_thread (arg=<optimized out>) at ./nptl/pthread_create.c:447\n#7  0x00007ffff7d29ecc in clone3 () at ../sysdeps/unix/sysv/linux/x86_64/clone3.S:78\n"
~"\nThread 6 (Thread 0x7ffff71bb6c0 (LWP 2268714) \"qe-worker-4\"):\n"
~"#0  syscall () at ../sysdeps/unix/sysv/linux/x86_64/syscall.S:38\n#1  0x000055555ba4c877 in rayon_core::sleep::Sleep::sleep ()\n#2  0x000055555ba4c30b in rayon_core::registry::WorkerThread::wait_until_cold ()\n#3  0x000055555ba4bcd2 in std::sys::backtrace::__rust_begin_short_backtrace ()\n#4  0x000055555ba4ba3c in core::ops::function::FnOnce::call_once{{vtable.shim}} ()\n#5  0x000055555bd7502a in std::sys::thread::unix::Thread::new::thread_start ()\n#6  0x00007ffff7c9cb84 in start_thread (arg=<optimized out>) at ./nptl/pthread_create.c:447\n#7  0x00007ffff7d29ecc in clone3 () at ../sysdeps/unix/sysv/linux/x86_64/clone3.S:78\n"
~"\nThread 5 (Thread 0x7ffff73bc6c0 (LWP 2268713) \"qe-worker-3\"):\n"
~"#0  syscall () at ../sysdeps/unix/sysv/linux/x86_64/syscall.S:38\n#1  0x000055555ba4c877 in rayon_core::sleep::Sleep::sleep ()\n#2  0x000055555ba4c30b in rayon_core::registry::WorkerThread::wait_until_cold ()\n#3  0x000055555ba4bcd2 in std::sys::backtrace::__rust_begin_short_backtrace ()\n#4  0x000055555ba4ba3c in core::ops::function::FnOnce::call_once{{vtable.shim}} ()\n#5  0x000055555bd7502a in std::sys::thread::unix::Thread::new::thread_start ()\n#6  0x00007ffff7c9cb84 in start_thread (arg=<optimized out>) at ./nptl/pthread_create.c:447\n#7  0x00007ffff7d29ecc in clone3 () at ../sysdeps/unix/sysv/linux/x86_64/clone3.S:78\n"
~"\nThread 4 (Thread 0x7ffff75bd6c0 (LWP 2268712) \"qe-worker-2\"):\n"
~"#0  syscall () at ../sysdeps/unix/sysv/linux/x86_64/syscall.S:38\n#1  0x000055555ba4c877 in rayon_core::sleep::Sleep::sleep ()\n#2  0x000055555ba4c30b in rayon_core::registry::WorkerThread::wait_until_cold ()\n#3  0x000055555ba4bcd2 in std::sys::backtrace::__rust_begin_short_backtrace ()\n#4  0x000055555ba4ba3c in core::ops::function::FnOnce::call_once{{vtable.shim}} ()\n#5  0x000055555bd7502a in std::sys::thread::unix::Thread::new::thread_start ()\n#6  0x00007ffff7c9cb84 in start_thread (arg=<optimized out>) at ./nptl/pthread_create.c:447\n#7  0x00007ffff7d29ecc in clone3 () at ../sysdeps/unix/sysv/linux/x86_64/clone3.S:78\n"
~"\nThread 3 (Thread 0x7ffff77be6c0 (LWP 2268711) \"qe-worker-1\"):\n"
~"#0  syscall () at ../sysdeps/unix/sysv/linux/x86_64/syscall.S:38\n#1  0x000055555ba4c877 in rayon_core::sleep::Sleep::sleep ()\n#2  0x000055555ba4c30b in rayon_core::registry::WorkerThread::wait_until_cold ()\n#3  0x000055555ba4bcd2 in std::sys::backtrace::__rust_begin_short_backtrace ()\n#4  0x000055555ba4ba3c in core::ops::function::FnOnce::call_once{{vtable.shim}} ()\n#5  0x000055555bd7502a in std::sys::thread::unix::Thread::new::thread_start ()\n#6  0x00007ffff7c9cb84 in start_thread (arg=<optimized out>) at ./nptl/pthread_create.c:447\n#7  0x00007ffff7d29ecc in clone3 () at ../sysdeps/unix/sysv/linux/x86_64/clone3.S:78\n"
~"\nThread 2 (Thread 0x7ffff79bf6c0 (LWP 2268710) \"qe-worker-0\"):\n"
~"#0  syscall () at ../sysdeps/unix/sysv/linux/x86_64/syscall.S:38\n#1  0x000055555ba4c877 in rayon_core::sleep::Sleep::sleep ()\n#2  0x000055555ba4c30b in rayon_core::registry::WorkerThread::wait_until_cold ()\n#3  0x000055555ba4bcd2 in std::sys::backtrace::__rust_begin_short_backtrace ()\n#4  0x000055555ba4ba3c in core::ops::function::FnOnce::call_once{{vtable.shim}} ()\n#5  0x000055555bd7502a in std::sys::thread::unix::Thread::new::thread_start ()\n#6  0x00007ffff7c9cb84 in start_thread (arg=<optimized out>) at ./nptl/pthread_create.c:447\n#7  0x00007ffff7d29ecc in clone3 () at ../sysdeps/unix/sysv/linux/x86_64/clone3.S:78\n"
~"\nThread 1 (Thread 0x7ffff7e8d100 (LWP 2268699) \"serial_frontier\"):\n"
~"#0  0x000055555b642742 in query_engine::execution::reserved_vec::ReservedVec<T>::try_extend_reserved ()\n#1  0x000055555b63fd15 in query_engine::planner::numeric::arithmetic ()\n#2  0x000055555b37a822 in query_engine::physical::operators::filter::evaluate_binary_op ()\n#3  0x000055555b4e4235 in query_engine::physical::operators::filter::evaluate_aggregate_inputs::eval ()\n#4  0x000055555b49f4b5 in query_engine::physical::morsel_agg::live_spill::execute::{{closure}} ()\n#5  0x000055555b4930c1 in <query_engine::physical::operators::spillable::SpillableHashAggregateExec as query_engine::physical::plan::PhysicalOperator>::execute::{{closure}} ()\n#6  0x000055555b632182 in <query_engine::physical::operators::project::ProjectExec as query_engine::physical::plan::PhysicalOperator>::execute::{{closure}} ()\n#7  0x000055555b4a7680 in query_engine::physical::operators::spillable::stream_merge_input_partitions::{{closure}} ()\n(More stack frames follow...)\n"
11^done
(gdb) 
12^running
*running,thread-id="all"
(gdb) 
13^done
(gdb) 
~"\nThread "
~"1 \"serial_frontier\" received signal SIGINT, Interrupt.\n"
~"syscall () at ../sysdeps/unix/sysv/linux/x86_64/syscall.S:38\n"
~"38\tin ../sysdeps/unix/sysv/linux/x86_64/syscall.S\n"
*stopped,reason="signal-received",signal-name="SIGINT",signal-meaning="Interrupt",frame={addr="0x00007ffff7d2752d",func="syscall",args=[],file="../sysdeps/unix/sysv/linux/x86_64/syscall.S",fullname="./misc/../sysdeps/unix/sysv/linux/x86_64/syscall.S",line="38",arch="i386:x86-64"},thread-id="1",stopped-threads="all",core="10"
~"\nThread 34 (Thread 0x7fff877fb6c0 (LWP 2268742) \"tokio-rt-worker\"):\n"
~"#0  syscall () at ../sysdeps/unix/sysv/linux/x86_64/syscall.S:38\n#1  0x000055555afdfe97 in parking_lot::condvar::Condvar::wait_until_internal ()\n#2  0x000055555bd86bfa in std::sys::backtrace::__rust_begin_short_backtrace ()\n#3  0x000055555bd89aea in core::ops::function::FnOnce::call_once{{vtable.shim}} ()\n#4  0x000055555bd7502a in std::sys::thread::unix::Thread::new::thread_start ()\n#5  0x00007ffff7c9cb84 in start_thread (arg=<optimized out>) at ./nptl/pthread_create.c:447\n#6  0x00007ffff7d29ecc in clone3 () at ../sysdeps/unix/sysv/linux/x86_64/clone3.S:78\n"
~"\nThread 33 (Thread 0x7fff879fc6c0 (LWP 2268741) \"tokio-rt-worker\"):\n"
~"#0  syscall () at ../sysdeps/unix/sysv/linux/x86_64/syscall.S:38\n#1  0x000055555afdfe39 in parking_lot::condvar::Condvar::wait_until_internal ()\n#2  0x000055555bd97d50 in tokio::runtime::scheduler::multi_thread::worker::Context::park_internal ()\n#3  0x000055555bd96fec in tokio::runtime::scheduler::multi_thread::worker::run ()\n#4  0x000055555bd9506d in tokio::runtime::task::raw::poll ()\n#5  0x000055555bd86b52 in std::sys::backtrace::__rust_begin_short_backtrace ()\n#6  0x000055555bd89aea in core::ops::function::FnOnce::call_once{{vtable.shim}} ()\n#7  0x000055555bd7502a in std::sys::thread::unix::Thread::new::thread_start ()\n(More stack frames follow...)\n"
~"\nThread 32 (Thread 0x7fff87bfd6c0 (LWP 2268740) \"tokio-rt-worker\"):\n"
~"#0  syscall () at ../sysdeps/unix/sysv/linux/x86_64/syscall.S:38\n#1  0x000055555afdfe39 in parking_lot::condvar::Condvar::wait_until_internal ()\n#2  0x000055555bd97d50 in tokio::runtime::scheduler::multi_thread::worker::Context::park_internal ()\n#3  0x000055555bd96fec in tokio::runtime::scheduler::multi_thread::worker::run ()\n#4  0x000055555bd9506d in tokio::runtime::task::raw::poll ()\n#5  0x000055555bd86b52 in std::sys::backtrace::__rust_begin_short_backtrace ()\n#6  0x000055555bd89aea in core::ops::function::FnOnce::call_once{{vtable.shim}} ()\n#7  0x000055555bd7502a in std::sys::thread::unix::Thread::new::thread_start ()\n(More stack frames follow...)\n"
~"\nThread 31 (Thread 0x7fff87dfe6c0 (LWP 2268739) \"tokio-rt-worker\"):\n"
~"#0  syscall () at ../sysdeps/unix/sysv/linux/x86_64/syscall.S:38\n#1  0x000055555afdfe39 in parking_lot::condvar::Condvar::wait_until_internal ()\n#2  0x000055555bd97d50 in tokio::runtime::scheduler::multi_thread::worker::Context::park_internal ()\n#3  0x000055555bd96fec in tokio::runtime::scheduler::multi_thread::worker::run ()\n#4  0x000055555bd9506d in tokio::runtime::task::raw::poll ()\n#5  0x000055555bd86b52 in std::sys::backtrace::__rust_begin_short_backtrace ()\n#6  0x000055555bd89aea in core::ops::function::FnOnce::call_once{{vtable.shim}} ()\n#7  0x000055555bd7502a in std::sys::thread::unix::Thread::new::thread_start ()\n(More stack frames follow...)\n"
~"\nThread 30 (Thread 0x7fff87fff6c0 (LWP 2268738) \"tokio-rt-worker\"):\n"
~"#0  syscall () at ../sysdeps/unix/sysv/linux/x86_64/syscall.S:38\n#1  0x000055555afdfe39 in parking_lot::condvar::Condvar::wait_until_internal ()\n#2  0x000055555bd97d50 in tokio::runtime::scheduler::multi_thread::worker::Context::park_internal ()\n#3  0x000055555bd96fec in tokio::runtime::scheduler::multi_thread::worker::run ()\n#4  0x000055555bd9506d in tokio::runtime::task::raw::poll ()\n#5  0x000055555bd86b52 in std::sys::backtrace::__rust_begin_short_backtrace ()\n#6  0x000055555bd89aea in core::ops::function::FnOnce::call_once{{vtable.shim}} ()\n#7  0x000055555bd7502a in std::sys::thread::unix::Thread::new::thread_start ()\n(More stack frames follow...)\n"
~"\nThread 29 (Thread 0x7ffff43a46c0 (LWP 2268737) \"tokio-rt-worker\"):\n"
~"#0  syscall () at ../sysdeps/unix/sysv/linux/x86_64/syscall.S:38\n#1  0x000055555afdfe39 in parking_lot::condvar::Condvar::wait_until_internal ()\n#2  0x000055555bd97d50 in tokio::runtime::scheduler::multi_thread::worker::Context::park_internal ()\n#3  0x000055555bd96fec in tokio::runtime::scheduler::multi_thread::worker::run ()\n#4  0x000055555bd9506d in tokio::runtime::task::raw::poll ()\n#5  0x000055555bd86b52 in std::sys::backtrace::__rust_begin_short_backtrace ()\n#6  0x000055555bd89aea in core::ops::function::FnOnce::call_once{{vtable.shim}} ()\n#7  0x000055555bd7502a in std::sys::thread::unix::Thread::new::thread_start ()\n(More stack frames follow...)\n"
~"\nThread 28 (Thread 0x7ffff45a56c0 (LWP 2268736) \"tokio-rt-worker\"):\n"
~"#0  syscall () at ../sysdeps/unix/sysv/linux/x86_64/syscall.S:38\n#1  0x000055555afdfe39 in parking_lot::condvar::Condvar::wait_until_internal ()\n#2  0x000055555bd97d50 in tokio::runtime::scheduler::multi_thread::worker::Context::park_internal ()\n#3  0x000055555bd96fec in tokio::runtime::scheduler::multi_thread::worker::run ()\n#4  0x000055555bd9506d in tokio::runtime::task::raw::poll ()\n#5  0x000055555bd86b52 in std::sys::backtrace::__rust_begin_short_backtrace ()\n#6  0x000055555bd89aea in core::ops::function::FnOnce::call_once{{vtable.shim}} ()\n#7  0x000055555bd7502a in std::sys::thread::unix::Thread::new::thread_start ()\n(More stack frames follow...)\n"
~"\nThread 27 (Thread 0x7ffff47a66c0 (LWP 2268735) \"tokio-rt-worker\"):\n"
~"#0  syscall () at ../sysdeps/unix/sysv/linux/x86_64/syscall.S:38\n#1  0x000055555afdfe39 in parking_lot::condvar::Condvar::wait_until_internal ()\n#2  0x000055555bd97d50 in tokio::runtime::scheduler::multi_thread::worker::Context::park_internal ()\n#3  0x000055555bd96fec in tokio::runtime::scheduler::multi_thread::worker::run ()\n#4  0x000055555bd9506d in tokio::runtime::task::raw::poll ()\n#5  0x000055555bd86b52 in std::sys::backtrace::__rust_begin_short_backtrace ()\n#6  0x000055555bd89aea in core::ops::function::FnOnce::call_once{{vtable.shim}} ()\n#7  0x000055555bd7502a in std::sys::thread::unix::Thread::new::thread_start ()\n(More stack frames follow...)\n"
~"\nThread 26 (Thread 0x7ffff49a76c0 (LWP 2268734) \"tokio-rt-worker\"):\n"
~"#0  syscall () at ../sysdeps/unix/sysv/linux/x86_64/syscall.S:38\n#1  0x000055555afdfe39 in parking_lot::condvar::Condvar::wait_until_internal ()\n#2  0x000055555bd97d50 in tokio::runtime::scheduler::multi_thread::worker::Context::park_internal ()\n#3  0x000055555bd96fec in tokio::runtime::scheduler::multi_thread::worker::run ()\n#4  0x000055555bd9506d in tokio::runtime::task::raw::poll ()\n#5  0x000055555bd86b52 in std::sys::backtrace::__rust_begin_short_backtrace ()\n#6  0x000055555bd89aea in core::ops::function::FnOnce::call_once{{vtable.shim}} ()\n#7  0x000055555bd7502a in std::sys::thread::unix::Thread::new::thread_start ()\n(More stack frames follow...)\n"
~"\nThread 25 (Thread 0x7ffff4ba86c0 (LWP 2268733) \"tokio-rt-worker\"):\n"
~"#0  syscall () at ../sysdeps/unix/sysv/linux/x86_64/syscall.S:38\n#1  0x000055555afdfe39 in parking_lot::condvar::Condvar::wait_until_internal ()\n#2  0x000055555bd97d50 in tokio::runtime::scheduler::multi_thread::worker::Context::park_internal ()\n#3  0x000055555bd96fec in tokio::runtime::scheduler::multi_thread::worker::run ()\n#4  0x000055555bd9506d in tokio::runtime::task::raw::poll ()\n#5  0x000055555bd86b52 in std::sys::backtrace::__rust_begin_short_backtrace ()\n#6  0x000055555bd89aea in core::ops::function::FnOnce::call_once{{vtable.shim}} ()\n#7  0x000055555bd7502a in std::sys::thread::unix::Thread::new::thread_start ()\n(More stack frames follow...)\n"
~"\nThread 24 (Thread 0x7ffff4da96c0 (LWP 2268732) \"tokio-rt-worker\"):\n"
~"#0  syscall () at ../sysdeps/unix/sysv/linux/x86_64/syscall.S:38\n#1  0x000055555afdfe39 in parking_lot::condvar::Condvar::wait_until_internal ()\n#2  0x000055555bd97d50 in tokio::runtime::scheduler::multi_thread::worker::Context::park_internal ()\n#3  0x000055555bd96fec in tokio::runtime::scheduler::multi_thread::worker::run ()\n#4  0x000055555bd9506d in tokio::runtime::task::raw::poll ()\n#5  0x000055555bd86b52 in std::sys::backtrace::__rust_begin_short_backtrace ()\n#6  0x000055555bd89aea in core::ops::function::FnOnce::call_once{{vtable.shim}} ()\n#7  0x000055555bd7502a in std::sys::thread::unix::Thread::new::thread_start ()\n(More stack frames follow...)\n"
~"\nThread 23 (Thread 0x7ffff4faa6c0 (LWP 2268731) \"tokio-rt-worker\"):\n"
~"#0  syscall () at ../sysdeps/unix/sysv/linux/x86_64/syscall.S:38\n#1  0x000055555afdfe39 in parking_lot::condvar::Condvar::wait_until_internal ()\n#2  0x000055555bd97d50 in tokio::runtime::scheduler::multi_thread::worker::Context::park_internal ()\n#3  0x000055555bd96fec in tokio::runtime::scheduler::multi_thread::worker::run ()\n#4  0x000055555bd9506d in tokio::runtime::task::raw::poll ()\n#5  0x000055555bd86b52 in std::sys::backtrace::__rust_begin_short_backtrace ()\n#6  0x000055555bd89aea in core::ops::function::FnOnce::call_once{{vtable.shim}} ()\n#7  0x000055555bd7502a in std::sys::thread::unix::Thread::new::thread_start ()\n(More stack frames follow...)\n"
~"\nThread 22 (Thread 0x7ffff51ab6c0 (LWP 2268730) \"tokio-rt-worker\"):\n"
~"#0  syscall () at ../sysdeps/unix/sysv/linux/x86_64/syscall.S:38\n#1  0x000055555afdfe39 in parking_lot::condvar::Condvar::wait_until_internal ()\n#2  0x000055555bd97d50 in tokio::runtime::scheduler::multi_thread::worker::Context::park_internal ()\n#3  0x000055555bd96fec in tokio::runtime::scheduler::multi_thread::worker::run ()\n#4  0x000055555bd9506d in tokio::runtime::task::raw::poll ()\n#5  0x000055555bd86b52 in std::sys::backtrace::__rust_begin_short_backtrace ()\n#6  0x000055555bd89aea in core::ops::function::FnOnce::call_once{{vtable.shim}} ()\n#7  0x000055555bd7502a in std::sys::thread::unix::Thread::new::thread_start ()\n(More stack frames follow...)\n"
~"\nThread 21 (Thread 0x7ffff53ac6c0 (LWP 2268729) \"tokio-rt-worker\"):\n"
~"#0  syscall () at ../sysdeps/unix/sysv/linux/x86_64/syscall.S:38\n#1  0x000055555afdfe39 in parking_lot::condvar::Condvar::wait_until_internal ()\n#2  0x000055555bd97d50 in tokio::runtime::scheduler::multi_thread::worker::Context::park_internal ()\n#3  0x000055555bd96fec in tokio::runtime::scheduler::multi_thread::worker::run ()\n#4  0x000055555bd9506d in tokio::runtime::task::raw::poll ()\n#5  0x000055555bd86b52 in std::sys::backtrace::__rust_begin_short_backtrace ()\n#6  0x000055555bd89aea in core::ops::function::FnOnce::call_once{{vtable.shim}} ()\n#7  0x000055555bd7502a in std::sys::thread::unix::Thread::new::thread_start ()\n(More stack frames follow...)\n"
~"\nThread 20 (Thread 0x7ffff55ad6c0 (LWP 2268728) \"tokio-rt-worker\"):\n"
~"#0  syscall () at ../sysdeps/unix/sysv/linux/x86_64/syscall.S:38\n#1  0x000055555afdfe39 in parking_lot::condvar::Condvar::wait_until_internal ()\n#2  0x000055555bd97d50 in tokio::runtime::scheduler::multi_thread::worker::Context::park_internal ()\n#3  0x000055555bd96fec in tokio::runtime::scheduler::multi_thread::worker::run ()\n#4  0x000055555bd9506d in tokio::runtime::task::raw::poll ()\n#5  0x000055555bd86b52 in std::sys::backtrace::__rust_begin_short_backtrace ()\n#6  0x000055555bd89aea in core::ops::function::FnOnce::call_once{{vtable.shim}} ()\n#7  0x000055555bd7502a in std::sys::thread::unix::Thread::new::thread_start ()\n(More stack frames follow...)\n"
~"\nThread 19 (Thread 0x7ffff57ae6c0 (LWP 2268727) \"tokio-rt-worker\"):\n"
~"#0  syscall () at ../sysdeps/unix/sysv/linux/x86_64/syscall.S:38\n#1  0x000055555afdfe39 in parking_lot::condvar::Condvar::wait_until_internal ()\n#2  0x000055555bd97d50 in tokio::runtime::scheduler::multi_thread::worker::Context::park_internal ()\n#3  0x000055555bd96fec in tokio::runtime::scheduler::multi_thread::worker::run ()\n#4  0x000055555bd9506d in tokio::runtime::task::raw::poll ()\n#5  0x000055555bd86b52 in std::sys::backtrace::__rust_begin_short_backtrace ()\n#6  0x000055555bd89aea in core::ops::function::FnOnce::call_once{{vtable.shim}} ()\n#7  0x000055555bd7502a in std::sys::thread::unix::Thread::new::thread_start ()\n(More stack frames follow...)\n"
~"\nThread 18 (Thread 0x7ffff59af6c0 (LWP 2268726) \"tokio-rt-worker\"):\n"
~"#0  0x00007ffff7d2a2d2 in epoll_wait (epfd=3, events=0x36f6e300000, maxevents=1024, timeout=-1) at ../sysdeps/unix/sysv/linux/epoll_wait.c:30\n#1  0x000055555bd994ae in tokio::runtime::io::driver::Driver::turn ()\n#2  0x000055555bd9919d in tokio::runtime::time::Driver::park_internal ()\n#3  0x000055555bd97b94 in tokio::runtime::scheduler::multi_thread::worker::Context::park_internal ()\n#4  0x000055555bd96fec in tokio::runtime::scheduler::multi_thread::worker::run ()\n#5  0x000055555bd9506d in tokio::runtime::task::raw::poll ()\n#6  0x000055555bd86b52 in std::sys::backtrace::__rust_begin_short_backtrace ()\n#7  0x000055555bd89aea in core::ops::function::FnOnce::call_once{{vtable.shim}} ()\n(More stack frames follow...)\n"
~"\nThread 17 (Thread 0x7ffff5bb06c0 (LWP 2268725) \"qe-worker-15\"):\n"
~"#0  syscall () at ../sysdeps/unix/sysv/linux/x86_64/syscall.S:38\n#1  0x000055555ba4c877 in rayon_core::sleep::Sleep::sleep ()\n#2  0x000055555ba4c30b in rayon_core::registry::WorkerThread::wait_until_cold ()\n#3  0x000055555ba4bcd2 in std::sys::backtrace::__rust_begin_short_backtrace ()\n#4  0x000055555ba4ba3c in core::ops::function::FnOnce::call_once{{vtable.shim}} ()\n#5  0x000055555bd7502a in std::sys::thread::unix::Thread::new::thread_start ()\n#6  0x00007ffff7c9cb84 in start_thread (arg=<optimized out>) at ./nptl/pthread_create.c:447\n#7  0x00007ffff7d29ecc in clone3 () at ../sysdeps/unix/sysv/linux/x86_64/clone3.S:78\n"
~"\nThread 16 (Thread 0x7ffff5db16c0 (LWP 2268724) \"qe-worker-14\"):\n"
~"#0  syscall () at ../sysdeps/unix/sysv/linux/x86_64/syscall.S:38\n#1  0x000055555ba4c877 in rayon_core::sleep::Sleep::sleep ()\n#2  0x000055555ba4c30b in rayon_core::registry::WorkerThread::wait_until_cold ()\n#3  0x000055555ba4bcd2 in std::sys::backtrace::__rust_begin_short_backtrace ()\n#4  0x000055555ba4ba3c in core::ops::function::FnOnce::call_once{{vtable.shim}} ()\n#5  0x000055555bd7502a in std::sys::thread::unix::Thread::new::thread_start ()\n#6  0x00007ffff7c9cb84 in start_thread (arg=<optimized out>) at ./nptl/pthread_create.c:447\n#7  0x00007ffff7d29ecc in clone3 () at ../sysdeps/unix/sysv/linux/x86_64/clone3.S:78\n"
~"\nThread 15 (Thread 0x7ffff5fb26c0 (LWP 2268723) \"qe-worker-13\"):\n"
~"#0  syscall () at ../sysdeps/unix/sysv/linux/x86_64/syscall.S:38\n#1  0x000055555ba4c877 in rayon_core::sleep::Sleep::sleep ()\n#2  0x000055555ba4c30b in rayon_core::registry::WorkerThread::wait_until_cold ()\n#3  0x000055555ba4bcd2 in std::sys::backtrace::__rust_begin_short_backtrace ()\n#4  0x000055555ba4ba3c in core::ops::function::FnOnce::call_once{{vtable.shim}} ()\n#5  0x000055555bd7502a in std::sys::thread::unix::Thread::new::thread_start ()\n#6  0x00007ffff7c9cb84 in start_thread (arg=<optimized out>) at ./nptl/pthread_create.c:447\n#7  0x00007ffff7d29ecc in clone3 () at ../sysdeps/unix/sysv/linux/x86_64/clone3.S:78\n"
~"\nThread 14 (Thread 0x7ffff61b36c0 (LWP 2268722) \"qe-worker-12\"):\n"
~"#0  syscall () at ../sysdeps/unix/sysv/linux/x86_64/syscall.S:38\n#1  0x000055555ba4c877 in rayon_core::sleep::Sleep::sleep ()\n#2  0x000055555ba4c30b in rayon_core::registry::WorkerThread::wait_until_cold ()\n#3  0x000055555ba4bcd2 in std::sys::backtrace::__rust_begin_short_backtrace ()\n#4  0x000055555ba4ba3c in core::ops::function::FnOnce::call_once{{vtable.shim}} ()\n#5  0x000055555bd7502a in std::sys::thread::unix::Thread::new::thread_start ()\n#6  0x00007ffff7c9cb84 in start_thread (arg=<optimized out>) at ./nptl/pthread_create.c:447\n#7  0x00007ffff7d29ecc in clone3 () at ../sysdeps/unix/sysv/linux/x86_64/clone3.S:78\n"
~"\nThread 13 (Thread 0x7ffff63b46c0 (LWP 2268721) \"qe-worker-11\"):\n"
~"#0  syscall () at ../sysdeps/unix/sysv/linux/x86_64/syscall.S:38\n#1  0x000055555ba4c877 in rayon_core::sleep::Sleep::sleep ()\n#2  0x000055555ba4c30b in rayon_core::registry::WorkerThread::wait_until_cold ()\n#3  0x000055555ba4bcd2 in std::sys::backtrace::__rust_begin_short_backtrace ()\n#4  0x000055555ba4ba3c in core::ops::function::FnOnce::call_once{{vtable.shim}} ()\n#5  0x000055555bd7502a in std::sys::thread::unix::Thread::new::thread_start ()\n#6  0x00007ffff7c9cb84 in start_thread (arg=<optimized out>) at ./nptl/pthread_create.c:447\n#7  0x00007ffff7d29ecc in clone3 () at ../sysdeps/unix/sysv/linux/x86_64/clone3.S:78\n"
~"\nThread 12 (Thread 0x7ffff65b56c0 (LWP 2268720) \"qe-worker-10\"):\n"
~"#0  syscall () at ../sysdeps/unix/sysv/linux/x86_64/syscall.S:38\n#1  0x000055555ba4c877 in rayon_core::sleep::Sleep::sleep ()\n#2  0x000055555ba4c30b in rayon_core::registry::WorkerThread::wait_until_cold ()\n#3  0x000055555ba4bcd2 in std::sys::backtrace::__rust_begin_short_backtrace ()\n#4  0x000055555ba4ba3c in core::ops::function::FnOnce::call_once{{vtable.shim}} ()\n#5  0x000055555bd7502a in std::sys::thread::unix::Thread::new::thread_start ()\n#6  0x00007ffff7c9cb84 in start_thread (arg=<optimized out>) at ./nptl/pthread_create.c:447\n#7  0x00007ffff7d29ecc in clone3 () at ../sysdeps/unix/sysv/linux/x86_64/clone3.S:78\n"
~"\nThread 11 (Thread 0x7ffff67b66c0 (LWP 2268719) \"qe-worker-9\"):\n"
~"#0  syscall () at ../sysdeps/unix/sysv/linux/x86_64/syscall.S:38\n#1  0x000055555ba4c877 in rayon_core::sleep::Sleep::sleep ()\n#2  0x000055555ba4c30b in rayon_core::registry::WorkerThread::wait_until_cold ()\n#3  0x000055555ba4bcd2 in std::sys::backtrace::__rust_begin_short_backtrace ()\n#4  0x000055555ba4ba3c in core::ops::function::FnOnce::call_once{{vtable.shim}} ()\n#5  0x000055555bd7502a in std::sys::thread::unix::Thread::new::thread_start ()\n#6  0x00007ffff7c9cb84 in start_thread (arg=<optimized out>) at ./nptl/pthread_create.c:447\n#7  0x00007ffff7d29ecc in clone3 () at ../sysdeps/unix/sysv/linux/x86_64/clone3.S:78\n"
~"\nThread 10 (Thread 0x7ffff69b76c0 (LWP 2268718) \"qe-worker-8\"):\n"
~"#0  syscall () at ../sysdeps/unix/sysv/linux/x86_64/syscall.S:38\n#1  0x000055555ba4c877 in rayon_core::sleep::Sleep::sleep ()\n#2  0x000055555ba4c30b in rayon_core::registry::WorkerThread::wait_until_cold ()\n#3  0x000055555ba4bcd2 in std::sys::backtrace::__rust_begin_short_backtrace ()\n#4  0x000055555ba4ba3c in core::ops::function::FnOnce::call_once{{vtable.shim}} ()\n#5  0x000055555bd7502a in std::sys::thread::unix::Thread::new::thread_start ()\n#6  0x00007ffff7c9cb84 in start_thread (arg=<optimized out>) at ./nptl/pthread_create.c:447\n#7  0x00007ffff7d29ecc in clone3 () at ../sysdeps/unix/sysv/linux/x86_64/clone3.S:78\n"
~"\nThread 9 (Thread 0x7ffff6bb86c0 (LWP 2268717) \"qe-worker-7\"):\n"
~"#0  syscall () at ../sysdeps/unix/sysv/linux/x86_64/syscall.S:38\n#1  0x000055555ba4c877 in rayon_core::sleep::Sleep::sleep ()\n#2  0x000055555ba4c30b in rayon_core::registry::WorkerThread::wait_until_cold ()\n#3  0x000055555ba4bcd2 in std::sys::backtrace::__rust_begin_short_backtrace ()\n#4  0x000055555ba4ba3c in core::ops::function::FnOnce::call_once{{vtable.shim}} ()\n#5  0x000055555bd7502a in std::sys::thread::unix::Thread::new::thread_start ()\n#6  0x00007ffff7c9cb84 in start_thread (arg=<optimized out>) at ./nptl/pthread_create.c:447\n#7  0x00007ffff7d29ecc in clone3 () at ../sysdeps/unix/sysv/linux/x86_64/clone3.S:78\n"
~"\nThread 8 (Thread 0x7ffff6db96c0 (LWP 2268716) \"qe-worker-6\"):\n"
~"#0  syscall () at ../sysdeps/unix/sysv/linux/x86_64/syscall.S:38\n#1  0x000055555ba4c877 in rayon_core::sleep::Sleep::sleep ()\n#2  0x000055555ba4c30b in rayon_core::registry::WorkerThread::wait_until_cold ()\n#3  0x000055555ba4bcd2 in std::sys::backtrace::__rust_begin_short_backtrace ()\n#4  0x000055555ba4ba3c in core::ops::function::FnOnce::call_once{{vtable.shim}} ()\n#5  0x000055555bd7502a in std::sys::thread::unix::Thread::new::thread_start ()\n#6  0x00007ffff7c9cb84 in start_thread (arg=<optimized out>) at ./nptl/pthread_create.c:447\n#7  0x00007ffff7d29ecc in clone3 () at ../sysdeps/unix/sysv/linux/x86_64/clone3.S:78\n"
~"\nThread 7 (Thread 0x7ffff6fba6c0 (LWP 2268715) \"qe-worker-5\"):\n"
~"#0  syscall () at ../sysdeps/unix/sysv/linux/x86_64/syscall.S:38\n#1  0x000055555ba4c877 in rayon_core::sleep::Sleep::sleep ()\n#2  0x000055555ba4c30b in rayon_core::registry::WorkerThread::wait_until_cold ()\n#3  0x000055555ba4bcd2 in std::sys::backtrace::__rust_begin_short_backtrace ()\n#4  0x000055555ba4ba3c in core::ops::function::FnOnce::call_once{{vtable.shim}} ()\n#5  0x000055555bd7502a in std::sys::thread::unix::Thread::new::thread_start ()\n#6  0x00007ffff7c9cb84 in start_thread (arg=<optimized out>) at ./nptl/pthread_create.c:447\n#7  0x00007ffff7d29ecc in clone3 () at ../sysdeps/unix/sysv/linux/x86_64/clone3.S:78\n"
~"\nThread 6 (Thread 0x7ffff71bb6c0 (LWP 2268714) \"qe-worker-4\"):\n"
~"#0  syscall () at ../sysdeps/unix/sysv/linux/x86_64/syscall.S:38\n#1  0x000055555ba4c877 in rayon_core::sleep::Sleep::sleep ()\n#2  0x000055555ba4c30b in rayon_core::registry::WorkerThread::wait_until_cold ()\n#3  0x000055555ba4bcd2 in std::sys::backtrace::__rust_begin_short_backtrace ()\n#4  0x000055555ba4ba3c in core::ops::function::FnOnce::call_once{{vtable.shim}} ()\n#5  0x000055555bd7502a in std::sys::thread::unix::Thread::new::thread_start ()\n#6  0x00007ffff7c9cb84 in start_thread (arg=<optimized out>) at ./nptl/pthread_create.c:447\n#7  0x00007ffff7d29ecc in clone3 () at ../sysdeps/unix/sysv/linux/x86_64/clone3.S:78\n"
~"\nThread 5 (Thread 0x7ffff73bc6c0 (LWP 2268713) \"qe-worker-3\"):\n"
~"#0  syscall () at ../sysdeps/unix/sysv/linux/x86_64/syscall.S:38\n#1  0x000055555ba4c877 in rayon_core::sleep::Sleep::sleep ()\n#2  0x000055555ba4c30b in rayon_core::registry::WorkerThread::wait_until_cold ()\n#3  0x000055555ba4bcd2 in std::sys::backtrace::__rust_begin_short_backtrace ()\n#4  0x000055555ba4ba3c in core::ops::function::FnOnce::call_once{{vtable.shim}} ()\n#5  0x000055555bd7502a in std::sys::thread::unix::Thread::new::thread_start ()\n#6  0x00007ffff7c9cb84 in start_thread (arg=<optimized out>) at ./nptl/pthread_create.c:447\n#7  0x00007ffff7d29ecc in clone3 () at ../sysdeps/unix/sysv/linux/x86_64/clone3.S:78\n"
~"\nThread 4 (Thread 0x7ffff75bd6c0 (LWP 2268712) \"qe-worker-2\"):\n"
~"#0  syscall () at ../sysdeps/unix/sysv/linux/x86_64/syscall.S:38\n#1  0x000055555ba4c877 in rayon_core::sleep::Sleep::sleep ()\n#2  0x000055555ba4c30b in rayon_core::registry::WorkerThread::wait_until_cold ()\n#3  0x000055555ba4bcd2 in std::sys::backtrace::__rust_begin_short_backtrace ()\n#4  0x000055555ba4ba3c in core::ops::function::FnOnce::call_once{{vtable.shim}} ()\n#5  0x000055555bd7502a in std::sys::thread::unix::Thread::new::thread_start ()\n#6  0x00007ffff7c9cb84 in start_thread (arg=<optimized out>) at ./nptl/pthread_create.c:447\n#7  0x00007ffff7d29ecc in clone3 () at ../sysdeps/unix/sysv/linux/x86_64/clone3.S:78\n"
~"\nThread 3 (Thread 0x7ffff77be6c0 (LWP 2268711) \"qe-worker-1\"):\n"
~"#0  syscall () at ../sysdeps/unix/sysv/linux/x86_64/syscall.S:38\n#1  0x000055555ba4c877 in rayon_core::sleep::Sleep::sleep ()\n#2  0x000055555ba4c30b in rayon_core::registry::WorkerThread::wait_until_cold ()\n#3  0x000055555ba4bcd2 in std::sys::backtrace::__rust_begin_short_backtrace ()\n#4  0x000055555ba4ba3c in core::ops::function::FnOnce::call_once{{vtable.shim}} ()\n#5  0x000055555bd7502a in std::sys::thread::unix::Thread::new::thread_start ()\n#6  0x00007ffff7c9cb84 in start_thread (arg=<optimized out>) at ./nptl/pthread_create.c:447\n#7  0x00007ffff7d29ecc in clone3 () at ../sysdeps/unix/sysv/linux/x86_64/clone3.S:78\n"
~"\nThread 2 (Thread 0x7ffff79bf6c0 (LWP 2268710) \"qe-worker-0\"):\n"
~"#0  syscall () at ../sysdeps/unix/sysv/linux/x86_64/syscall.S:38\n#1  0x000055555ba4c877 in rayon_core::sleep::Sleep::sleep ()\n#2  0x000055555ba4c30b in rayon_core::registry::WorkerThread::wait_until_cold ()\n#3  0x000055555ba4bcd2 in std::sys::backtrace::__rust_begin_short_backtrace ()\n#4  0x000055555ba4ba3c in core::ops::function::FnOnce::call_once{{vtable.shim}} ()\n#5  0x000055555bd7502a in std::sys::thread::unix::Thread::new::thread_start ()\n#6  0x00007ffff7c9cb84 in start_thread (arg=<optimized out>) at ./nptl/pthread_create.c:447\n#7  0x00007ffff7d29ecc in clone3 () at ../sysdeps/unix/sysv/linux/x86_64/clone3.S:78\n"
~"\nThread 1 (Thread 0x7ffff7e8d100 (LWP 2268699) \"serial_frontier\"):\n"
~"#0  syscall () at ../sysdeps/unix/sysv/linux/x86_64/syscall.S:38\n#1  0x000055555ba4d835 in rayon_core::latch::LockLatch::wait_and_reset ()\n#2  0x000055555b5304f3 in rayon_core::registry::Registry::in_worker_cold ()\n#3  0x000055555b526cfa in rayon::iter::plumbing::bridge_producer_consumer::helper ()\n#4  0x000055555b4a2d45 in query_engine::physical::morsel_agg::live_spill::execute::{{closure}} ()\n#5  0x000055555b4930c1 in <query_engine::physical::operators::spillable::SpillableHashAggregateExec as query_engine::physical::plan::PhysicalOperator>::execute::{{closure}} ()\n#6  0x000055555b632182 in <query_engine::physical::operators::project::ProjectExec as query_engine::physical::plan::PhysicalOperator>::execute::{{closure}} ()\n#7  0x000055555b4a7680 in query_engine::physical::operators::spillable::stream_merge_input_partitions::{{closure}} ()\n(More stack frames follow...)\n"
14^done
(gdb) 
15^running
*running,thread-id="all"
(gdb) 
16^done
(gdb) 
~"\nThread "
~"1 \"serial_frontier\" received signal SIGINT, Interrupt.\n"
~"syscall () at ../sysdeps/unix/sysv/linux/x86_64/syscall.S:38\n"
~"38\tin ../sysdeps/unix/sysv/linux/x86_64/syscall.S\n"
*stopped,reason="signal-received",signal-name="SIGINT",signal-meaning="Interrupt",frame={addr="0x00007ffff7d2752d",func="syscall",args=[],file="../sysdeps/unix/sysv/linux/x86_64/syscall.S",fullname="./misc/../sysdeps/unix/sysv/linux/x86_64/syscall.S",line="38",arch="i386:x86-64"},thread-id="1",stopped-threads="all",core="11"
~"\nThread 34 (Thread 0x7fff877fb6c0 (LWP 2268742) \"tokio-rt-worker\"):\n"
~"#0  syscall () at ../sysdeps/unix/sysv/linux/x86_64/syscall.S:38\n#1  0x000055555afdfe97 in parking_lot::condvar::Condvar::wait_until_internal ()\n#2  0x000055555bd86bfa in std::sys::backtrace::__rust_begin_short_backtrace ()\n#3  0x000055555bd89aea in core::ops::function::FnOnce::call_once{{vtable.shim}} ()\n#4  0x000055555bd7502a in std::sys::thread::unix::Thread::new::thread_start ()\n#5  0x00007ffff7c9cb84 in start_thread (arg=<optimized out>) at ./nptl/pthread_create.c:447\n#6  0x00007ffff7d29ecc in clone3 () at ../sysdeps/unix/sysv/linux/x86_64/clone3.S:78\n"
~"\nThread 33 (Thread 0x7fff879fc6c0 (LWP 2268741) \"tokio-rt-worker\"):\n"
~"#0  syscall () at ../sysdeps/unix/sysv/linux/x86_64/syscall.S:38\n#1  0x000055555afdfe39 in parking_lot::condvar::Condvar::wait_until_internal ()\n#2  0x000055555bd97d50 in tokio::runtime::scheduler::multi_thread::worker::Context::park_internal ()\n#3  0x000055555bd96fec in tokio::runtime::scheduler::multi_thread::worker::run ()\n#4  0x000055555bd9506d in tokio::runtime::task::raw::poll ()\n#5  0x000055555bd86b52 in std::sys::backtrace::__rust_begin_short_backtrace ()\n#6  0x000055555bd89aea in core::ops::function::FnOnce::call_once{{vtable.shim}} ()\n#7  0x000055555bd7502a in std::sys::thread::unix::Thread::new::thread_start ()\n(More stack frames follow...)\n"
~"\nThread 32 (Thread 0x7fff87bfd6c0 (LWP 2268740) \"tokio-rt-worker\"):\n"
~"#0  syscall () at ../sysdeps/unix/sysv/linux/x86_64/syscall.S:38\n#1  0x000055555afdfe39 in parking_lot::condvar::Condvar::wait_until_internal ()\n#2  0x000055555bd97d50 in tokio::runtime::scheduler::multi_thread::worker::Context::park_internal ()\n#3  0x000055555bd96fec in tokio::runtime::scheduler::multi_thread::worker::run ()\n#4  0x000055555bd9506d in tokio::runtime::task::raw::poll ()\n#5  0x000055555bd86b52 in std::sys::backtrace::__rust_begin_short_backtrace ()\n#6  0x000055555bd89aea in core::ops::function::FnOnce::call_once{{vtable.shim}} ()\n#7  0x000055555bd7502a in std::sys::thread::unix::Thread::new::thread_start ()\n(More stack frames follow...)\n"
~"\nThread 31 (Thread 0x7fff87dfe6c0 (LWP 2268739) \"tokio-rt-worker\"):\n"
~"#0  syscall () at ../sysdeps/unix/sysv/linux/x86_64/syscall.S:38\n#1  0x000055555afdfe39 in parking_lot::condvar::Condvar::wait_until_internal ()\n#2  0x000055555bd97d50 in tokio::runtime::scheduler::multi_thread::worker::Context::park_internal ()\n#3  0x000055555bd96fec in tokio::runtime::scheduler::multi_thread::worker::run ()\n#4  0x000055555bd9506d in tokio::runtime::task::raw::poll ()\n#5  0x000055555bd86b52 in std::sys::backtrace::__rust_begin_short_backtrace ()\n#6  0x000055555bd89aea in core::ops::function::FnOnce::call_once{{vtable.shim}} ()\n#7  0x000055555bd7502a in std::sys::thread::unix::Thread::new::thread_start ()\n(More stack frames follow...)\n"
~"\nThread 30 (Thread 0x7fff87fff6c0 (LWP 2268738) \"tokio-rt-worker\"):\n"
~"#0  syscall () at ../sysdeps/unix/sysv/linux/x86_64/syscall.S:38\n#1  0x000055555afdfe39 in parking_lot::condvar::Condvar::wait_until_internal ()\n#2  0x000055555bd97d50 in tokio::runtime::scheduler::multi_thread::worker::Context::park_internal ()\n#3  0x000055555bd96fec in tokio::runtime::scheduler::multi_thread::worker::run ()\n#4  0x000055555bd9506d in tokio::runtime::task::raw::poll ()\n#5  0x000055555bd86b52 in std::sys::backtrace::__rust_begin_short_backtrace ()\n#6  0x000055555bd89aea in core::ops::function::FnOnce::call_once{{vtable.shim}} ()\n#7  0x000055555bd7502a in std::sys::thread::unix::Thread::new::thread_start ()\n(More stack frames follow...)\n"
~"\nThread 29 (Thread 0x7ffff43a46c0 (LWP 2268737) \"tokio-rt-worker\"):\n"
~"#0  syscall () at ../sysdeps/unix/sysv/linux/x86_64/syscall.S:38\n#1  0x000055555afdfe39 in parking_lot::condvar::Condvar::wait_until_internal ()\n#2  0x000055555bd97d50 in tokio::runtime::scheduler::multi_thread::worker::Context::park_internal ()\n#3  0x000055555bd96fec in tokio::runtime::scheduler::multi_thread::worker::run ()\n#4  0x000055555bd9506d in tokio::runtime::task::raw::poll ()\n#5  0x000055555bd86b52 in std::sys::backtrace::__rust_begin_short_backtrace ()\n#6  0x000055555bd89aea in core::ops::function::FnOnce::call_once{{vtable.shim}} ()\n#7  0x000055555bd7502a in std::sys::thread::unix::Thread::new::thread_start ()\n(More stack frames follow...)\n"
~"\nThread 28 (Thread 0x7ffff45a56c0 (LWP 2268736) \"tokio-rt-worker\"):\n"
~"#0  syscall () at ../sysdeps/unix/sysv/linux/x86_64/syscall.S:38\n#1  0x000055555afdfe39 in parking_lot::condvar::Condvar::wait_until_internal ()\n#2  0x000055555bd97d50 in tokio::runtime::scheduler::multi_thread::worker::Context::park_internal ()\n#3  0x000055555bd96fec in tokio::runtime::scheduler::multi_thread::worker::run ()\n#4  0x000055555bd9506d in tokio::runtime::task::raw::poll ()\n#5  0x000055555bd86b52 in std::sys::backtrace::__rust_begin_short_backtrace ()\n#6  0x000055555bd89aea in core::ops::function::FnOnce::call_once{{vtable.shim}} ()\n#7  0x000055555bd7502a in std::sys::thread::unix::Thread::new::thread_start ()\n(More stack frames follow...)\n"
~"\nThread 27 (Thread 0x7ffff47a66c0 (LWP 2268735) \"tokio-rt-worker\"):\n"
~"#0  syscall () at ../sysdeps/unix/sysv/linux/x86_64/syscall.S:38\n#1  0x000055555afdfe39 in parking_lot::condvar::Condvar::wait_until_internal ()\n#2  0x000055555bd97d50 in tokio::runtime::scheduler::multi_thread::worker::Context::park_internal ()\n#3  0x000055555bd96fec in tokio::runtime::scheduler::multi_thread::worker::run ()\n#4  0x000055555bd9506d in tokio::runtime::task::raw::poll ()\n#5  0x000055555bd86b52 in std::sys::backtrace::__rust_begin_short_backtrace ()\n#6  0x000055555bd89aea in core::ops::function::FnOnce::call_once{{vtable.shim}} ()\n#7  0x000055555bd7502a in std::sys::thread::unix::Thread::new::thread_start ()\n(More stack frames follow...)\n"
~"\nThread 26 (Thread 0x7ffff49a76c0 (LWP 2268734) \"tokio-rt-worker\"):\n"
~"#0  syscall () at ../sysdeps/unix/sysv/linux/x86_64/syscall.S:38\n#1  0x000055555afdfe39 in parking_lot::condvar::Condvar::wait_until_internal ()\n#2  0x000055555bd97d50 in tokio::runtime::scheduler::multi_thread::worker::Context::park_internal ()\n#3  0x000055555bd96fec in tokio::runtime::scheduler::multi_thread::worker::run ()\n#4  0x000055555bd9506d in tokio::runtime::task::raw::poll ()\n#5  0x000055555bd86b52 in std::sys::backtrace::__rust_begin_short_backtrace ()\n#6  0x000055555bd89aea in core::ops::function::FnOnce::call_once{{vtable.shim}} ()\n#7  0x000055555bd7502a in std::sys::thread::unix::Thread::new::thread_start ()\n(More stack frames follow...)\n"
~"\nThread 25 (Thread 0x7ffff4ba86c0 (LWP 2268733) \"tokio-rt-worker\"):\n"
~"#0  syscall () at ../sysdeps/unix/sysv/linux/x86_64/syscall.S:38\n#1  0x000055555afdfe39 in parking_lot::condvar::Condvar::wait_until_internal ()\n#2  0x000055555bd97d50 in tokio::runtime::scheduler::multi_thread::worker::Context::park_internal ()\n#3  0x000055555bd96fec in tokio::runtime::scheduler::multi_thread::worker::run ()\n#4  0x000055555bd9506d in tokio::runtime::task::raw::poll ()\n#5  0x000055555bd86b52 in std::sys::backtrace::__rust_begin_short_backtrace ()\n#6  0x000055555bd89aea in core::ops::function::FnOnce::call_once{{vtable.shim}} ()\n#7  0x000055555bd7502a in std::sys::thread::unix::Thread::new::thread_start ()\n(More stack frames follow...)\n"
~"\nThread 24 (Thread 0x7ffff4da96c0 (LWP 2268732) \"tokio-rt-worker\"):\n"
~"#0  syscall () at ../sysdeps/unix/sysv/linux/x86_64/syscall.S:38\n#1  0x000055555afdfe39 in parking_lot::condvar::Condvar::wait_until_internal ()\n#2  0x000055555bd97d50 in tokio::runtime::scheduler::multi_thread::worker::Context::park_internal ()\n#3  0x000055555bd96fec in tokio::runtime::scheduler::multi_thread::worker::run ()\n#4  0x000055555bd9506d in tokio::runtime::task::raw::poll ()\n#5  0x000055555bd86b52 in std::sys::backtrace::__rust_begin_short_backtrace ()\n#6  0x000055555bd89aea in core::ops::function::FnOnce::call_once{{vtable.shim}} ()\n#7  0x000055555bd7502a in std::sys::thread::unix::Thread::new::thread_start ()\n(More stack frames follow...)\n"
~"\nThread 23 (Thread 0x7ffff4faa6c0 (LWP 2268731) \"tokio-rt-worker\"):\n"
~"#0  syscall () at ../sysdeps/unix/sysv/linux/x86_64/syscall.S:38\n#1  0x000055555afdfe39 in parking_lot::condvar::Condvar::wait_until_internal ()\n#2  0x000055555bd97d50 in tokio::runtime::scheduler::multi_thread::worker::Context::park_internal ()\n#3  0x000055555bd96fec in tokio::runtime::scheduler::multi_thread::worker::run ()\n#4  0x000055555bd9506d in tokio::runtime::task::raw::poll ()\n#5  0x000055555bd86b52 in std::sys::backtrace::__rust_begin_short_backtrace ()\n#6  0x000055555bd89aea in core::ops::function::FnOnce::call_once{{vtable.shim}} ()\n#7  0x000055555bd7502a in std::sys::thread::unix::Thread::new::thread_start ()\n(More stack frames follow...)\n"
~"\nThread 22 (Thread 0x7ffff51ab6c0 (LWP 2268730) \"tokio-rt-worker\"):\n"
~"#0  syscall () at ../sysdeps/unix/sysv/linux/x86_64/syscall.S:38\n#1  0x000055555afdfe39 in parking_lot::condvar::Condvar::wait_until_internal ()\n#2  0x000055555bd97d50 in tokio::runtime::scheduler::multi_thread::worker::Context::park_internal ()\n#3  0x000055555bd96fec in tokio::runtime::scheduler::multi_thread::worker::run ()\n#4  0x000055555bd9506d in tokio::runtime::task::raw::poll ()\n#5  0x000055555bd86b52 in std::sys::backtrace::__rust_begin_short_backtrace ()\n#6  0x000055555bd89aea in core::ops::function::FnOnce::call_once{{vtable.shim}} ()\n#7  0x000055555bd7502a in std::sys::thread::unix::Thread::new::thread_start ()\n(More stack frames follow...)\n"
~"\nThread 21 (Thread 0x7ffff53ac6c0 (LWP 2268729) \"tokio-rt-worker\"):\n"
~"#0  syscall () at ../sysdeps/unix/sysv/linux/x86_64/syscall.S:38\n#1  0x000055555afdfe39 in parking_lot::condvar::Condvar::wait_until_internal ()\n#2  0x000055555bd97d50 in tokio::runtime::scheduler::multi_thread::worker::Context::park_internal ()\n#3  0x000055555bd96fec in tokio::runtime::scheduler::multi_thread::worker::run ()\n#4  0x000055555bd9506d in tokio::runtime::task::raw::poll ()\n#5  0x000055555bd86b52 in std::sys::backtrace::__rust_begin_short_backtrace ()\n#6  0x000055555bd89aea in core::ops::function::FnOnce::call_once{{vtable.shim}} ()\n#7  0x000055555bd7502a in std::sys::thread::unix::Thread::new::thread_start ()\n(More stack frames follow...)\n"
~"\nThread 20 (Thread 0x7ffff55ad6c0 (LWP 2268728) \"tokio-rt-worker\"):\n"
~"#0  syscall () at ../sysdeps/unix/sysv/linux/x86_64/syscall.S:38\n#1  0x000055555afdfe39 in parking_lot::condvar::Condvar::wait_until_internal ()\n#2  0x000055555bd97d50 in tokio::runtime::scheduler::multi_thread::worker::Context::park_internal ()\n#3  0x000055555bd96fec in tokio::runtime::scheduler::multi_thread::worker::run ()\n#4  0x000055555bd9506d in tokio::runtime::task::raw::poll ()\n#5  0x000055555bd86b52 in std::sys::backtrace::__rust_begin_short_backtrace ()\n#6  0x000055555bd89aea in core::ops::function::FnOnce::call_once{{vtable.shim}} ()\n#7  0x000055555bd7502a in std::sys::thread::unix::Thread::new::thread_start ()\n(More stack frames follow...)\n"
~"\nThread 19 (Thread 0x7ffff57ae6c0 (LWP 2268727) \"tokio-rt-worker\"):\n"
~"#0  syscall () at ../sysdeps/unix/sysv/linux/x86_64/syscall.S:38\n#1  0x000055555afdfe39 in parking_lot::condvar::Condvar::wait_until_internal ()\n#2  0x000055555bd97d50 in tokio::runtime::scheduler::multi_thread::worker::Context::park_internal ()\n#3  0x000055555bd96fec in tokio::runtime::scheduler::multi_thread::worker::run ()\n#4  0x000055555bd9506d in tokio::runtime::task::raw::poll ()\n#5  0x000055555bd86b52 in std::sys::backtrace::__rust_begin_short_backtrace ()\n#6  0x000055555bd89aea in core::ops::function::FnOnce::call_once{{vtable.shim}} ()\n#7  0x000055555bd7502a in std::sys::thread::unix::Thread::new::thread_start ()\n(More stack frames follow...)\n"
~"\nThread 18 (Thread 0x7ffff59af6c0 (LWP 2268726) \"tokio-rt-worker\"):\n"
~"#0  0x00007ffff7d2a2d2 in epoll_wait (epfd=3, events=0x36f6e300000, maxevents=1024, timeout=-1) at ../sysdeps/unix/sysv/linux/epoll_wait.c:30\n#1  0x000055555bd994ae in tokio::runtime::io::driver::Driver::turn ()\n#2  0x000055555bd9919d in tokio::runtime::time::Driver::park_internal ()\n#3  0x000055555bd97b94 in tokio::runtime::scheduler::multi_thread::worker::Context::park_internal ()\n#4  0x000055555bd96fec in tokio::runtime::scheduler::multi_thread::worker::run ()\n#5  0x000055555bd9506d in tokio::runtime::task::raw::poll ()\n#6  0x000055555bd86b52 in std::sys::backtrace::__rust_begin_short_backtrace ()\n#7  0x000055555bd89aea in core::ops::function::FnOnce::call_once{{vtable.shim}} ()\n(More stack frames follow...)\n"
~"\nThread 17 (Thread 0x7ffff5bb06c0 (LWP 2268725) \"qe-worker-15\"):\n"
~"#0  syscall () at ../sysdeps/unix/sysv/linux/x86_64/syscall.S:38\n#1  0x000055555ba4c877 in rayon_core::sleep::Sleep::sleep ()\n#2  0x000055555ba4c30b in rayon_core::registry::WorkerThread::wait_until_cold ()\n#3  0x000055555ba4bcd2 in std::sys::backtrace::__rust_begin_short_backtrace ()\n#4  0x000055555ba4ba3c in core::ops::function::FnOnce::call_once{{vtable.shim}} ()\n#5  0x000055555bd7502a in std::sys::thread::unix::Thread::new::thread_start ()\n#6  0x00007ffff7c9cb84 in start_thread (arg=<optimized out>) at ./nptl/pthread_create.c:447\n#7  0x00007ffff7d29ecc in clone3 () at ../sysdeps/unix/sysv/linux/x86_64/clone3.S:78\n"
~"\nThread 16 (Thread 0x7ffff5db16c0 (LWP 2268724) \"qe-worker-14\"):\n"
~"#0  syscall () at ../sysdeps/unix/sysv/linux/x86_64/syscall.S:38\n#1  0x000055555ba4c877 in rayon_core::sleep::Sleep::sleep ()\n#2  0x000055555ba4c30b in rayon_core::registry::WorkerThread::wait_until_cold ()\n#3  0x000055555ba4bcd2 in std::sys::backtrace::__rust_begin_short_backtrace ()\n#4  0x000055555ba4ba3c in core::ops::function::FnOnce::call_once{{vtable.shim}} ()\n#5  0x000055555bd7502a in std::sys::thread::unix::Thread::new::thread_start ()\n#6  0x00007ffff7c9cb84 in start_thread (arg=<optimized out>) at ./nptl/pthread_create.c:447\n#7  0x00007ffff7d29ecc in clone3 () at ../sysdeps/unix/sysv/linux/x86_64/clone3.S:78\n"
~"\nThread 15 (Thread 0x7ffff5fb26c0 (LWP 2268723) \"qe-worker-13\"):\n"
~"#0  syscall () at ../sysdeps/unix/sysv/linux/x86_64/syscall.S:38\n#1  0x000055555ba4c877 in rayon_core::sleep::Sleep::sleep ()\n#2  0x000055555ba4c30b in rayon_core::registry::WorkerThread::wait_until_cold ()\n#3  0x000055555ba4bcd2 in std::sys::backtrace::__rust_begin_short_backtrace ()\n#4  0x000055555ba4ba3c in core::ops::function::FnOnce::call_once{{vtable.shim}} ()\n#5  0x000055555bd7502a in std::sys::thread::unix::Thread::new::thread_start ()\n#6  0x00007ffff7c9cb84 in start_thread (arg=<optimized out>) at ./nptl/pthread_create.c:447\n#7  0x00007ffff7d29ecc in clone3 () at ../sysdeps/unix/sysv/linux/x86_64/clone3.S:78\n"
~"\nThread 14 (Thread 0x7ffff61b36c0 (LWP 2268722) \"qe-worker-12\"):\n"
~"#0  syscall () at ../sysdeps/unix/sysv/linux/x86_64/syscall.S:38\n#1  0x000055555ba4c877 in rayon_core::sleep::Sleep::sleep ()\n#2  0x000055555ba4c30b in rayon_core::registry::WorkerThread::wait_until_cold ()\n#3  0x000055555ba4bcd2 in std::sys::backtrace::__rust_begin_short_backtrace ()\n#4  0x000055555ba4ba3c in core::ops::function::FnOnce::call_once{{vtable.shim}} ()\n#5  0x000055555bd7502a in std::sys::thread::unix::Thread::new::thread_start ()\n#6  0x00007ffff7c9cb84 in start_thread (arg=<optimized out>) at ./nptl/pthread_create.c:447\n#7  0x00007ffff7d29ecc in clone3 () at ../sysdeps/unix/sysv/linux/x86_64/clone3.S:78\n"
~"\nThread 13 (Thread 0x7ffff63b46c0 (LWP 2268721) \"qe-worker-11\"):\n"
~"#0  syscall () at ../sysdeps/unix/sysv/linux/x86_64/syscall.S:38\n#1  0x000055555ba4c877 in rayon_core::sleep::Sleep::sleep ()\n#2  0x000055555ba4c30b in rayon_core::registry::WorkerThread::wait_until_cold ()\n#3  0x000055555ba4bcd2 in std::sys::backtrace::__rust_begin_short_backtrace ()\n#4  0x000055555ba4ba3c in core::ops::function::FnOnce::call_once{{vtable.shim}} ()\n#5  0x000055555bd7502a in std::sys::thread::unix::Thread::new::thread_start ()\n#6  0x00007ffff7c9cb84 in start_thread (arg=<optimized out>) at ./nptl/pthread_create.c:447\n#7  0x00007ffff7d29ecc in clone3 () at ../sysdeps/unix/sysv/linux/x86_64/clone3.S:78\n"
~"\nThread 12 (Thread 0x7ffff65b56c0 (LWP 2268720) \"qe-worker-10\"):\n"
~"#0  syscall () at ../sysdeps/unix/sysv/linux/x86_64/syscall.S:38\n#1  0x000055555ba4c877 in rayon_core::sleep::Sleep::sleep ()\n#2  0x000055555ba4c30b in rayon_core::registry::WorkerThread::wait_until_cold ()\n#3  0x000055555ba4bcd2 in std::sys::backtrace::__rust_begin_short_backtrace ()\n#4  0x000055555ba4ba3c in core::ops::function::FnOnce::call_once{{vtable.shim}} ()\n#5  0x000055555bd7502a in std::sys::thread::unix::Thread::new::thread_start ()\n#6  0x00007ffff7c9cb84 in start_thread (arg=<optimized out>) at ./nptl/pthread_create.c:447\n#7  0x00007ffff7d29ecc in clone3 () at ../sysdeps/unix/sysv/linux/x86_64/clone3.S:78\n"
~"\nThread 11 (Thread 0x7ffff67b66c0 (LWP 2268719) \"qe-worker-9\"):\n"
~"#0  syscall () at ../sysdeps/unix/sysv/linux/x86_64/syscall.S:38\n#1  0x000055555ba4c877 in rayon_core::sleep::Sleep::sleep ()\n#2  0x000055555ba4c30b in rayon_core::registry::WorkerThread::wait_until_cold ()\n#3  0x000055555ba4bcd2 in std::sys::backtrace::__rust_begin_short_backtrace ()\n#4  0x000055555ba4ba3c in core::ops::function::FnOnce::call_once{{vtable.shim}} ()\n#5  0x000055555bd7502a in std::sys::thread::unix::Thread::new::thread_start ()\n#6  0x00007ffff7c9cb84 in start_thread (arg=<optimized out>) at ./nptl/pthread_create.c:447\n#7  0x00007ffff7d29ecc in clone3 () at ../sysdeps/unix/sysv/linux/x86_64/clone3.S:78\n"
~"\nThread 10 (Thread 0x7ffff69b76c0 (LWP 2268718) \"qe-worker-8\"):\n"
~"#0  syscall () at ../sysdeps/unix/sysv/linux/x86_64/syscall.S:38\n#1  0x000055555ba4c877 in rayon_core::sleep::Sleep::sleep ()\n#2  0x000055555ba4c30b in rayon_core::registry::WorkerThread::wait_until_cold ()\n#3  0x000055555ba4bcd2 in std::sys::backtrace::__rust_begin_short_backtrace ()\n#4  0x000055555ba4ba3c in core::ops::function::FnOnce::call_once{{vtable.shim}} ()\n#5  0x000055555bd7502a in std::sys::thread::unix::Thread::new::thread_start ()\n#6  0x00007ffff7c9cb84 in start_thread (arg=<optimized out>) at ./nptl/pthread_create.c:447\n#7  0x00007ffff7d29ecc in clone3 () at ../sysdeps/unix/sysv/linux/x86_64/clone3.S:78\n"
~"\nThread 9 (Thread 0x7ffff6bb86c0 (LWP 2268717) \"qe-worker-7\"):\n"
~"#0  syscall () at ../sysdeps/unix/sysv/linux/x86_64/syscall.S:38\n#1  0x000055555ba4c877 in rayon_core::sleep::Sleep::sleep ()\n#2  0x000055555ba4c30b in rayon_core::registry::WorkerThread::wait_until_cold ()\n#3  0x000055555ba4bcd2 in std::sys::backtrace::__rust_begin_short_backtrace ()\n#4  0x000055555ba4ba3c in core::ops::function::FnOnce::call_once{{vtable.shim}} ()\n#5  0x000055555bd7502a in std::sys::thread::unix::Thread::new::thread_start ()\n#6  0x00007ffff7c9cb84 in start_thread (arg=<optimized out>) at ./nptl/pthread_create.c:447\n#7  0x00007ffff7d29ecc in clone3 () at ../sysdeps/unix/sysv/linux/x86_64/clone3.S:78\n"
~"\nThread 8 (Thread 0x7ffff6db96c0 (LWP 2268716) \"qe-worker-6\"):\n"
~"#0  syscall () at ../sysdeps/unix/sysv/linux/x86_64/syscall.S:38\n#1  0x000055555ba4c877 in rayon_core::sleep::Sleep::sleep ()\n#2  0x000055555ba4c30b in rayon_core::registry::WorkerThread::wait_until_cold ()\n#3  0x000055555ba4bcd2 in std::sys::backtrace::__rust_begin_short_backtrace ()\n#4  0x000055555ba4ba3c in core::ops::function::FnOnce::call_once{{vtable.shim}} ()\n#5  0x000055555bd7502a in std::sys::thread::unix::Thread::new::thread_start ()\n#6  0x00007ffff7c9cb84 in start_thread (arg=<optimized out>) at ./nptl/pthread_create.c:447\n#7  0x00007ffff7d29ecc in clone3 () at ../sysdeps/unix/sysv/linux/x86_64/clone3.S:78\n"
~"\nThread 7 (Thread 0x7ffff6fba6c0 (LWP 2268715) \"qe-worker-5\"):\n"
~"#0  syscall () at ../sysdeps/unix/sysv/linux/x86_64/syscall.S:38\n#1  0x000055555ba4c877 in rayon_core::sleep::Sleep::sleep ()\n#2  0x000055555ba4c30b in rayon_core::registry::WorkerThread::wait_until_cold ()\n#3  0x000055555ba4bcd2 in std::sys::backtrace::__rust_begin_short_backtrace ()\n#4  0x000055555ba4ba3c in core::ops::function::FnOnce::call_once{{vtable.shim}} ()\n#5  0x000055555bd7502a in std::sys::thread::unix::Thread::new::thread_start ()\n#6  0x00007ffff7c9cb84 in start_thread (arg=<optimized out>) at ./nptl/pthread_create.c:447\n#7  0x00007ffff7d29ecc in clone3 () at ../sysdeps/unix/sysv/linux/x86_64/clone3.S:78\n"
~"\nThread 6 (Thread 0x7ffff71bb6c0 (LWP 2268714) \"qe-worker-4\"):\n"
~"#0  syscall () at ../sysdeps/unix/sysv/linux/x86_64/syscall.S:38\n#1  0x000055555ba4c877 in rayon_core::sleep::Sleep::sleep ()\n#2  0x000055555ba4c30b in rayon_core::registry::WorkerThread::wait_until_cold ()\n#3  0x000055555ba4bcd2 in std::sys::backtrace::__rust_begin_short_backtrace ()\n#4  0x000055555ba4ba3c in core::ops::function::FnOnce::call_once{{vtable.shim}} ()\n#5  0x000055555bd7502a in std::sys::thread::unix::Thread::new::thread_start ()\n#6  0x00007ffff7c9cb84 in start_thread (arg=<optimized out>) at ./nptl/pthread_create.c:447\n#7  0x00007ffff7d29ecc in clone3 () at ../sysdeps/unix/sysv/linux/x86_64/clone3.S:78\n"
~"\nThread 5 (Thread 0x7ffff73bc6c0 (LWP 2268713) \"qe-worker-3\"):\n"
~"#0  syscall () at ../sysdeps/unix/sysv/linux/x86_64/syscall.S:38\n#1  0x000055555ba4c877 in rayon_core::sleep::Sleep::sleep ()\n#2  0x000055555ba4c30b in rayon_core::registry::WorkerThread::wait_until_cold ()\n#3  0x000055555ba4bcd2 in std::sys::backtrace::__rust_begin_short_backtrace ()\n#4  0x000055555ba4ba3c in core::ops::function::FnOnce::call_once{{vtable.shim}} ()\n#5  0x000055555bd7502a in std::sys::thread::unix::Thread::new::thread_start ()\n#6  0x00007ffff7c9cb84 in start_thread (arg=<optimized out>) at ./nptl/pthread_create.c:447\n#7  0x00007ffff7d29ecc in clone3 () at ../sysdeps/unix/sysv/linux/x86_64/clone3.S:78\n"
~"\nThread 4 (Thread 0x7ffff75bd6c0 (LWP 2268712) \"qe-worker-2\"):\n"
~"#0  syscall () at ../sysdeps/unix/sysv/linux/x86_64/syscall.S:38\n#1  0x000055555ba4c877 in rayon_core::sleep::Sleep::sleep ()\n#2  0x000055555ba4c30b in rayon_core::registry::WorkerThread::wait_until_cold ()\n#3  0x000055555ba4bcd2 in std::sys::backtrace::__rust_begin_short_backtrace ()\n#4  0x000055555ba4ba3c in core::ops::function::FnOnce::call_once{{vtable.shim}} ()\n#5  0x000055555bd7502a in std::sys::thread::unix::Thread::new::thread_start ()\n#6  0x00007ffff7c9cb84 in start_thread (arg=<optimized out>) at ./nptl/pthread_create.c:447\n#7  0x00007ffff7d29ecc in clone3 () at ../sysdeps/unix/sysv/linux/x86_64/clone3.S:78\n"
~"\nThread 3 (Thread 0x7ffff77be6c0 (LWP 2268711) \"qe-worker-1\"):\n"
~"#0  syscall () at ../sysdeps/unix/sysv/linux/x86_64/syscall.S:38\n#1  0x000055555ba4c877 in rayon_core::sleep::Sleep::sleep ()\n#2  0x000055555ba4c30b in rayon_core::registry::WorkerThread::wait_until_cold ()\n#3  0x000055555ba4bcd2 in std::sys::backtrace::__rust_begin_short_backtrace ()\n#4  0x000055555ba4ba3c in core::ops::function::FnOnce::call_once{{vtable.shim}} ()\n#5  0x000055555bd7502a in std::sys::thread::unix::Thread::new::thread_start ()\n#6  0x00007ffff7c9cb84 in start_thread (arg=<optimized out>) at ./nptl/pthread_create.c:447\n#7  0x00007ffff7d29ecc in clone3 () at ../sysdeps/unix/sysv/linux/x86_64/clone3.S:78\n"
~"\nThread 2 (Thread 0x7ffff79bf6c0 (LWP 2268710) \"qe-worker-0\"):\n"
~"#0  syscall () at ../sysdeps/unix/sysv/linux/x86_64/syscall.S:38\n#1  0x000055555ba4c877 in rayon_core::sleep::Sleep::sleep ()\n#2  0x000055555ba4c30b in rayon_core::registry::WorkerThread::wait_until_cold ()\n#3  0x000055555ba4bcd2 in std::sys::backtrace::__rust_begin_short_backtrace ()\n#4  0x000055555ba4ba3c in core::ops::function::FnOnce::call_once{{vtable.shim}} ()\n#5  0x000055555bd7502a in std::sys::thread::unix::Thread::new::thread_start ()\n#6  0x00007ffff7c9cb84 in start_thread (arg=<optimized out>) at ./nptl/pthread_create.c:447\n#7  0x00007ffff7d29ecc in clone3 () at ../sysdeps/unix/sysv/linux/x86_64/clone3.S:78\n"
~"\nThread 1 (Thread 0x7ffff7e8d100 (LWP 2268699) \"serial_frontier\"):\n"
~"#0  syscall () at ../sysdeps/unix/sysv/linux/x86_64/syscall.S:38\n#1  0x000055555ba4d835 in rayon_core::latch::LockLatch::wait_and_reset ()\n#2  0x000055555b531e43 in rayon_core::registry::Registry::in_worker_cold ()\n#3  0x000055555b523e4e in rayon::iter::plumbing::bridge_producer_consumer::helper ()\n#4  0x000055555b4a1e2a in query_engine::physical::morsel_agg::live_spill::execute::{{closure}} ()\n#5  0x000055555b4930c1 in <query_engine::physical::operators::spillable::SpillableHashAggregateExec as query_engine::physical::plan::PhysicalOperator>::execute::{{closure}} ()\n#6  0x000055555b632182 in <query_engine::physical::operators::project::ProjectExec as query_engine::physical::plan::PhysicalOperator>::execute::{{closure}} ()\n#7  0x000055555b4a7680 in query_engine::physical::operators::spillable::stream_merge_input_partitions::{{closure}} ()\n(More stack frames follow...)\n"
17^done
(gdb) 
18^running
*running,thread-id="all"
(gdb) 
19^done
(gdb) 
~"\nThread "
~"1 \"serial_frontier\" received signal SIGINT, Interrupt.\n"
~"syscall () at ../sysdeps/unix/sysv/linux/x86_64/syscall.S:38\n"
~"38\tin ../sysdeps/unix/sysv/linux/x86_64/syscall.S\n"
*stopped,reason="signal-received",signal-name="SIGINT",signal-meaning="Interrupt",frame={addr="0x00007ffff7d2752d",func="syscall",args=[],file="../sysdeps/unix/sysv/linux/x86_64/syscall.S",fullname="./misc/../sysdeps/unix/sysv/linux/x86_64/syscall.S",line="38",arch="i386:x86-64"},thread-id="1",stopped-threads="all",core="10"
~"\nThread 34 (Thread 0x7fff877fb6c0 (LWP 2268742) \"tokio-rt-worker\"):\n"
~"#0  syscall () at ../sysdeps/unix/sysv/linux/x86_64/syscall.S:38\n#1  0x000055555afdfe97 in parking_lot::condvar::Condvar::wait_until_internal ()\n#2  0x000055555bd86bfa in std::sys::backtrace::__rust_begin_short_backtrace ()\n#3  0x000055555bd89aea in core::ops::function::FnOnce::call_once{{vtable.shim}} ()\n#4  0x000055555bd7502a in std::sys::thread::unix::Thread::new::thread_start ()\n#5  0x00007ffff7c9cb84 in start_thread (arg=<optimized out>) at ./nptl/pthread_create.c:447\n#6  0x00007ffff7d29ecc in clone3 () at ../sysdeps/unix/sysv/linux/x86_64/clone3.S:78\n"
~"\nThread 33 (Thread 0x7fff879fc6c0 (LWP 2268741) \"tokio-rt-worker\"):\n"
~"#0  syscall () at ../sysdeps/unix/sysv/linux/x86_64/syscall.S:38\n#1  0x000055555afdfe39 in parking_lot::condvar::Condvar::wait_until_internal ()\n#2  0x000055555bd97d50 in tokio::runtime::scheduler::multi_thread::worker::Context::park_internal ()\n#3  0x000055555bd96fec in tokio::runtime::scheduler::multi_thread::worker::run ()\n#4  0x000055555bd9506d in tokio::runtime::task::raw::poll ()\n#5  0x000055555bd86b52 in std::sys::backtrace::__rust_begin_short_backtrace ()\n#6  0x000055555bd89aea in core::ops::function::FnOnce::call_once{{vtable.shim}} ()\n#7  0x000055555bd7502a in std::sys::thread::unix::Thread::new::thread_start ()\n(More stack frames follow...)\n"
~"\nThread 32 (Thread 0x7fff87bfd6c0 (LWP 2268740) \"tokio-rt-worker\"):\n"
~"#0  syscall () at ../sysdeps/unix/sysv/linux/x86_64/syscall.S:38\n#1  0x000055555afdfe39 in parking_lot::condvar::Condvar::wait_until_internal ()\n#2  0x000055555bd97d50 in tokio::runtime::scheduler::multi_thread::worker::Context::park_internal ()\n#3  0x000055555bd96fec in tokio::runtime::scheduler::multi_thread::worker::run ()\n#4  0x000055555bd9506d in tokio::runtime::task::raw::poll ()\n#5  0x000055555bd86b52 in std::sys::backtrace::__rust_begin_short_backtrace ()\n#6  0x000055555bd89aea in core::ops::function::FnOnce::call_once{{vtable.shim}} ()\n#7  0x000055555bd7502a in std::sys::thread::unix::Thread::new::thread_start ()\n(More stack frames follow...)\n"
~"\nThread 31 (Thread 0x7fff87dfe6c0 (LWP 2268739) \"tokio-rt-worker\"):\n"
~"#0  syscall () at ../sysdeps/unix/sysv/linux/x86_64/syscall.S:38\n#1  0x000055555afdfe39 in parking_lot::condvar::Condvar::wait_until_internal ()\n#2  0x000055555bd97d50 in tokio::runtime::scheduler::multi_thread::worker::Context::park_internal ()\n#3  0x000055555bd96fec in tokio::runtime::scheduler::multi_thread::worker::run ()\n#4  0x000055555bd9506d in tokio::runtime::task::raw::poll ()\n#5  0x000055555bd86b52 in std::sys::backtrace::__rust_begin_short_backtrace ()\n#6  0x000055555bd89aea in core::ops::function::FnOnce::call_once{{vtable.shim}} ()\n#7  0x000055555bd7502a in std::sys::thread::unix::Thread::new::thread_start ()\n(More stack frames follow...)\n"
~"\nThread 30 (Thread 0x7fff87fff6c0 (LWP 2268738) \"tokio-rt-worker\"):\n"
~"#0  syscall () at ../sysdeps/unix/sysv/linux/x86_64/syscall.S:38\n#1  0x000055555afdfe39 in parking_lot::condvar::Condvar::wait_until_internal ()\n#2  0x000055555bd97d50 in tokio::runtime::scheduler::multi_thread::worker::Context::park_internal ()\n#3  0x000055555bd96fec in tokio::runtime::scheduler::multi_thread::worker::run ()\n#4  0x000055555bd9506d in tokio::runtime::task::raw::poll ()\n#5  0x000055555bd86b52 in std::sys::backtrace::__rust_begin_short_backtrace ()\n#6  0x000055555bd89aea in core::ops::function::FnOnce::call_once{{vtable.shim}} ()\n#7  0x000055555bd7502a in std::sys::thread::unix::Thread::new::thread_start ()\n(More stack frames follow...)\n"
~"\nThread 29 (Thread 0x7ffff43a46c0 (LWP 2268737) \"tokio-rt-worker\"):\n"
~"#0  syscall () at ../sysdeps/unix/sysv/linux/x86_64/syscall.S:38\n#1  0x000055555afdfe39 in parking_lot::condvar::Condvar::wait_until_internal ()\n#2  0x000055555bd97d50 in tokio::runtime::scheduler::multi_thread::worker::Context::park_internal ()\n#3  0x000055555bd96fec in tokio::runtime::scheduler::multi_thread::worker::run ()\n#4  0x000055555bd9506d in tokio::runtime::task::raw::poll ()\n#5  0x000055555bd86b52 in std::sys::backtrace::__rust_begin_short_backtrace ()\n#6  0x000055555bd89aea in core::ops::function::FnOnce::call_once{{vtable.shim}} ()\n#7  0x000055555bd7502a in std::sys::thread::unix::Thread::new::thread_start ()\n(More stack frames follow...)\n"
~"\nThread 28 (Thread 0x7ffff45a56c0 (LWP 2268736) \"tokio-rt-worker\"):\n"
~"#0  syscall () at ../sysdeps/unix/sysv/linux/x86_64/syscall.S:38\n#1  0x000055555afdfe39 in parking_lot::condvar::Condvar::wait_until_internal ()\n#2  0x000055555bd97d50 in tokio::runtime::scheduler::multi_thread::worker::Context::park_internal ()\n#3  0x000055555bd96fec in tokio::runtime::scheduler::multi_thread::worker::run ()\n#4  0x000055555bd9506d in tokio::runtime::task::raw::poll ()\n#5  0x000055555bd86b52 in std::sys::backtrace::__rust_begin_short_backtrace ()\n#6  0x000055555bd89aea in core::ops::function::FnOnce::call_once{{vtable.shim}} ()\n#7  0x000055555bd7502a in std::sys::thread::unix::Thread::new::thread_start ()\n(More stack frames follow...)\n"
~"\nThread 27 (Thread 0x7ffff47a66c0 (LWP 2268735) \"tokio-rt-worker\"):\n"
~"#0  syscall () at ../sysdeps/unix/sysv/linux/x86_64/syscall.S:38\n#1  0x000055555afdfe39 in parking_lot::condvar::Condvar::wait_until_internal ()\n#2  0x000055555bd97d50 in tokio::runtime::scheduler::multi_thread::worker::Context::park_internal ()\n#3  0x000055555bd96fec in tokio::runtime::scheduler::multi_thread::worker::run ()\n#4  0x000055555bd9506d in tokio::runtime::task::raw::poll ()\n#5  0x000055555bd86b52 in std::sys::backtrace::__rust_begin_short_backtrace ()\n#6  0x000055555bd89aea in core::ops::function::FnOnce::call_once{{vtable.shim}} ()\n#7  0x000055555bd7502a in std::sys::thread::unix::Thread::new::thread_start ()\n(More stack frames follow...)\n"
~"\nThread 26 (Thread 0x7ffff49a76c0 (LWP 2268734) \"tokio-rt-worker\"):\n"
~"#0  syscall () at ../sysdeps/unix/sysv/linux/x86_64/syscall.S:38\n#1  0x000055555afdfe39 in parking_lot::condvar::Condvar::wait_until_internal ()\n#2  0x000055555bd97d50 in tokio::runtime::scheduler::multi_thread::worker::Context::park_internal ()\n#3  0x000055555bd96fec in tokio::runtime::scheduler::multi_thread::worker::run ()\n#4  0x000055555bd9506d in tokio::runtime::task::raw::poll ()\n#5  0x000055555bd86b52 in std::sys::backtrace::__rust_begin_short_backtrace ()\n#6  0x000055555bd89aea in core::ops::function::FnOnce::call_once{{vtable.shim}} ()\n#7  0x000055555bd7502a in std::sys::thread::unix::Thread::new::thread_start ()\n(More stack frames follow...)\n"
~"\nThread 25 (Thread 0x7ffff4ba86c0 (LWP 2268733) \"tokio-rt-worker\"):\n"
~"#0  syscall () at ../sysdeps/unix/sysv/linux/x86_64/syscall.S:38\n#1  0x000055555afdfe39 in parking_lot::condvar::Condvar::wait_until_internal ()\n#2  0x000055555bd97d50 in tokio::runtime::scheduler::multi_thread::worker::Context::park_internal ()\n#3  0x000055555bd96fec in tokio::runtime::scheduler::multi_thread::worker::run ()\n#4  0x000055555bd9506d in tokio::runtime::task::raw::poll ()\n#5  0x000055555bd86b52 in std::sys::backtrace::__rust_begin_short_backtrace ()\n#6  0x000055555bd89aea in core::ops::function::FnOnce::call_once{{vtable.shim}} ()\n#7  0x000055555bd7502a in std::sys::thread::unix::Thread::new::thread_start ()\n(More stack frames follow...)\n"
~"\nThread 24 (Thread 0x7ffff4da96c0 (LWP 2268732) \"tokio-rt-worker\"):\n"
~"#0  syscall () at ../sysdeps/unix/sysv/linux/x86_64/syscall.S:38\n#1  0x000055555afdfe39 in parking_lot::condvar::Condvar::wait_until_internal ()\n#2  0x000055555bd97d50 in tokio::runtime::scheduler::multi_thread::worker::Context::park_internal ()\n#3  0x000055555bd96fec in tokio::runtime::scheduler::multi_thread::worker::run ()\n#4  0x000055555bd9506d in tokio::runtime::task::raw::poll ()\n#5  0x000055555bd86b52 in std::sys::backtrace::__rust_begin_short_backtrace ()\n#6  0x000055555bd89aea in core::ops::function::FnOnce::call_once{{vtable.shim}} ()\n#7  0x000055555bd7502a in std::sys::thread::unix::Thread::new::thread_start ()\n(More stack frames follow...)\n"
~"\nThread 23 (Thread 0x7ffff4faa6c0 (LWP 2268731) \"tokio-rt-worker\"):\n"
~"#0  syscall () at ../sysdeps/unix/sysv/linux/x86_64/syscall.S:38\n#1  0x000055555afdfe39 in parking_lot::condvar::Condvar::wait_until_internal ()\n#2  0x000055555bd97d50 in tokio::runtime::scheduler::multi_thread::worker::Context::park_internal ()\n#3  0x000055555bd96fec in tokio::runtime::scheduler::multi_thread::worker::run ()\n#4  0x000055555bd9506d in tokio::runtime::task::raw::poll ()\n#5  0x000055555bd86b52 in std::sys::backtrace::__rust_begin_short_backtrace ()\n#6  0x000055555bd89aea in core::ops::function::FnOnce::call_once{{vtable.shim}} ()\n#7  0x000055555bd7502a in std::sys::thread::unix::Thread::new::thread_start ()\n(More stack frames follow...)\n"
~"\nThread 22 (Thread 0x7ffff51ab6c0 (LWP 2268730) \"tokio-rt-worker\"):\n"
~"#0  syscall () at ../sysdeps/unix/sysv/linux/x86_64/syscall.S:38\n#1  0x000055555afdfe39 in parking_lot::condvar::Condvar::wait_until_internal ()\n#2  0x000055555bd97d50 in tokio::runtime::scheduler::multi_thread::worker::Context::park_internal ()\n#3  0x000055555bd96fec in tokio::runtime::scheduler::multi_thread::worker::run ()\n#4  0x000055555bd9506d in tokio::runtime::task::raw::poll ()\n#5  0x000055555bd86b52 in std::sys::backtrace::__rust_begin_short_backtrace ()\n#6  0x000055555bd89aea in core::ops::function::FnOnce::call_once{{vtable.shim}} ()\n#7  0x000055555bd7502a in std::sys::thread::unix::Thread::new::thread_start ()\n(More stack frames follow...)\n"
~"\nThread 21 (Thread 0x7ffff53ac6c0 (LWP 2268729) \"tokio-rt-worker\"):\n"
~"#0  syscall () at ../sysdeps/unix/sysv/linux/x86_64/syscall.S:38\n#1  0x000055555afdfe39 in parking_lot::condvar::Condvar::wait_until_internal ()\n#2  0x000055555bd97d50 in tokio::runtime::scheduler::multi_thread::worker::Context::park_internal ()\n#3  0x000055555bd96fec in tokio::runtime::scheduler::multi_thread::worker::run ()\n#4  0x000055555bd9506d in tokio::runtime::task::raw::poll ()\n#5  0x000055555bd86b52 in std::sys::backtrace::__rust_begin_short_backtrace ()\n#6  0x000055555bd89aea in core::ops::function::FnOnce::call_once{{vtable.shim}} ()\n#7  0x000055555bd7502a in std::sys::thread::unix::Thread::new::thread_start ()\n(More stack frames follow...)\n"
~"\nThread 20 (Thread 0x7ffff55ad6c0 (LWP 2268728) \"tokio-rt-worker\"):\n"
~"#0  syscall () at ../sysdeps/unix/sysv/linux/x86_64/syscall.S:38\n#1  0x000055555afdfe39 in parking_lot::condvar::Condvar::wait_until_internal ()\n#2  0x000055555bd97d50 in tokio::runtime::scheduler::multi_thread::worker::Context::park_internal ()\n#3  0x000055555bd96fec in tokio::runtime::scheduler::multi_thread::worker::run ()\n#4  0x000055555bd9506d in tokio::runtime::task::raw::poll ()\n#5  0x000055555bd86b52 in std::sys::backtrace::__rust_begin_short_backtrace ()\n#6  0x000055555bd89aea in core::ops::function::FnOnce::call_once{{vtable.shim}} ()\n#7  0x000055555bd7502a in std::sys::thread::unix::Thread::new::thread_start ()\n(More stack frames follow...)\n"
~"\nThread 19 (Thread 0x7ffff57ae6c0 (LWP 2268727) \"tokio-rt-worker\"):\n"
~"#0  syscall () at ../sysdeps/unix/sysv/linux/x86_64/syscall.S:38\n#1  0x000055555afdfe39 in parking_lot::condvar::Condvar::wait_until_internal ()\n#2  0x000055555bd97d50 in tokio::runtime::scheduler::multi_thread::worker::Context::park_internal ()\n#3  0x000055555bd96fec in tokio::runtime::scheduler::multi_thread::worker::run ()\n#4  0x000055555bd9506d in tokio::runtime::task::raw::poll ()\n#5  0x000055555bd86b52 in std::sys::backtrace::__rust_begin_short_backtrace ()\n#6  0x000055555bd89aea in core::ops::function::FnOnce::call_once{{vtable.shim}} ()\n#7  0x000055555bd7502a in std::sys::thread::unix::Thread::new::thread_start ()\n(More stack frames follow...)\n"
~"\nThread 18 (Thread 0x7ffff59af6c0 (LWP 2268726) \"tokio-rt-worker\"):\n"
~"#0  0x00007ffff7d2a2d2 in epoll_wait (epfd=3, events=0x36f6e300000, maxevents=1024, timeout=-1) at ../sysdeps/unix/sysv/linux/epoll_wait.c:30\n#1  0x000055555bd994ae in tokio::runtime::io::driver::Driver::turn ()\n#2  0x000055555bd9919d in tokio::runtime::time::Driver::park_internal ()\n#3  0x000055555bd97b94 in tokio::runtime::scheduler::multi_thread::worker::Context::park_internal ()\n#4  0x000055555bd96fec in tokio::runtime::scheduler::multi_thread::worker::run ()\n#5  0x000055555bd9506d in tokio::runtime::task::raw::poll ()\n#6  0x000055555bd86b52 in std::sys::backtrace::__rust_begin_short_backtrace ()\n#7  0x000055555bd89aea in core::ops::function::FnOnce::call_once{{vtable.shim}} ()\n(More stack frames follow...)\n"
~"\nThread 17 (Thread 0x7ffff5bb06c0 (LWP 2268725) \"qe-worker-15\"):\n"
~"#0  syscall () at ../sysdeps/unix/sysv/linux/x86_64/syscall.S:38\n#1  0x000055555ba4c877 in rayon_core::sleep::Sleep::sleep ()\n#2  0x000055555ba4c30b in rayon_core::registry::WorkerThread::wait_until_cold ()\n#3  0x000055555ba4bcd2 in std::sys::backtrace::__rust_begin_short_backtrace ()\n#4  0x000055555ba4ba3c in core::ops::function::FnOnce::call_once{{vtable.shim}} ()\n#5  0x000055555bd7502a in std::sys::thread::unix::Thread::new::thread_start ()\n#6  0x00007ffff7c9cb84 in start_thread (arg=<optimized out>) at ./nptl/pthread_create.c:447\n#7  0x00007ffff7d29ecc in clone3 () at ../sysdeps/unix/sysv/linux/x86_64/clone3.S:78\n"
~"\nThread 16 (Thread 0x7ffff5db16c0 (LWP 2268724) \"qe-worker-14\"):\n"
~"#0  syscall () at ../sysdeps/unix/sysv/linux/x86_64/syscall.S:38\n#1  0x000055555ba4c877 in rayon_core::sleep::Sleep::sleep ()\n#2  0x000055555ba4c30b in rayon_core::registry::WorkerThread::wait_until_cold ()\n#3  0x000055555ba4bcd2 in std::sys::backtrace::__rust_begin_short_backtrace ()\n#4  0x000055555ba4ba3c in core::ops::function::FnOnce::call_once{{vtable.shim}} ()\n#5  0x000055555bd7502a in std::sys::thread::unix::Thread::new::thread_start ()\n#6  0x00007ffff7c9cb84 in start_thread (arg=<optimized out>) at ./nptl/pthread_create.c:447\n#7  0x00007ffff7d29ecc in clone3 () at ../sysdeps/unix/sysv/linux/x86_64/clone3.S:78\n"
~"\nThread 15 (Thread 0x7ffff5fb26c0 (LWP 2268723) \"qe-worker-13\"):\n"
~"#0  syscall () at ../sysdeps/unix/sysv/linux/x86_64/syscall.S:38\n#1  0x000055555ba4c877 in rayon_core::sleep::Sleep::sleep ()\n#2  0x000055555ba4c30b in rayon_core::registry::WorkerThread::wait_until_cold ()\n#3  0x000055555ba4bcd2 in std::sys::backtrace::__rust_begin_short_backtrace ()\n#4  0x000055555ba4ba3c in core::ops::function::FnOnce::call_once{{vtable.shim}} ()\n#5  0x000055555bd7502a in std::sys::thread::unix::Thread::new::thread_start ()\n#6  0x00007ffff7c9cb84 in start_thread (arg=<optimized out>) at ./nptl/pthread_create.c:447\n#7  0x00007ffff7d29ecc in clone3 () at ../sysdeps/unix/sysv/linux/x86_64/clone3.S:78\n"
~"\nThread 14 (Thread 0x7ffff61b36c0 (LWP 2268722) \"qe-worker-12\"):\n"
~"#0  syscall () at ../sysdeps/unix/sysv/linux/x86_64/syscall.S:38\n#1  0x000055555ba4c877 in rayon_core::sleep::Sleep::sleep ()\n#2  0x000055555ba4c30b in rayon_core::registry::WorkerThread::wait_until_cold ()\n#3  0x000055555ba4bcd2 in std::sys::backtrace::__rust_begin_short_backtrace ()\n#4  0x000055555ba4ba3c in core::ops::function::FnOnce::call_once{{vtable.shim}} ()\n#5  0x000055555bd7502a in std::sys::thread::unix::Thread::new::thread_start ()\n#6  0x00007ffff7c9cb84 in start_thread (arg=<optimized out>) at ./nptl/pthread_create.c:447\n#7  0x00007ffff7d29ecc in clone3 () at ../sysdeps/unix/sysv/linux/x86_64/clone3.S:78\n"
~"\nThread 13 (Thread 0x7ffff63b46c0 (LWP 2268721) \"qe-worker-11\"):\n"
~"#0  syscall () at ../sysdeps/unix/sysv/linux/x86_64/syscall.S:38\n#1  0x000055555ba4c877 in rayon_core::sleep::Sleep::sleep ()\n#2  0x000055555ba4c30b in rayon_core::registry::WorkerThread::wait_until_cold ()\n#3  0x000055555ba4bcd2 in std::sys::backtrace::__rust_begin_short_backtrace ()\n#4  0x000055555ba4ba3c in core::ops::function::FnOnce::call_once{{vtable.shim}} ()\n#5  0x000055555bd7502a in std::sys::thread::unix::Thread::new::thread_start ()\n#6  0x00007ffff7c9cb84 in start_thread (arg=<optimized out>) at ./nptl/pthread_create.c:447\n#7  0x00007ffff7d29ecc in clone3 () at ../sysdeps/unix/sysv/linux/x86_64/clone3.S:78\n"
~"\nThread 12 (Thread 0x7ffff65b56c0 (LWP 2268720) \"qe-worker-10\"):\n"
~"#0  syscall () at ../sysdeps/unix/sysv/linux/x86_64/syscall.S:38\n#1  0x000055555ba4c877 in rayon_core::sleep::Sleep::sleep ()\n#2  0x000055555ba4c30b in rayon_core::registry::WorkerThread::wait_until_cold ()\n#3  0x000055555ba4bcd2 in std::sys::backtrace::__rust_begin_short_backtrace ()\n#4  0x000055555ba4ba3c in core::ops::function::FnOnce::call_once{{vtable.shim}} ()\n#5  0x000055555bd7502a in std::sys::thread::unix::Thread::new::thread_start ()\n#6  0x00007ffff7c9cb84 in start_thread (arg=<optimized out>) at ./nptl/pthread_create.c:447\n#7  0x00007ffff7d29ecc in clone3 () at ../sysdeps/unix/sysv/linux/x86_64/clone3.S:78\n"
~"\nThread 11 (Thread 0x7ffff67b66c0 (LWP 2268719) \"qe-worker-9\"):\n"
~"#0  syscall () at ../sysdeps/unix/sysv/linux/x86_64/syscall.S:38\n#1  0x000055555ba4c877 in rayon_core::sleep::Sleep::sleep ()\n#2  0x000055555ba4c30b in rayon_core::registry::WorkerThread::wait_until_cold ()\n#3  0x000055555ba4bcd2 in std::sys::backtrace::__rust_begin_short_backtrace ()\n#4  0x000055555ba4ba3c in core::ops::function::FnOnce::call_once{{vtable.shim}} ()\n#5  0x000055555bd7502a in std::sys::thread::unix::Thread::new::thread_start ()\n#6  0x00007ffff7c9cb84 in start_thread (arg=<optimized out>) at ./nptl/pthread_create.c:447\n#7  0x00007ffff7d29ecc in clone3 () at ../sysdeps/unix/sysv/linux/x86_64/clone3.S:78\n"
~"\nThread 10 (Thread 0x7ffff69b76c0 (LWP 2268718) \"qe-worker-8\"):\n"
~"#0  syscall () at ../sysdeps/unix/sysv/linux/x86_64/syscall.S:38\n#1  0x000055555ba4c877 in rayon_core::sleep::Sleep::sleep ()\n#2  0x000055555ba4c30b in rayon_core::registry::WorkerThread::wait_until_cold ()\n#3  0x000055555ba4bcd2 in std::sys::backtrace::__rust_begin_short_backtrace ()\n#4  0x000055555ba4ba3c in core::ops::function::FnOnce::call_once{{vtable.shim}} ()\n#5  0x000055555bd7502a in std::sys::thread::unix::Thread::new::thread_start ()\n#6  0x00007ffff7c9cb84 in start_thread (arg=<optimized out>) at ./nptl/pthread_create.c:447\n#7  0x00007ffff7d29ecc in clone3 () at ../sysdeps/unix/sysv/linux/x86_64/clone3.S:78\n"
~"\nThread 9 (Thread 0x7ffff6bb86c0 (LWP 2268717) \"qe-worker-7\"):\n"
~"#0  syscall () at ../sysdeps/unix/sysv/linux/x86_64/syscall.S:38\n#1  0x000055555ba4c877 in rayon_core::sleep::Sleep::sleep ()\n#2  0x000055555ba4c30b in rayon_core::registry::WorkerThread::wait_until_cold ()\n#3  0x000055555ba4bcd2 in std::sys::backtrace::__rust_begin_short_backtrace ()\n#4  0x000055555ba4ba3c in core::ops::function::FnOnce::call_once{{vtable.shim}} ()\n#5  0x000055555bd7502a in std::sys::thread::unix::Thread::new::thread_start ()\n#6  0x00007ffff7c9cb84 in start_thread (arg=<optimized out>) at ./nptl/pthread_create.c:447\n#7  0x00007ffff7d29ecc in clone3 () at ../sysdeps/unix/sysv/linux/x86_64/clone3.S:78\n"
~"\nThread 8 (Thread 0x7ffff6db96c0 (LWP 2268716) \"qe-worker-6\"):\n"
~"#0  syscall () at ../sysdeps/unix/sysv/linux/x86_64/syscall.S:38\n#1  0x000055555ba4c877 in rayon_core::sleep::Sleep::sleep ()\n#2  0x000055555ba4c30b in rayon_core::registry::WorkerThread::wait_until_cold ()\n#3  0x000055555ba4bcd2 in std::sys::backtrace::__rust_begin_short_backtrace ()\n#4  0x000055555ba4ba3c in core::ops::function::FnOnce::call_once{{vtable.shim}} ()\n#5  0x000055555bd7502a in std::sys::thread::unix::Thread::new::thread_start ()\n#6  0x00007ffff7c9cb84 in start_thread (arg=<optimized out>) at ./nptl/pthread_create.c:447\n#7  0x00007ffff7d29ecc in clone3 () at ../sysdeps/unix/sysv/linux/x86_64/clone3.S:78\n"
~"\nThread 7 (Thread 0x7ffff6fba6c0 (LWP 2268715) \"qe-worker-5\"):\n"
~"#0  syscall () at ../sysdeps/unix/sysv/linux/x86_64/syscall.S:38\n#1  0x000055555ba4c877 in rayon_core::sleep::Sleep::sleep ()\n#2  0x000055555ba4c30b in rayon_core::registry::WorkerThread::wait_until_cold ()\n#3  0x000055555ba4bcd2 in std::sys::backtrace::__rust_begin_short_backtrace ()\n#4  0x000055555ba4ba3c in core::ops::function::FnOnce::call_once{{vtable.shim}} ()\n#5  0x000055555bd7502a in std::sys::thread::unix::Thread::new::thread_start ()\n#6  0x00007ffff7c9cb84 in start_thread (arg=<optimized out>) at ./nptl/pthread_create.c:447\n#7  0x00007ffff7d29ecc in clone3 () at ../sysdeps/unix/sysv/linux/x86_64/clone3.S:78\n"
~"\nThread 6 (Thread 0x7ffff71bb6c0 (LWP 2268714) \"qe-worker-4\"):\n"
~"#0  syscall () at ../sysdeps/unix/sysv/linux/x86_64/syscall.S:38\n#1  0x000055555ba4c877 in rayon_core::sleep::Sleep::sleep ()\n#2  0x000055555ba4c30b in rayon_core::registry::WorkerThread::wait_until_cold ()\n#3  0x000055555ba4bcd2 in std::sys::backtrace::__rust_begin_short_backtrace ()\n#4  0x000055555ba4ba3c in core::ops::function::FnOnce::call_once{{vtable.shim}} ()\n#5  0x000055555bd7502a in std::sys::thread::unix::Thread::new::thread_start ()\n#6  0x00007ffff7c9cb84 in start_thread (arg=<optimized out>) at ./nptl/pthread_create.c:447\n#7  0x00007ffff7d29ecc in clone3 () at ../sysdeps/unix/sysv/linux/x86_64/clone3.S:78\n"
~"\nThread 5 (Thread 0x7ffff73bc6c0 (LWP 2268713) \"qe-worker-3\"):\n"
~"#0  syscall () at ../sysdeps/unix/sysv/linux/x86_64/syscall.S:38\n#1  0x000055555ba4c877 in rayon_core::sleep::Sleep::sleep ()\n#2  0x000055555ba4c30b in rayon_core::registry::WorkerThread::wait_until_cold ()\n#3  0x000055555ba4bcd2 in std::sys::backtrace::__rust_begin_short_backtrace ()\n#4  0x000055555ba4ba3c in core::ops::function::FnOnce::call_once{{vtable.shim}} ()\n#5  0x000055555bd7502a in std::sys::thread::unix::Thread::new::thread_start ()\n#6  0x00007ffff7c9cb84 in start_thread (arg=<optimized out>) at ./nptl/pthread_create.c:447\n#7  0x00007ffff7d29ecc in clone3 () at ../sysdeps/unix/sysv/linux/x86_64/clone3.S:78\n"
~"\nThread 4 (Thread 0x7ffff75bd6c0 (LWP 2268712) \"qe-worker-2\"):\n"
~"#0  syscall () at ../sysdeps/unix/sysv/linux/x86_64/syscall.S:38\n#1  0x000055555ba4c877 in rayon_core::sleep::Sleep::sleep ()\n#2  0x000055555ba4c30b in rayon_core::registry::WorkerThread::wait_until_cold ()\n#3  0x000055555ba4bcd2 in std::sys::backtrace::__rust_begin_short_backtrace ()\n#4  0x000055555ba4ba3c in core::ops::function::FnOnce::call_once{{vtable.shim}} ()\n#5  0x000055555bd7502a in std::sys::thread::unix::Thread::new::thread_start ()\n#6  0x00007ffff7c9cb84 in start_thread (arg=<optimized out>) at ./nptl/pthread_create.c:447\n#7  0x00007ffff7d29ecc in clone3 () at ../sysdeps/unix/sysv/linux/x86_64/clone3.S:78\n"
~"\nThread 3 (Thread 0x7ffff77be6c0 (LWP 2268711) \"qe-worker-1\"):\n"
~"#0  syscall () at ../sysdeps/unix/sysv/linux/x86_64/syscall.S:38\n#1  0x000055555ba4c877 in rayon_core::sleep::Sleep::sleep ()\n#2  0x000055555ba4c30b in rayon_core::registry::WorkerThread::wait_until_cold ()\n#3  0x000055555ba4bcd2 in std::sys::backtrace::__rust_begin_short_backtrace ()\n#4  0x000055555ba4ba3c in core::ops::function::FnOnce::call_once{{vtable.shim}} ()\n#5  0x000055555bd7502a in std::sys::thread::unix::Thread::new::thread_start ()\n#6  0x00007ffff7c9cb84 in start_thread (arg=<optimized out>) at ./nptl/pthread_create.c:447\n#7  0x00007ffff7d29ecc in clone3 () at ../sysdeps/unix/sysv/linux/x86_64/clone3.S:78\n"
~"\nThread 2 (Thread 0x7ffff79bf6c0 (LWP 2268710) \"qe-worker-0\"):\n"
~"#0  syscall () at ../sysdeps/unix/sysv/linux/x86_64/syscall.S:38\n#1  0x000055555ba4c877 in rayon_core::sleep::Sleep::sleep ()\n#2  0x000055555ba4c30b in rayon_core::registry::WorkerThread::wait_until_cold ()\n#3  0x000055555ba4bcd2 in std::sys::backtrace::__rust_begin_short_backtrace ()\n#4  0x000055555ba4ba3c in core::ops::function::FnOnce::call_once{{vtable.shim}} ()\n#5  0x000055555bd7502a in std::sys::thread::unix::Thread::new::thread_start ()\n#6  0x00007ffff7c9cb84 in start_thread (arg=<optimized out>) at ./nptl/pthread_create.c:447\n#7  0x00007ffff7d29ecc in clone3 () at ../sysdeps/unix/sysv/linux/x86_64/clone3.S:78\n"
~"\nThread 1 (Thread 0x7ffff7e8d100 (LWP 2268699) \"serial_frontier\"):\n"
~"#0  syscall () at ../sysdeps/unix/sysv/linux/x86_64/syscall.S:38\n#1  0x000055555ba4d835 in rayon_core::latch::LockLatch::wait_and_reset ()\n#2  0x000055555b531e43 in rayon_core::registry::Registry::in_worker_cold ()\n#3  0x000055555b523e4e in rayon::iter::plumbing::bridge_producer_consumer::helper ()\n#4  0x000055555b4a1e2a in query_engine::physical::morsel_agg::live_spill::execute::{{closure}} ()\n#5  0x000055555b4930c1 in <query_engine::physical::operators::spillable::SpillableHashAggregateExec as query_engine::physical::plan::PhysicalOperator>::execute::{{closure}} ()\n#6  0x000055555b632182 in <query_engine::physical::operators::project::ProjectExec as query_engine::physical::plan::PhysicalOperator>::execute::{{closure}} ()\n#7  0x000055555b4a7680 in query_engine::physical::operators::spillable::stream_merge_input_partitions::{{closure}} ()\n(More stack frames follow...)\n"
20^done
(gdb) 
21^running
*running,thread-id="all"
(gdb) 
22^done
(gdb) 
~"\nThread "
~"1 \"serial_frontier\" received signal SIGINT, Interrupt.\n"
~"syscall () at ../sysdeps/unix/sysv/linux/x86_64/syscall.S:38\n"
~"38\tin ../sysdeps/unix/sysv/linux/x86_64/syscall.S\n"
*stopped,reason="signal-received",signal-name="SIGINT",signal-meaning="Interrupt",frame={addr="0x00007ffff7d2752d",func="syscall",args=[],file="../sysdeps/unix/sysv/linux/x86_64/syscall.S",fullname="./misc/../sysdeps/unix/sysv/linux/x86_64/syscall.S",line="38",arch="i386:x86-64"},thread-id="1",stopped-threads="all",core="13"
~"\nThread 34 (Thread 0x7fff877fb6c0 (LWP 2268742) \"tokio-rt-worker\"):\n"
~"#0  syscall () at ../sysdeps/unix/sysv/linux/x86_64/syscall.S:38\n#1  0x000055555afdfe97 in parking_lot::condvar::Condvar::wait_until_internal ()\n#2  0x000055555bd86bfa in std::sys::backtrace::__rust_begin_short_backtrace ()\n#3  0x000055555bd89aea in core::ops::function::FnOnce::call_once{{vtable.shim}} ()\n#4  0x000055555bd7502a in std::sys::thread::unix::Thread::new::thread_start ()\n#5  0x00007ffff7c9cb84 in start_thread (arg=<optimized out>) at ./nptl/pthread_create.c:447\n#6  0x00007ffff7d29ecc in clone3 () at ../sysdeps/unix/sysv/linux/x86_64/clone3.S:78\n"
~"\nThread 33 (Thread 0x7fff879fc6c0 (LWP 2268741) \"tokio-rt-worker\"):\n"
~"#0  syscall () at ../sysdeps/unix/sysv/linux/x86_64/syscall.S:38\n#1  0x000055555afdfe39 in parking_lot::condvar::Condvar::wait_until_internal ()\n#2  0x000055555bd97d50 in tokio::runtime::scheduler::multi_thread::worker::Context::park_internal ()\n#3  0x000055555bd96fec in tokio::runtime::scheduler::multi_thread::worker::run ()\n#4  0x000055555bd9506d in tokio::runtime::task::raw::poll ()\n#5  0x000055555bd86b52 in std::sys::backtrace::__rust_begin_short_backtrace ()\n#6  0x000055555bd89aea in core::ops::function::FnOnce::call_once{{vtable.shim}} ()\n#7  0x000055555bd7502a in std::sys::thread::unix::Thread::new::thread_start ()\n(More stack frames follow...)\n"
~"\nThread 32 (Thread 0x7fff87bfd6c0 (LWP 2268740) \"tokio-rt-worker\"):\n"
~"#0  syscall () at ../sysdeps/unix/sysv/linux/x86_64/syscall.S:38\n#1  0x000055555afdfe39 in parking_lot::condvar::Condvar::wait_until_internal ()\n#2  0x000055555bd97d50 in tokio::runtime::scheduler::multi_thread::worker::Context::park_internal ()\n#3  0x000055555bd96fec in tokio::runtime::scheduler::multi_thread::worker::run ()\n#4  0x000055555bd9506d in tokio::runtime::task::raw::poll ()\n#5  0x000055555bd86b52 in std::sys::backtrace::__rust_begin_short_backtrace ()\n#6  0x000055555bd89aea in core::ops::function::FnOnce::call_once{{vtable.shim}} ()\n#7  0x000055555bd7502a in std::sys::thread::unix::Thread::new::thread_start ()\n(More stack frames follow...)\n"
~"\nThread 31 (Thread 0x7fff87dfe6c0 (LWP 2268739) \"tokio-rt-worker\"):\n"
~"#0  syscall () at ../sysdeps/unix/sysv/linux/x86_64/syscall.S:38\n#1  0x000055555afdfe39 in parking_lot::condvar::Condvar::wait_until_internal ()\n#2  0x000055555bd97d50 in tokio::runtime::scheduler::multi_thread::worker::Context::park_internal ()\n#3  0x000055555bd96fec in tokio::runtime::scheduler::multi_thread::worker::run ()\n#4  0x000055555bd9506d in tokio::runtime::task::raw::poll ()\n#5  0x000055555bd86b52 in std::sys::backtrace::__rust_begin_short_backtrace ()\n#6  0x000055555bd89aea in core::ops::function::FnOnce::call_once{{vtable.shim}} ()\n#7  0x000055555bd7502a in std::sys::thread::unix::Thread::new::thread_start ()\n(More stack frames follow...)\n"
~"\nThread 30 (Thread 0x7fff87fff6c0 (LWP 2268738) \"tokio-rt-worker\"):\n"
~"#0  syscall () at ../sysdeps/unix/sysv/linux/x86_64/syscall.S:38\n#1  0x000055555afdfe39 in parking_lot::condvar::Condvar::wait_until_internal ()\n#2  0x000055555bd97d50 in tokio::runtime::scheduler::multi_thread::worker::Context::park_internal ()\n#3  0x000055555bd96fec in tokio::runtime::scheduler::multi_thread::worker::run ()\n#4  0x000055555bd9506d in tokio::runtime::task::raw::poll ()\n#5  0x000055555bd86b52 in std::sys::backtrace::__rust_begin_short_backtrace ()\n#6  0x000055555bd89aea in core::ops::function::FnOnce::call_once{{vtable.shim}} ()\n#7  0x000055555bd7502a in std::sys::thread::unix::Thread::new::thread_start ()\n(More stack frames follow...)\n"
~"\nThread 29 (Thread 0x7ffff43a46c0 (LWP 2268737) \"tokio-rt-worker\"):\n"
~"#0  syscall () at ../sysdeps/unix/sysv/linux/x86_64/syscall.S:38\n#1  0x000055555afdfe39 in parking_lot::condvar::Condvar::wait_until_internal ()\n#2  0x000055555bd97d50 in tokio::runtime::scheduler::multi_thread::worker::Context::park_internal ()\n#3  0x000055555bd96fec in tokio::runtime::scheduler::multi_thread::worker::run ()\n#4  0x000055555bd9506d in tokio::runtime::task::raw::poll ()\n#5  0x000055555bd86b52 in std::sys::backtrace::__rust_begin_short_backtrace ()\n#6  0x000055555bd89aea in core::ops::function::FnOnce::call_once{{vtable.shim}} ()\n#7  0x000055555bd7502a in std::sys::thread::unix::Thread::new::thread_start ()\n(More stack frames follow...)\n"
~"\nThread 28 (Thread 0x7ffff45a56c0 (LWP 2268736) \"tokio-rt-worker\"):\n"
~"#0  syscall () at ../sysdeps/unix/sysv/linux/x86_64/syscall.S:38\n#1  0x000055555afdfe39 in parking_lot::condvar::Condvar::wait_until_internal ()\n#2  0x000055555bd97d50 in tokio::runtime::scheduler::multi_thread::worker::Context::park_internal ()\n#3  0x000055555bd96fec in tokio::runtime::scheduler::multi_thread::worker::run ()\n#4  0x000055555bd9506d in tokio::runtime::task::raw::poll ()\n#5  0x000055555bd86b52 in std::sys::backtrace::__rust_begin_short_backtrace ()\n#6  0x000055555bd89aea in core::ops::function::FnOnce::call_once{{vtable.shim}} ()\n#7  0x000055555bd7502a in std::sys::thread::unix::Thread::new::thread_start ()\n(More stack frames follow...)\n"
~"\nThread 27 (Thread 0x7ffff47a66c0 (LWP 2268735) \"tokio-rt-worker\"):\n"
~"#0  syscall () at ../sysdeps/unix/sysv/linux/x86_64/syscall.S:38\n#1  0x000055555afdfe39 in parking_lot::condvar::Condvar::wait_until_internal ()\n#2  0x000055555bd97d50 in tokio::runtime::scheduler::multi_thread::worker::Context::park_internal ()\n#3  0x000055555bd96fec in tokio::runtime::scheduler::multi_thread::worker::run ()\n#4  0x000055555bd9506d in tokio::runtime::task::raw::poll ()\n#5  0x000055555bd86b52 in std::sys::backtrace::__rust_begin_short_backtrace ()\n#6  0x000055555bd89aea in core::ops::function::FnOnce::call_once{{vtable.shim}} ()\n#7  0x000055555bd7502a in std::sys::thread::unix::Thread::new::thread_start ()\n(More stack frames follow...)\n"
~"\nThread 26 (Thread 0x7ffff49a76c0 (LWP 2268734) \"tokio-rt-worker\"):\n"
~"#0  syscall () at ../sysdeps/unix/sysv/linux/x86_64/syscall.S:38\n#1  0x000055555afdfe39 in parking_lot::condvar::Condvar::wait_until_internal ()\n#2  0x000055555bd97d50 in tokio::runtime::scheduler::multi_thread::worker::Context::park_internal ()\n#3  0x000055555bd96fec in tokio::runtime::scheduler::multi_thread::worker::run ()\n#4  0x000055555bd9506d in tokio::runtime::task::raw::poll ()\n#5  0x000055555bd86b52 in std::sys::backtrace::__rust_begin_short_backtrace ()\n#6  0x000055555bd89aea in core::ops::function::FnOnce::call_once{{vtable.shim}} ()\n#7  0x000055555bd7502a in std::sys::thread::unix::Thread::new::thread_start ()\n(More stack frames follow...)\n"
~"\nThread 25 (Thread 0x7ffff4ba86c0 (LWP 2268733) \"tokio-rt-worker\"):\n"
~"#0  syscall () at ../sysdeps/unix/sysv/linux/x86_64/syscall.S:38\n#1  0x000055555afdfe39 in parking_lot::condvar::Condvar::wait_until_internal ()\n#2  0x000055555bd97d50 in tokio::runtime::scheduler::multi_thread::worker::Context::park_internal ()\n#3  0x000055555bd96fec in tokio::runtime::scheduler::multi_thread::worker::run ()\n#4  0x000055555bd9506d in tokio::runtime::task::raw::poll ()\n#5  0x000055555bd86b52 in std::sys::backtrace::__rust_begin_short_backtrace ()\n#6  0x000055555bd89aea in core::ops::function::FnOnce::call_once{{vtable.shim}} ()\n#7  0x000055555bd7502a in std::sys::thread::unix::Thread::new::thread_start ()\n(More stack frames follow...)\n"
~"\nThread 24 (Thread 0x7ffff4da96c0 (LWP 2268732) \"tokio-rt-worker\"):\n"
~"#0  syscall () at ../sysdeps/unix/sysv/linux/x86_64/syscall.S:38\n#1  0x000055555afdfe39 in parking_lot::condvar::Condvar::wait_until_internal ()\n#2  0x000055555bd97d50 in tokio::runtime::scheduler::multi_thread::worker::Context::park_internal ()\n#3  0x000055555bd96fec in tokio::runtime::scheduler::multi_thread::worker::run ()\n#4  0x000055555bd9506d in tokio::runtime::task::raw::poll ()\n#5  0x000055555bd86b52 in std::sys::backtrace::__rust_begin_short_backtrace ()\n#6  0x000055555bd89aea in core::ops::function::FnOnce::call_once{{vtable.shim}} ()\n#7  0x000055555bd7502a in std::sys::thread::unix::Thread::new::thread_start ()\n(More stack frames follow...)\n"
~"\nThread 23 (Thread 0x7ffff4faa6c0 (LWP 2268731) \"tokio-rt-worker\"):\n"
~"#0  syscall () at ../sysdeps/unix/sysv/linux/x86_64/syscall.S:38\n#1  0x000055555afdfe39 in parking_lot::condvar::Condvar::wait_until_internal ()\n#2  0x000055555bd97d50 in tokio::runtime::scheduler::multi_thread::worker::Context::park_internal ()\n#3  0x000055555bd96fec in tokio::runtime::scheduler::multi_thread::worker::run ()\n#4  0x000055555bd9506d in tokio::runtime::task::raw::poll ()\n#5  0x000055555bd86b52 in std::sys::backtrace::__rust_begin_short_backtrace ()\n#6  0x000055555bd89aea in core::ops::function::FnOnce::call_once{{vtable.shim}} ()\n#7  0x000055555bd7502a in std::sys::thread::unix::Thread::new::thread_start ()\n(More stack frames follow...)\n"
~"\nThread 22 (Thread 0x7ffff51ab6c0 (LWP 2268730) \"tokio-rt-worker\"):\n"
~"#0  syscall () at ../sysdeps/unix/sysv/linux/x86_64/syscall.S:38\n#1  0x000055555afdfe39 in parking_lot::condvar::Condvar::wait_until_internal ()\n#2  0x000055555bd97d50 in tokio::runtime::scheduler::multi_thread::worker::Context::park_internal ()\n#3  0x000055555bd96fec in tokio::runtime::scheduler::multi_thread::worker::run ()\n#4  0x000055555bd9506d in tokio::runtime::task::raw::poll ()\n#5  0x000055555bd86b52 in std::sys::backtrace::__rust_begin_short_backtrace ()\n#6  0x000055555bd89aea in core::ops::function::FnOnce::call_once{{vtable.shim}} ()\n#7  0x000055555bd7502a in std::sys::thread::unix::Thread::new::thread_start ()\n(More stack frames follow...)\n"
~"\nThread 21 (Thread 0x7ffff53ac6c0 (LWP 2268729) \"tokio-rt-worker\"):\n"
~"#0  syscall () at ../sysdeps/unix/sysv/linux/x86_64/syscall.S:38\n#1  0x000055555afdfe39 in parking_lot::condvar::Condvar::wait_until_internal ()\n#2  0x000055555bd97d50 in tokio::runtime::scheduler::multi_thread::worker::Context::park_internal ()\n#3  0x000055555bd96fec in tokio::runtime::scheduler::multi_thread::worker::run ()\n#4  0x000055555bd9506d in tokio::runtime::task::raw::poll ()\n#5  0x000055555bd86b52 in std::sys::backtrace::__rust_begin_short_backtrace ()\n#6  0x000055555bd89aea in core::ops::function::FnOnce::call_once{{vtable.shim}} ()\n#7  0x000055555bd7502a in std::sys::thread::unix::Thread::new::thread_start ()\n(More stack frames follow...)\n"
~"\nThread 20 (Thread 0x7ffff55ad6c0 (LWP 2268728) \"tokio-rt-worker\"):\n"
~"#0  syscall () at ../sysdeps/unix/sysv/linux/x86_64/syscall.S:38\n#1  0x000055555afdfe39 in parking_lot::condvar::Condvar::wait_until_internal ()\n#2  0x000055555bd97d50 in tokio::runtime::scheduler::multi_thread::worker::Context::park_internal ()\n#3  0x000055555bd96fec in tokio::runtime::scheduler::multi_thread::worker::run ()\n#4  0x000055555bd9506d in tokio::runtime::task::raw::poll ()\n#5  0x000055555bd86b52 in std::sys::backtrace::__rust_begin_short_backtrace ()\n#6  0x000055555bd89aea in core::ops::function::FnOnce::call_once{{vtable.shim}} ()\n#7  0x000055555bd7502a in std::sys::thread::unix::Thread::new::thread_start ()\n(More stack frames follow...)\n"
~"\nThread 19 (Thread 0x7ffff57ae6c0 (LWP 2268727) \"tokio-rt-worker\"):\n"
~"#0  syscall () at ../sysdeps/unix/sysv/linux/x86_64/syscall.S:38\n#1  0x000055555afdfe39 in parking_lot::condvar::Condvar::wait_until_internal ()\n#2  0x000055555bd97d50 in tokio::runtime::scheduler::multi_thread::worker::Context::park_internal ()\n#3  0x000055555bd96fec in tokio::runtime::scheduler::multi_thread::worker::run ()\n#4  0x000055555bd9506d in tokio::runtime::task::raw::poll ()\n#5  0x000055555bd86b52 in std::sys::backtrace::__rust_begin_short_backtrace ()\n#6  0x000055555bd89aea in core::ops::function::FnOnce::call_once{{vtable.shim}} ()\n#7  0x000055555bd7502a in std::sys::thread::unix::Thread::new::thread_start ()\n(More stack frames follow...)\n"
~"\nThread 18 (Thread 0x7ffff59af6c0 (LWP 2268726) \"tokio-rt-worker\"):\n"
~"#0  0x00007ffff7d2a2d2 in epoll_wait (epfd=3, events=0x36f6e300000, maxevents=1024, timeout=-1) at ../sysdeps/unix/sysv/linux/epoll_wait.c:30\n#1  0x000055555bd994ae in tokio::runtime::io::driver::Driver::turn ()\n#2  0x000055555bd9919d in tokio::runtime::time::Driver::park_internal ()\n#3  0x000055555bd97b94 in tokio::runtime::scheduler::multi_thread::worker::Context::park_internal ()\n#4  0x000055555bd96fec in tokio::runtime::scheduler::multi_thread::worker::run ()\n#5  0x000055555bd9506d in tokio::runtime::task::raw::poll ()\n#6  0x000055555bd86b52 in std::sys::backtrace::__rust_begin_short_backtrace ()\n#7  0x000055555bd89aea in core::ops::function::FnOnce::call_once{{vtable.shim}} ()\n(More stack frames follow...)\n"
~"\nThread 17 (Thread 0x7ffff5bb06c0 (LWP 2268725) \"qe-worker-15\"):\n"
~"#0  syscall () at ../sysdeps/unix/sysv/linux/x86_64/syscall.S:38\n#1  0x000055555ba4c877 in rayon_core::sleep::Sleep::sleep ()\n#2  0x000055555ba4c30b in rayon_core::registry::WorkerThread::wait_until_cold ()\n#3  0x000055555ba4bcd2 in std::sys::backtrace::__rust_begin_short_backtrace ()\n#4  0x000055555ba4ba3c in core::ops::function::FnOnce::call_once{{vtable.shim}} ()\n#5  0x000055555bd7502a in std::sys::thread::unix::Thread::new::thread_start ()\n#6  0x00007ffff7c9cb84 in start_thread (arg=<optimized out>) at ./nptl/pthread_create.c:447\n#7  0x00007ffff7d29ecc in clone3 () at ../sysdeps/unix/sysv/linux/x86_64/clone3.S:78\n"
~"\nThread 16 (Thread 0x7ffff5db16c0 (LWP 2268724) \"qe-worker-14\"):\n"
~"#0  syscall () at ../sysdeps/unix/sysv/linux/x86_64/syscall.S:38\n#1  0x000055555ba4c877 in rayon_core::sleep::Sleep::sleep ()\n#2  0x000055555ba4c30b in rayon_core::registry::WorkerThread::wait_until_cold ()\n#3  0x000055555ba4bcd2 in std::sys::backtrace::__rust_begin_short_backtrace ()\n#4  0x000055555ba4ba3c in core::ops::function::FnOnce::call_once{{vtable.shim}} ()\n#5  0x000055555bd7502a in std::sys::thread::unix::Thread::new::thread_start ()\n#6  0x00007ffff7c9cb84 in start_thread (arg=<optimized out>) at ./nptl/pthread_create.c:447\n#7  0x00007ffff7d29ecc in clone3 () at ../sysdeps/unix/sysv/linux/x86_64/clone3.S:78\n"
~"\nThread 15 (Thread 0x7ffff5fb26c0 (LWP 2268723) \"qe-worker-13\"):\n"
~"#0  syscall () at ../sysdeps/unix/sysv/linux/x86_64/syscall.S:38\n#1  0x000055555ba4c877 in rayon_core::sleep::Sleep::sleep ()\n#2  0x000055555ba4c30b in rayon_core::registry::WorkerThread::wait_until_cold ()\n#3  0x000055555ba4bcd2 in std::sys::backtrace::__rust_begin_short_backtrace ()\n#4  0x000055555ba4ba3c in core::ops::function::FnOnce::call_once{{vtable.shim}} ()\n#5  0x000055555bd7502a in std::sys::thread::unix::Thread::new::thread_start ()\n#6  0x00007ffff7c9cb84 in start_thread (arg=<optimized out>) at ./nptl/pthread_create.c:447\n#7  0x00007ffff7d29ecc in clone3 () at ../sysdeps/unix/sysv/linux/x86_64/clone3.S:78\n"
~"\nThread 14 (Thread 0x7ffff61b36c0 (LWP 2268722) \"qe-worker-12\"):\n"
~"#0  syscall () at ../sysdeps/unix/sysv/linux/x86_64/syscall.S:38\n#1  0x000055555ba4c877 in rayon_core::sleep::Sleep::sleep ()\n#2  0x000055555ba4c30b in rayon_core::registry::WorkerThread::wait_until_cold ()\n#3  0x000055555ba4bcd2 in std::sys::backtrace::__rust_begin_short_backtrace ()\n#4  0x000055555ba4ba3c in core::ops::function::FnOnce::call_once{{vtable.shim}} ()\n#5  0x000055555bd7502a in std::sys::thread::unix::Thread::new::thread_start ()\n#6  0x00007ffff7c9cb84 in start_thread (arg=<optimized out>) at ./nptl/pthread_create.c:447\n#7  0x00007ffff7d29ecc in clone3 () at ../sysdeps/unix/sysv/linux/x86_64/clone3.S:78\n"
~"\nThread 13 (Thread 0x7ffff63b46c0 (LWP 2268721) \"qe-worker-11\"):\n"
~"#0  syscall () at ../sysdeps/unix/sysv/linux/x86_64/syscall.S:38\n#1  0x000055555ba4c877 in rayon_core::sleep::Sleep::sleep ()\n#2  0x000055555ba4c30b in rayon_core::registry::WorkerThread::wait_until_cold ()\n#3  0x000055555ba4bcd2 in std::sys::backtrace::__rust_begin_short_backtrace ()\n#4  0x000055555ba4ba3c in core::ops::function::FnOnce::call_once{{vtable.shim}} ()\n#5  0x000055555bd7502a in std::sys::thread::unix::Thread::new::thread_start ()\n#6  0x00007ffff7c9cb84 in start_thread (arg=<optimized out>) at ./nptl/pthread_create.c:447\n#7  0x00007ffff7d29ecc in clone3 () at ../sysdeps/unix/sysv/linux/x86_64/clone3.S:78\n"
~"\nThread 12 (Thread 0x7ffff65b56c0 (LWP 2268720) \"qe-worker-10\"):\n"
~"#0  syscall () at ../sysdeps/unix/sysv/linux/x86_64/syscall.S:38\n#1  0x000055555ba4c877 in rayon_core::sleep::Sleep::sleep ()\n#2  0x000055555ba4c30b in rayon_core::registry::WorkerThread::wait_until_cold ()\n#3  0x000055555ba4bcd2 in std::sys::backtrace::__rust_begin_short_backtrace ()\n#4  0x000055555ba4ba3c in core::ops::function::FnOnce::call_once{{vtable.shim}} ()\n#5  0x000055555bd7502a in std::sys::thread::unix::Thread::new::thread_start ()\n#6  0x00007ffff7c9cb84 in start_thread (arg=<optimized out>) at ./nptl/pthread_create.c:447\n#7  0x00007ffff7d29ecc in clone3 () at ../sysdeps/unix/sysv/linux/x86_64/clone3.S:78\n"
~"\nThread 11 (Thread 0x7ffff67b66c0 (LWP 2268719) \"qe-worker-9\"):\n"
~"#0  syscall () at ../sysdeps/unix/sysv/linux/x86_64/syscall.S:38\n#1  0x000055555ba4c877 in rayon_core::sleep::Sleep::sleep ()\n#2  0x000055555ba4c30b in rayon_core::registry::WorkerThread::wait_until_cold ()\n#3  0x000055555ba4bcd2 in std::sys::backtrace::__rust_begin_short_backtrace ()\n#4  0x000055555ba4ba3c in core::ops::function::FnOnce::call_once{{vtable.shim}} ()\n#5  0x000055555bd7502a in std::sys::thread::unix::Thread::new::thread_start ()\n#6  0x00007ffff7c9cb84 in start_thread (arg=<optimized out>) at ./nptl/pthread_create.c:447\n#7  0x00007ffff7d29ecc in clone3 () at ../sysdeps/unix/sysv/linux/x86_64/clone3.S:78\n"
~"\nThread 10 (Thread 0x7ffff69b76c0 (LWP 2268718) \"qe-worker-8\"):\n"
~"#0  syscall () at ../sysdeps/unix/sysv/linux/x86_64/syscall.S:38\n#1  0x000055555ba4c877 in rayon_core::sleep::Sleep::sleep ()\n#2  0x000055555ba4c30b in rayon_core::registry::WorkerThread::wait_until_cold ()\n#3  0x000055555ba4bcd2 in std::sys::backtrace::__rust_begin_short_backtrace ()\n#4  0x000055555ba4ba3c in core::ops::function::FnOnce::call_once{{vtable.shim}} ()\n#5  0x000055555bd7502a in std::sys::thread::unix::Thread::new::thread_start ()\n#6  0x00007ffff7c9cb84 in start_thread (arg=<optimized out>) at ./nptl/pthread_create.c:447\n#7  0x00007ffff7d29ecc in clone3 () at ../sysdeps/unix/sysv/linux/x86_64/clone3.S:78\n"
~"\nThread 9 (Thread 0x7ffff6bb86c0 (LWP 2268717) \"qe-worker-7\"):\n"
~"#0  syscall () at ../sysdeps/unix/sysv/linux/x86_64/syscall.S:38\n#1  0x000055555ba4c877 in rayon_core::sleep::Sleep::sleep ()\n#2  0x000055555ba4c30b in rayon_core::registry::WorkerThread::wait_until_cold ()\n#3  0x000055555ba4bcd2 in std::sys::backtrace::__rust_begin_short_backtrace ()\n#4  0x000055555ba4ba3c in core::ops::function::FnOnce::call_once{{vtable.shim}} ()\n#5  0x000055555bd7502a in std::sys::thread::unix::Thread::new::thread_start ()\n#6  0x00007ffff7c9cb84 in start_thread (arg=<optimized out>) at ./nptl/pthread_create.c:447\n#7  0x00007ffff7d29ecc in clone3 () at ../sysdeps/unix/sysv/linux/x86_64/clone3.S:78\n"
~"\nThread 8 (Thread 0x7ffff6db96c0 (LWP 2268716) \"qe-worker-6\"):\n"
~"#0  syscall () at ../sysdeps/unix/sysv/linux/x86_64/syscall.S:38\n#1  0x000055555ba4c877 in rayon_core::sleep::Sleep::sleep ()\n#2  0x000055555ba4c30b in rayon_core::registry::WorkerThread::wait_until_cold ()\n#3  0x000055555ba4bcd2 in std::sys::backtrace::__rust_begin_short_backtrace ()\n#4  0x000055555ba4ba3c in core::ops::function::FnOnce::call_once{{vtable.shim}} ()\n#5  0x000055555bd7502a in std::sys::thread::unix::Thread::new::thread_start ()\n#6  0x00007ffff7c9cb84 in start_thread (arg=<optimized out>) at ./nptl/pthread_create.c:447\n#7  0x00007ffff7d29ecc in clone3 () at ../sysdeps/unix/sysv/linux/x86_64/clone3.S:78\n"
~"\nThread 7 (Thread 0x7ffff6fba6c0 (LWP 2268715) \"qe-worker-5\"):\n"
~"#0  syscall () at ../sysdeps/unix/sysv/linux/x86_64/syscall.S:38\n#1  0x000055555ba4c877 in rayon_core::sleep::Sleep::sleep ()\n#2  0x000055555ba4c30b in rayon_core::registry::WorkerThread::wait_until_cold ()\n#3  0x000055555ba4bcd2 in std::sys::backtrace::__rust_begin_short_backtrace ()\n#4  0x000055555ba4ba3c in core::ops::function::FnOnce::call_once{{vtable.shim}} ()\n#5  0x000055555bd7502a in std::sys::thread::unix::Thread::new::thread_start ()\n#6  0x00007ffff7c9cb84 in start_thread (arg=<optimized out>) at ./nptl/pthread_create.c:447\n#7  0x00007ffff7d29ecc in clone3 () at ../sysdeps/unix/sysv/linux/x86_64/clone3.S:78\n"
~"\nThread 6 (Thread 0x7ffff71bb6c0 (LWP 2268714) \"qe-worker-4\"):\n"
~"#0  syscall () at ../sysdeps/unix/sysv/linux/x86_64/syscall.S:38\n#1  0x000055555ba4c877 in rayon_core::sleep::Sleep::sleep ()\n#2  0x000055555ba4c30b in rayon_core::registry::WorkerThread::wait_until_cold ()\n#3  0x000055555ba4bcd2 in std::sys::backtrace::__rust_begin_short_backtrace ()\n#4  0x000055555ba4ba3c in core::ops::function::FnOnce::call_once{{vtable.shim}} ()\n#5  0x000055555bd7502a in std::sys::thread::unix::Thread::new::thread_start ()\n#6  0x00007ffff7c9cb84 in start_thread (arg=<optimized out>) at ./nptl/pthread_create.c:447\n#7  0x00007ffff7d29ecc in clone3 () at ../sysdeps/unix/sysv/linux/x86_64/clone3.S:78\n"
~"\nThread 5 (Thread 0x7ffff73bc6c0 (LWP 2268713) \"qe-worker-3\"):\n"
~"#0  syscall () at ../sysdeps/unix/sysv/linux/x86_64/syscall.S:38\n#1  0x000055555ba4c877 in rayon_core::sleep::Sleep::sleep ()\n#2  0x000055555ba4c30b in rayon_core::registry::WorkerThread::wait_until_cold ()\n#3  0x000055555ba4bcd2 in std::sys::backtrace::__rust_begin_short_backtrace ()\n#4  0x000055555ba4ba3c in core::ops::function::FnOnce::call_once{{vtable.shim}} ()\n#5  0x000055555bd7502a in std::sys::thread::unix::Thread::new::thread_start ()\n#6  0x00007ffff7c9cb84 in start_thread (arg=<optimized out>) at ./nptl/pthread_create.c:447\n#7  0x00007ffff7d29ecc in clone3 () at ../sysdeps/unix/sysv/linux/x86_64/clone3.S:78\n"
~"\nThread 4 (Thread 0x7ffff75bd6c0 (LWP 2268712) \"qe-worker-2\"):\n"
~"#0  syscall () at ../sysdeps/unix/sysv/linux/x86_64/syscall.S:38\n#1  0x000055555ba4c877 in rayon_core::sleep::Sleep::sleep ()\n#2  0x000055555ba4c30b in rayon_core::registry::WorkerThread::wait_until_cold ()\n#3  0x000055555ba4bcd2 in std::sys::backtrace::__rust_begin_short_backtrace ()\n#4  0x000055555ba4ba3c in core::ops::function::FnOnce::call_once{{vtable.shim}} ()\n#5  0x000055555bd7502a in std::sys::thread::unix::Thread::new::thread_start ()\n#6  0x00007ffff7c9cb84 in start_thread (arg=<optimized out>) at ./nptl/pthread_create.c:447\n#7  0x00007ffff7d29ecc in clone3 () at ../sysdeps/unix/sysv/linux/x86_64/clone3.S:78\n"
~"\nThread 3 (Thread 0x7ffff77be6c0 (LWP 2268711) \"qe-worker-1\"):\n"
~"#0  syscall () at ../sysdeps/unix/sysv/linux/x86_64/syscall.S:38\n#1  0x000055555ba4c877 in rayon_core::sleep::Sleep::sleep ()\n#2  0x000055555ba4c30b in rayon_core::registry::WorkerThread::wait_until_cold ()\n#3  0x000055555ba4bcd2 in std::sys::backtrace::__rust_begin_short_backtrace ()\n#4  0x000055555ba4ba3c in core::ops::function::FnOnce::call_once{{vtable.shim}} ()\n#5  0x000055555bd7502a in std::sys::thread::unix::Thread::new::thread_start ()\n#6  0x00007ffff7c9cb84 in start_thread (arg=<optimized out>) at ./nptl/pthread_create.c:447\n#7  0x00007ffff7d29ecc in clone3 () at ../sysdeps/unix/sysv/linux/x86_64/clone3.S:78\n"
~"\nThread 2 (Thread 0x7ffff79bf6c0 (LWP 2268710) \"qe-worker-0\"):\n"
~"#0  syscall () at ../sysdeps/unix/sysv/linux/x86_64/syscall.S:38\n#1  0x000055555ba4c877 in rayon_core::sleep::Sleep::sleep ()\n#2  0x000055555ba4c30b in rayon_core::registry::WorkerThread::wait_until_cold ()\n#3  0x000055555ba4bcd2 in std::sys::backtrace::__rust_begin_short_backtrace ()\n#4  0x000055555ba4ba3c in core::ops::function::FnOnce::call_once{{vtable.shim}} ()\n#5  0x000055555bd7502a in std::sys::thread::unix::Thread::new::thread_start ()\n#6  0x00007ffff7c9cb84 in start_thread (arg=<optimized out>) at ./nptl/pthread_create.c:447\n#7  0x00007ffff7d29ecc in clone3 () at ../sysdeps/unix/sysv/linux/x86_64/clone3.S:78\n"
~"\nThread 1 (Thread 0x7ffff7e8d100 (LWP 2268699) \"serial_frontier\"):\n"
~"#0  syscall () at ../sysdeps/unix/sysv/linux/x86_64/syscall.S:38\n#1  0x000055555ba4d835 in rayon_core::latch::LockLatch::wait_and_reset ()\n#2  0x000055555b5304f3 in rayon_core::registry::Registry::in_worker_cold ()\n#3  0x000055555b526cfa in rayon::iter::plumbing::bridge_producer_consumer::helper ()\n#4  0x000055555b4a2d45 in query_engine::physical::morsel_agg::live_spill::execute::{{closure}} ()\n#5  0x000055555b4930c1 in <query_engine::physical::operators::spillable::SpillableHashAggregateExec as query_engine::physical::plan::PhysicalOperator>::execute::{{closure}} ()\n#6  0x000055555b632182 in <query_engine::physical::operators::project::ProjectExec as query_engine::physical::plan::PhysicalOperator>::execute::{{closure}} ()\n#7  0x000055555b4a7680 in query_engine::physical::operators::spillable::stream_merge_input_partitions::{{closure}} ()\n(More stack frames follow...)\n"
23^done
(gdb) 
24^running
*running,thread-id="all"
(gdb) 
25^done
(gdb) 
~"\nThread "
~"1 \"serial_frontier\" received signal SIGINT, Interrupt.\n"
~"0x000055555b64191a in query_engine::execution::reserved_vec::ReservedVec<T>::try_extend_reserved ()\n"
*stopped,reason="signal-received",signal-name="SIGINT",signal-meaning="Interrupt",frame={addr="0x000055555b64191a",func="query_engine::execution::reserved_vec::ReservedVec<T>::try_extend_reserved",args=[],arch="i386:x86-64"},thread-id="1",stopped-threads="all",core="0"
~"\nThread 34 (Thread 0x7fff877fb6c0 (LWP 2268742) \"tokio-rt-worker\"):\n"
~"#0  syscall () at ../sysdeps/unix/sysv/linux/x86_64/syscall.S:38\n#1  0x000055555afdfe97 in parking_lot::condvar::Condvar::wait_until_internal ()\n#2  0x000055555bd86bfa in std::sys::backtrace::__rust_begin_short_backtrace ()\n#3  0x000055555bd89aea in core::ops::function::FnOnce::call_once{{vtable.shim}} ()\n#4  0x000055555bd7502a in std::sys::thread::unix::Thread::new::thread_start ()\n#5  0x00007ffff7c9cb84 in start_thread (arg=<optimized out>) at ./nptl/pthread_create.c:447\n#6  0x00007ffff7d29ecc in clone3 () at ../sysdeps/unix/sysv/linux/x86_64/clone3.S:78\n"
~"\nThread 33 (Thread 0x7fff879fc6c0 (LWP 2268741) \"tokio-rt-worker\"):\n"
~"#0  syscall () at ../sysdeps/unix/sysv/linux/x86_64/syscall.S:38\n#1  0x000055555afdfe39 in parking_lot::condvar::Condvar::wait_until_internal ()\n#2  0x000055555bd97d50 in tokio::runtime::scheduler::multi_thread::worker::Context::park_internal ()\n#3  0x000055555bd96fec in tokio::runtime::scheduler::multi_thread::worker::run ()\n#4  0x000055555bd9506d in tokio::runtime::task::raw::poll ()\n#5  0x000055555bd86b52 in std::sys::backtrace::__rust_begin_short_backtrace ()\n#6  0x000055555bd89aea in core::ops::function::FnOnce::call_once{{vtable.shim}} ()\n#7  0x000055555bd7502a in std::sys::thread::unix::Thread::new::thread_start ()\n(More stack frames follow...)\n"
~"\nThread 32 (Thread 0x7fff87bfd6c0 (LWP 2268740) \"tokio-rt-worker\"):\n"
~"#0  syscall () at ../sysdeps/unix/sysv/linux/x86_64/syscall.S:38\n#1  0x000055555afdfe39 in parking_lot::condvar::Condvar::wait_until_internal ()\n#2  0x000055555bd97d50 in tokio::runtime::scheduler::multi_thread::worker::Context::park_internal ()\n#3  0x000055555bd96fec in tokio::runtime::scheduler::multi_thread::worker::run ()\n#4  0x000055555bd9506d in tokio::runtime::task::raw::poll ()\n#5  0x000055555bd86b52 in std::sys::backtrace::__rust_begin_short_backtrace ()\n#6  0x000055555bd89aea in core::ops::function::FnOnce::call_once{{vtable.shim}} ()\n#7  0x000055555bd7502a in std::sys::thread::unix::Thread::new::thread_start ()\n(More stack frames follow...)\n"
~"\nThread 31 (Thread 0x7fff87dfe6c0 (LWP 2268739) \"tokio-rt-worker\"):\n"
~"#0  syscall () at ../sysdeps/unix/sysv/linux/x86_64/syscall.S:38\n#1  0x000055555afdfe39 in parking_lot::condvar::Condvar::wait_until_internal ()\n#2  0x000055555bd97d50 in tokio::runtime::scheduler::multi_thread::worker::Context::park_internal ()\n#3  0x000055555bd96fec in tokio::runtime::scheduler::multi_thread::worker::run ()\n#4  0x000055555bd9506d in tokio::runtime::task::raw::poll ()\n#5  0x000055555bd86b52 in std::sys::backtrace::__rust_begin_short_backtrace ()\n#6  0x000055555bd89aea in core::ops::function::FnOnce::call_once{{vtable.shim}} ()\n#7  0x000055555bd7502a in std::sys::thread::unix::Thread::new::thread_start ()\n(More stack frames follow...)\n"
~"\nThread 30 (Thread 0x7fff87fff6c0 (LWP 2268738) \"tokio-rt-worker\"):\n"
~"#0  syscall () at ../sysdeps/unix/sysv/linux/x86_64/syscall.S:38\n#1  0x000055555afdfe39 in parking_lot::condvar::Condvar::wait_until_internal ()\n#2  0x000055555bd97d50 in tokio::runtime::scheduler::multi_thread::worker::Context::park_internal ()\n#3  0x000055555bd96fec in tokio::runtime::scheduler::multi_thread::worker::run ()\n#4  0x000055555bd9506d in tokio::runtime::task::raw::poll ()\n#5  0x000055555bd86b52 in std::sys::backtrace::__rust_begin_short_backtrace ()\n#6  0x000055555bd89aea in core::ops::function::FnOnce::call_once{{vtable.shim}} ()\n#7  0x000055555bd7502a in std::sys::thread::unix::Thread::new::thread_start ()\n(More stack frames follow...)\n"
~"\nThread 29 (Thread 0x7ffff43a46c0 (LWP 2268737) \"tokio-rt-worker\"):\n"
~"#0  syscall () at ../sysdeps/unix/sysv/linux/x86_64/syscall.S:38\n#1  0x000055555afdfe39 in parking_lot::condvar::Condvar::wait_until_internal ()\n#2  0x000055555bd97d50 in tokio::runtime::scheduler::multi_thread::worker::Context::park_internal ()\n#3  0x000055555bd96fec in tokio::runtime::scheduler::multi_thread::worker::run ()\n#4  0x000055555bd9506d in tokio::runtime::task::raw::poll ()\n#5  0x000055555bd86b52 in std::sys::backtrace::__rust_begin_short_backtrace ()\n#6  0x000055555bd89aea in core::ops::function::FnOnce::call_once{{vtable.shim}} ()\n#7  0x000055555bd7502a in std::sys::thread::unix::Thread::new::thread_start ()\n(More stack frames follow...)\n"
~"\nThread 28 (Thread 0x7ffff45a56c0 (LWP 2268736) \"tokio-rt-worker\"):\n"
~"#0  syscall () at ../sysdeps/unix/sysv/linux/x86_64/syscall.S:38\n#1  0x000055555afdfe39 in parking_lot::condvar::Condvar::wait_until_internal ()\n#2  0x000055555bd97d50 in tokio::runtime::scheduler::multi_thread::worker::Context::park_internal ()\n#3  0x000055555bd96fec in tokio::runtime::scheduler::multi_thread::worker::run ()\n#4  0x000055555bd9506d in tokio::runtime::task::raw::poll ()\n#5  0x000055555bd86b52 in std::sys::backtrace::__rust_begin_short_backtrace ()\n#6  0x000055555bd89aea in core::ops::function::FnOnce::call_once{{vtable.shim}} ()\n#7  0x000055555bd7502a in std::sys::thread::unix::Thread::new::thread_start ()\n(More stack frames follow...)\n"
~"\nThread 27 (Thread 0x7ffff47a66c0 (LWP 2268735) \"tokio-rt-worker\"):\n"
~"#0  syscall () at ../sysdeps/unix/sysv/linux/x86_64/syscall.S:38\n#1  0x000055555afdfe39 in parking_lot::condvar::Condvar::wait_until_internal ()\n#2  0x000055555bd97d50 in tokio::runtime::scheduler::multi_thread::worker::Context::park_internal ()\n#3  0x000055555bd96fec in tokio::runtime::scheduler::multi_thread::worker::run ()\n#4  0x000055555bd9506d in tokio::runtime::task::raw::poll ()\n#5  0x000055555bd86b52 in std::sys::backtrace::__rust_begin_short_backtrace ()\n#6  0x000055555bd89aea in core::ops::function::FnOnce::call_once{{vtable.shim}} ()\n#7  0x000055555bd7502a in std::sys::thread::unix::Thread::new::thread_start ()\n(More stack frames follow...)\n"
~"\nThread 26 (Thread 0x7ffff49a76c0 (LWP 2268734) \"tokio-rt-worker\"):\n"
~"#0  syscall () at ../sysdeps/unix/sysv/linux/x86_64/syscall.S:38\n#1  0x000055555afdfe39 in parking_lot::condvar::Condvar::wait_until_internal ()\n#2  0x000055555bd97d50 in tokio::runtime::scheduler::multi_thread::worker::Context::park_internal ()\n#3  0x000055555bd96fec in tokio::runtime::scheduler::multi_thread::worker::run ()\n#4  0x000055555bd9506d in tokio::runtime::task::raw::poll ()\n#5  0x000055555bd86b52 in std::sys::backtrace::__rust_begin_short_backtrace ()\n#6  0x000055555bd89aea in core::ops::function::FnOnce::call_once{{vtable.shim}} ()\n#7  0x000055555bd7502a in std::sys::thread::unix::Thread::new::thread_start ()\n(More stack frames follow...)\n"
~"\nThread 25 (Thread 0x7ffff4ba86c0 (LWP 2268733) \"tokio-rt-worker\"):\n"
~"#0  syscall () at ../sysdeps/unix/sysv/linux/x86_64/syscall.S:38\n#1  0x000055555afdfe39 in parking_lot::condvar::Condvar::wait_until_internal ()\n#2  0x000055555bd97d50 in tokio::runtime::scheduler::multi_thread::worker::Context::park_internal ()\n#3  0x000055555bd96fec in tokio::runtime::scheduler::multi_thread::worker::run ()\n#4  0x000055555bd9506d in tokio::runtime::task::raw::poll ()\n#5  0x000055555bd86b52 in std::sys::backtrace::__rust_begin_short_backtrace ()\n#6  0x000055555bd89aea in core::ops::function::FnOnce::call_once{{vtable.shim}} ()\n#7  0x000055555bd7502a in std::sys::thread::unix::Thread::new::thread_start ()\n(More stack frames follow...)\n"
~"\nThread 24 (Thread 0x7ffff4da96c0 (LWP 2268732) \"tokio-rt-worker\"):\n"
~"#0  syscall () at ../sysdeps/unix/sysv/linux/x86_64/syscall.S:38\n#1  0x000055555afdfe39 in parking_lot::condvar::Condvar::wait_until_internal ()\n#2  0x000055555bd97d50 in tokio::runtime::scheduler::multi_thread::worker::Context::park_internal ()\n#3  0x000055555bd96fec in tokio::runtime::scheduler::multi_thread::worker::run ()\n#4  0x000055555bd9506d in tokio::runtime::task::raw::poll ()\n#5  0x000055555bd86b52 in std::sys::backtrace::__rust_begin_short_backtrace ()\n#6  0x000055555bd89aea in core::ops::function::FnOnce::call_once{{vtable.shim}} ()\n#7  0x000055555bd7502a in std::sys::thread::unix::Thread::new::thread_start ()\n(More stack frames follow...)\n"
~"\nThread 23 (Thread 0x7ffff4faa6c0 (LWP 2268731) \"tokio-rt-worker\"):\n"
~"#0  syscall () at ../sysdeps/unix/sysv/linux/x86_64/syscall.S:38\n#1  0x000055555afdfe39 in parking_lot::condvar::Condvar::wait_until_internal ()\n#2  0x000055555bd97d50 in tokio::runtime::scheduler::multi_thread::worker::Context::park_internal ()\n#3  0x000055555bd96fec in tokio::runtime::scheduler::multi_thread::worker::run ()\n#4  0x000055555bd9506d in tokio::runtime::task::raw::poll ()\n#5  0x000055555bd86b52 in std::sys::backtrace::__rust_begin_short_backtrace ()\n#6  0x000055555bd89aea in core::ops::function::FnOnce::call_once{{vtable.shim}} ()\n#7  0x000055555bd7502a in std::sys::thread::unix::Thread::new::thread_start ()\n(More stack frames follow...)\n"
~"\nThread 22 (Thread 0x7ffff51ab6c0 (LWP 2268730) \"tokio-rt-worker\"):\n"
~"#0  syscall () at ../sysdeps/unix/sysv/linux/x86_64/syscall.S:38\n#1  0x000055555afdfe39 in parking_lot::condvar::Condvar::wait_until_internal ()\n#2  0x000055555bd97d50 in tokio::runtime::scheduler::multi_thread::worker::Context::park_internal ()\n#3  0x000055555bd96fec in tokio::runtime::scheduler::multi_thread::worker::run ()\n#4  0x000055555bd9506d in tokio::runtime::task::raw::poll ()\n#5  0x000055555bd86b52 in std::sys::backtrace::__rust_begin_short_backtrace ()\n#6  0x000055555bd89aea in core::ops::function::FnOnce::call_once{{vtable.shim}} ()\n#7  0x000055555bd7502a in std::sys::thread::unix::Thread::new::thread_start ()\n(More stack frames follow...)\n"
~"\nThread 21 (Thread 0x7ffff53ac6c0 (LWP 2268729) \"tokio-rt-worker\"):\n"
~"#0  syscall () at ../sysdeps/unix/sysv/linux/x86_64/syscall.S:38\n#1  0x000055555afdfe39 in parking_lot::condvar::Condvar::wait_until_internal ()\n#2  0x000055555bd97d50 in tokio::runtime::scheduler::multi_thread::worker::Context::park_internal ()\n#3  0x000055555bd96fec in tokio::runtime::scheduler::multi_thread::worker::run ()\n#4  0x000055555bd9506d in tokio::runtime::task::raw::poll ()\n#5  0x000055555bd86b52 in std::sys::backtrace::__rust_begin_short_backtrace ()\n#6  0x000055555bd89aea in core::ops::function::FnOnce::call_once{{vtable.shim}} ()\n#7  0x000055555bd7502a in std::sys::thread::unix::Thread::new::thread_start ()\n(More stack frames follow...)\n"
~"\nThread 20 (Thread 0x7ffff55ad6c0 (LWP 2268728) \"tokio-rt-worker\"):\n"
~"#0  syscall () at ../sysdeps/unix/sysv/linux/x86_64/syscall.S:38\n#1  0x000055555afdfe39 in parking_lot::condvar::Condvar::wait_until_internal ()\n#2  0x000055555bd97d50 in tokio::runtime::scheduler::multi_thread::worker::Context::park_internal ()\n#3  0x000055555bd96fec in tokio::runtime::scheduler::multi_thread::worker::run ()\n#4  0x000055555bd9506d in tokio::runtime::task::raw::poll ()\n#5  0x000055555bd86b52 in std::sys::backtrace::__rust_begin_short_backtrace ()\n#6  0x000055555bd89aea in core::ops::function::FnOnce::call_once{{vtable.shim}} ()\n#7  0x000055555bd7502a in std::sys::thread::unix::Thread::new::thread_start ()\n(More stack frames follow...)\n"
~"\nThread 19 (Thread 0x7ffff57ae6c0 (LWP 2268727) \"tokio-rt-worker\"):\n"
~"#0  syscall () at ../sysdeps/unix/sysv/linux/x86_64/syscall.S:38\n#1  0x000055555afdfe39 in parking_lot::condvar::Condvar::wait_until_internal ()\n#2  0x000055555bd97d50 in tokio::runtime::scheduler::multi_thread::worker::Context::park_internal ()\n#3  0x000055555bd96fec in tokio::runtime::scheduler::multi_thread::worker::run ()\n#4  0x000055555bd9506d in tokio::runtime::task::raw::poll ()\n#5  0x000055555bd86b52 in std::sys::backtrace::__rust_begin_short_backtrace ()\n#6  0x000055555bd89aea in core::ops::function::FnOnce::call_once{{vtable.shim}} ()\n#7  0x000055555bd7502a in std::sys::thread::unix::Thread::new::thread_start ()\n(More stack frames follow...)\n"
~"\nThread 18 (Thread 0x7ffff59af6c0 (LWP 2268726) \"tokio-rt-worker\"):\n"
~"#0  0x00007ffff7d2a2d2 in epoll_wait (epfd=3, events=0x36f6e300000, maxevents=1024, timeout=-1) at ../sysdeps/unix/sysv/linux/epoll_wait.c:30\n#1  0x000055555bd994ae in tokio::runtime::io::driver::Driver::turn ()\n#2  0x000055555bd9919d in tokio::runtime::time::Driver::park_internal ()\n#3  0x000055555bd97b94 in tokio::runtime::scheduler::multi_thread::worker::Context::park_internal ()\n#4  0x000055555bd96fec in tokio::runtime::scheduler::multi_thread::worker::run ()\n#5  0x000055555bd9506d in tokio::runtime::task::raw::poll ()\n#6  0x000055555bd86b52 in std::sys::backtrace::__rust_begin_short_backtrace ()\n#7  0x000055555bd89aea in core::ops::function::FnOnce::call_once{{vtable.shim}} ()\n(More stack frames follow...)\n"
~"\nThread 17 (Thread 0x7ffff5bb06c0 (LWP 2268725) \"qe-worker-15\"):\n"
~"#0  syscall () at ../sysdeps/unix/sysv/linux/x86_64/syscall.S:38\n#1  0x000055555ba4c877 in rayon_core::sleep::Sleep::sleep ()\n#2  0x000055555ba4c30b in rayon_core::registry::WorkerThread::wait_until_cold ()\n#3  0x000055555ba4bcd2 in std::sys::backtrace::__rust_begin_short_backtrace ()\n#4  0x000055555ba4ba3c in core::ops::function::FnOnce::call_once{{vtable.shim}} ()\n#5  0x000055555bd7502a in std::sys::thread::unix::Thread::new::thread_start ()\n#6  0x00007ffff7c9cb84 in start_thread (arg=<optimized out>) at ./nptl/pthread_create.c:447\n#7  0x00007ffff7d29ecc in clone3 () at ../sysdeps/unix/sysv/linux/x86_64/clone3.S:78\n"
~"\nThread 16 (Thread 0x7ffff5db16c0 (LWP 2268724) \"qe-worker-14\"):\n"
~"#0  syscall () at ../sysdeps/unix/sysv/linux/x86_64/syscall.S:38\n#1  0x000055555ba4c877 in rayon_core::sleep::Sleep::sleep ()\n#2  0x000055555ba4c30b in rayon_core::registry::WorkerThread::wait_until_cold ()\n#3  0x000055555ba4bcd2 in std::sys::backtrace::__rust_begin_short_backtrace ()\n#4  0x000055555ba4ba3c in core::ops::function::FnOnce::call_once{{vtable.shim}} ()\n#5  0x000055555bd7502a in std::sys::thread::unix::Thread::new::thread_start ()\n#6  0x00007ffff7c9cb84 in start_thread (arg=<optimized out>) at ./nptl/pthread_create.c:447\n#7  0x00007ffff7d29ecc in clone3 () at ../sysdeps/unix/sysv/linux/x86_64/clone3.S:78\n"
~"\nThread 15 (Thread 0x7ffff5fb26c0 (LWP 2268723) \"qe-worker-13\"):\n"
~"#0  syscall () at ../sysdeps/unix/sysv/linux/x86_64/syscall.S:38\n#1  0x000055555ba4c877 in rayon_core::sleep::Sleep::sleep ()\n#2  0x000055555ba4c30b in rayon_core::registry::WorkerThread::wait_until_cold ()\n#3  0x000055555ba4bcd2 in std::sys::backtrace::__rust_begin_short_backtrace ()\n#4  0x000055555ba4ba3c in core::ops::function::FnOnce::call_once{{vtable.shim}} ()\n#5  0x000055555bd7502a in std::sys::thread::unix::Thread::new::thread_start ()\n#6  0x00007ffff7c9cb84 in start_thread (arg=<optimized out>) at ./nptl/pthread_create.c:447\n#7  0x00007ffff7d29ecc in clone3 () at ../sysdeps/unix/sysv/linux/x86_64/clone3.S:78\n"
~"\nThread 14 (Thread 0x7ffff61b36c0 (LWP 2268722) \"qe-worker-12\"):\n"
~"#0  syscall () at ../sysdeps/unix/sysv/linux/x86_64/syscall.S:38\n#1  0x000055555ba4c877 in rayon_core::sleep::Sleep::sleep ()\n#2  0x000055555ba4c30b in rayon_core::registry::WorkerThread::wait_until_cold ()\n#3  0x000055555ba4bcd2 in std::sys::backtrace::__rust_begin_short_backtrace ()\n#4  0x000055555ba4ba3c in core::ops::function::FnOnce::call_once{{vtable.shim}} ()\n#5  0x000055555bd7502a in std::sys::thread::unix::Thread::new::thread_start ()\n#6  0x00007ffff7c9cb84 in start_thread (arg=<optimized out>) at ./nptl/pthread_create.c:447\n#7  0x00007ffff7d29ecc in clone3 () at ../sysdeps/unix/sysv/linux/x86_64/clone3.S:78\n"
~"\nThread 13 (Thread 0x7ffff63b46c0 (LWP 2268721) \"qe-worker-11\"):\n"
~"#0  syscall () at ../sysdeps/unix/sysv/linux/x86_64/syscall.S:38\n#1  0x000055555ba4c877 in rayon_core::sleep::Sleep::sleep ()\n#2  0x000055555ba4c30b in rayon_core::registry::WorkerThread::wait_until_cold ()\n#3  0x000055555ba4bcd2 in std::sys::backtrace::__rust_begin_short_backtrace ()\n#4  0x000055555ba4ba3c in core::ops::function::FnOnce::call_once{{vtable.shim}} ()\n#5  0x000055555bd7502a in std::sys::thread::unix::Thread::new::thread_start ()\n#6  0x00007ffff7c9cb84 in start_thread (arg=<optimized out>) at ./nptl/pthread_create.c:447\n#7  0x00007ffff7d29ecc in clone3 () at ../sysdeps/unix/sysv/linux/x86_64/clone3.S:78\n"
~"\nThread 12 (Thread 0x7ffff65b56c0 (LWP 2268720) \"qe-worker-10\"):\n"
~"#0  syscall () at ../sysdeps/unix/sysv/linux/x86_64/syscall.S:38\n#1  0x000055555ba4c877 in rayon_core::sleep::Sleep::sleep ()\n#2  0x000055555ba4c30b in rayon_core::registry::WorkerThread::wait_until_cold ()\n#3  0x000055555ba4bcd2 in std::sys::backtrace::__rust_begin_short_backtrace ()\n#4  0x000055555ba4ba3c in core::ops::function::FnOnce::call_once{{vtable.shim}} ()\n#5  0x000055555bd7502a in std::sys::thread::unix::Thread::new::thread_start ()\n#6  0x00007ffff7c9cb84 in start_thread (arg=<optimized out>) at ./nptl/pthread_create.c:447\n#7  0x00007ffff7d29ecc in clone3 () at ../sysdeps/unix/sysv/linux/x86_64/clone3.S:78\n"
~"\nThread 11 (Thread 0x7ffff67b66c0 (LWP 2268719) \"qe-worker-9\"):\n"
~"#0  syscall () at ../sysdeps/unix/sysv/linux/x86_64/syscall.S:38\n#1  0x000055555ba4c877 in rayon_core::sleep::Sleep::sleep ()\n#2  0x000055555ba4c30b in rayon_core::registry::WorkerThread::wait_until_cold ()\n#3  0x000055555ba4bcd2 in std::sys::backtrace::__rust_begin_short_backtrace ()\n#4  0x000055555ba4ba3c in core::ops::function::FnOnce::call_once{{vtable.shim}} ()\n#5  0x000055555bd7502a in std::sys::thread::unix::Thread::new::thread_start ()\n#6  0x00007ffff7c9cb84 in start_thread (arg=<optimized out>) at ./nptl/pthread_create.c:447\n#7  0x00007ffff7d29ecc in clone3 () at ../sysdeps/unix/sysv/linux/x86_64/clone3.S:78\n"
~"\nThread 10 (Thread 0x7ffff69b76c0 (LWP 2268718) \"qe-worker-8\"):\n"
~"#0  syscall () at ../sysdeps/unix/sysv/linux/x86_64/syscall.S:38\n#1  0x000055555ba4c877 in rayon_core::sleep::Sleep::sleep ()\n#2  0x000055555ba4c30b in rayon_core::registry::WorkerThread::wait_until_cold ()\n#3  0x000055555ba4bcd2 in std::sys::backtrace::__rust_begin_short_backtrace ()\n#4  0x000055555ba4ba3c in core::ops::function::FnOnce::call_once{{vtable.shim}} ()\n#5  0x000055555bd7502a in std::sys::thread::unix::Thread::new::thread_start ()\n#6  0x00007ffff7c9cb84 in start_thread (arg=<optimized out>) at ./nptl/pthread_create.c:447\n#7  0x00007ffff7d29ecc in clone3 () at ../sysdeps/unix/sysv/linux/x86_64/clone3.S:78\n"
~"\nThread 9 (Thread 0x7ffff6bb86c0 (LWP 2268717) \"qe-worker-7\"):\n"
~"#0  syscall () at ../sysdeps/unix/sysv/linux/x86_64/syscall.S:38\n#1  0x000055555ba4c877 in rayon_core::sleep::Sleep::sleep ()\n#2  0x000055555ba4c30b in rayon_core::registry::WorkerThread::wait_until_cold ()\n#3  0x000055555ba4bcd2 in std::sys::backtrace::__rust_begin_short_backtrace ()\n#4  0x000055555ba4ba3c in core::ops::function::FnOnce::call_once{{vtable.shim}} ()\n#5  0x000055555bd7502a in std::sys::thread::unix::Thread::new::thread_start ()\n#6  0x00007ffff7c9cb84 in start_thread (arg=<optimized out>) at ./nptl/pthread_create.c:447\n#7  0x00007ffff7d29ecc in clone3 () at ../sysdeps/unix/sysv/linux/x86_64/clone3.S:78\n"
~"\nThread 8 (Thread 0x7ffff6db96c0 (LWP 2268716) \"qe-worker-6\"):\n"
~"#0  syscall () at ../sysdeps/unix/sysv/linux/x86_64/syscall.S:38\n#1  0x000055555ba4c877 in rayon_core::sleep::Sleep::sleep ()\n#2  0x000055555ba4c30b in rayon_core::registry::WorkerThread::wait_until_cold ()\n#3  0x000055555ba4bcd2 in std::sys::backtrace::__rust_begin_short_backtrace ()\n#4  0x000055555ba4ba3c in core::ops::function::FnOnce::call_once{{vtable.shim}} ()\n#5  0x000055555bd7502a in std::sys::thread::unix::Thread::new::thread_start ()\n#6  0x00007ffff7c9cb84 in start_thread (arg=<optimized out>) at ./nptl/pthread_create.c:447\n#7  0x00007ffff7d29ecc in clone3 () at ../sysdeps/unix/sysv/linux/x86_64/clone3.S:78\n"
~"\nThread 7 (Thread 0x7ffff6fba6c0 (LWP 2268715) \"qe-worker-5\"):\n"
~"#0  syscall () at ../sysdeps/unix/sysv/linux/x86_64/syscall.S:38\n#1  0x000055555ba4c877 in rayon_core::sleep::Sleep::sleep ()\n#2  0x000055555ba4c30b in rayon_core::registry::WorkerThread::wait_until_cold ()\n#3  0x000055555ba4bcd2 in std::sys::backtrace::__rust_begin_short_backtrace ()\n#4  0x000055555ba4ba3c in core::ops::function::FnOnce::call_once{{vtable.shim}} ()\n#5  0x000055555bd7502a in std::sys::thread::unix::Thread::new::thread_start ()\n#6  0x00007ffff7c9cb84 in start_thread (arg=<optimized out>) at ./nptl/pthread_create.c:447\n#7  0x00007ffff7d29ecc in clone3 () at ../sysdeps/unix/sysv/linux/x86_64/clone3.S:78\n"
~"\nThread 6 (Thread 0x7ffff71bb6c0 (LWP 2268714) \"qe-worker-4\"):\n"
~"#0  syscall () at ../sysdeps/unix/sysv/linux/x86_64/syscall.S:38\n#1  0x000055555ba4c877 in rayon_core::sleep::Sleep::sleep ()\n#2  0x000055555ba4c30b in rayon_core::registry::WorkerThread::wait_until_cold ()\n#3  0x000055555ba4bcd2 in std::sys::backtrace::__rust_begin_short_backtrace ()\n#4  0x000055555ba4ba3c in core::ops::function::FnOnce::call_once{{vtable.shim}} ()\n#5  0x000055555bd7502a in std::sys::thread::unix::Thread::new::thread_start ()\n#6  0x00007ffff7c9cb84 in start_thread (arg=<optimized out>) at ./nptl/pthread_create.c:447\n#7  0x00007ffff7d29ecc in clone3 () at ../sysdeps/unix/sysv/linux/x86_64/clone3.S:78\n"
~"\nThread 5 (Thread 0x7ffff73bc6c0 (LWP 2268713) \"qe-worker-3\"):\n"
~"#0  syscall () at ../sysdeps/unix/sysv/linux/x86_64/syscall.S:38\n#1  0x000055555ba4c877 in rayon_core::sleep::Sleep::sleep ()\n#2  0x000055555ba4c30b in rayon_core::registry::WorkerThread::wait_until_cold ()\n#3  0x000055555ba4bcd2 in std::sys::backtrace::__rust_begin_short_backtrace ()\n#4  0x000055555ba4ba3c in core::ops::function::FnOnce::call_once{{vtable.shim}} ()\n#5  0x000055555bd7502a in std::sys::thread::unix::Thread::new::thread_start ()\n#6  0x00007ffff7c9cb84 in start_thread (arg=<optimized out>) at ./nptl/pthread_create.c:447\n#7  0x00007ffff7d29ecc in clone3 () at ../sysdeps/unix/sysv/linux/x86_64/clone3.S:78\n"
~"\nThread 4 (Thread 0x7ffff75bd6c0 (LWP 2268712) \"qe-worker-2\"):\n"
~"#0  syscall () at ../sysdeps/unix/sysv/linux/x86_64/syscall.S:38\n#1  0x000055555ba4c877 in rayon_core::sleep::Sleep::sleep ()\n#2  0x000055555ba4c30b in rayon_core::registry::WorkerThread::wait_until_cold ()\n#3  0x000055555ba4bcd2 in std::sys::backtrace::__rust_begin_short_backtrace ()\n#4  0x000055555ba4ba3c in core::ops::function::FnOnce::call_once{{vtable.shim}} ()\n#5  0x000055555bd7502a in std::sys::thread::unix::Thread::new::thread_start ()\n#6  0x00007ffff7c9cb84 in start_thread (arg=<optimized out>) at ./nptl/pthread_create.c:447\n#7  0x00007ffff7d29ecc in clone3 () at ../sysdeps/unix/sysv/linux/x86_64/clone3.S:78\n"
~"\nThread 3 (Thread 0x7ffff77be6c0 (LWP 2268711) \"qe-worker-1\"):\n"
~"#0  syscall () at ../sysdeps/unix/sysv/linux/x86_64/syscall.S:38\n#1  0x000055555ba4c877 in rayon_core::sleep::Sleep::sleep ()\n#2  0x000055555ba4c30b in rayon_core::registry::WorkerThread::wait_until_cold ()\n#3  0x000055555ba4bcd2 in std::sys::backtrace::__rust_begin_short_backtrace ()\n#4  0x000055555ba4ba3c in core::ops::function::FnOnce::call_once{{vtable.shim}} ()\n#5  0x000055555bd7502a in std::sys::thread::unix::Thread::new::thread_start ()\n#6  0x00007ffff7c9cb84 in start_thread (arg=<optimized out>) at ./nptl/pthread_create.c:447\n#7  0x00007ffff7d29ecc in clone3 () at ../sysdeps/unix/sysv/linux/x86_64/clone3.S:78\n"
~"\nThread 2 (Thread 0x7ffff79bf6c0 (LWP 2268710) \"qe-worker-0\"):\n"
~"#0  syscall () at ../sysdeps/unix/sysv/linux/x86_64/syscall.S:38\n#1  0x000055555ba4c877 in rayon_core::sleep::Sleep::sleep ()\n#2  0x000055555ba4c30b in rayon_core::registry::WorkerThread::wait_until_cold ()\n#3  0x000055555ba4bcd2 in std::sys::backtrace::__rust_begin_short_backtrace ()\n#4  0x000055555ba4ba3c in core::ops::function::FnOnce::call_once{{vtable.shim}} ()\n#5  0x000055555bd7502a in std::sys::thread::unix::Thread::new::thread_start ()\n#6  0x00007ffff7c9cb84 in start_thread (arg=<optimized out>) at ./nptl/pthread_create.c:447\n#7  0x00007ffff7d29ecc in clone3 () at ../sysdeps/unix/sysv/linux/x86_64/clone3.S:78\n"
~"\nThread 1 (Thread 0x7ffff7e8d100 (LWP 2268699) \"serial_frontier\"):\n"
~"#0  0x000055555b64191a in query_engine::execution::reserved_vec::ReservedVec<T>::try_extend_reserved ()\n#1  0x000055555b63fbaa in query_engine::planner::numeric::arithmetic ()\n#2  0x000055555b37a822 in query_engine::physical::operators::filter::evaluate_binary_op ()\n#3  0x000055555b4e4235 in query_engine::physical::operators::filter::evaluate_aggregate_inputs::eval ()\n#4  0x000055555b4e41ec in query_engine::physical::operators::filter::evaluate_aggregate_inputs::eval ()\n#5  0x000055555b49f4b5 in query_engine::physical::morsel_agg::live_spill::execute::{{closure}} ()\n#6  0x000055555b4930c1 in <query_engine::physical::operators::spillable::SpillableHashAggregateExec as query_engine::physical::plan::PhysicalOperator>::execute::{{closure}} ()\n#7  0x000055555b632182 in <query_engine::physical::operators::project::ProjectExec as query_engine::physical::plan::PhysicalOperator>::execute::{{closure}} ()\n(More stack frames follow...)\n"
26^done
(gdb) 
27^running
*running,thread-id="all"
(gdb) 
28^done
(gdb) 
~"\nThread "
~"1 \"serial_frontier\" received signal SIGINT, Interrupt.\n"
~"0x000055555b64282f in query_engine::execution::reserved_vec::ReservedVec<T>::try_extend_reserved ()\n"
*stopped,reason="signal-received",signal-name="SIGINT",signal-meaning="Interrupt",frame={addr="0x000055555b64282f",func="query_engine::execution::reserved_vec::ReservedVec<T>::try_extend_reserved",args=[],arch="i386:x86-64"},thread-id="1",stopped-threads="all",core="12"
~"\nThread 34 (Thread 0x7fff877fb6c0 (LWP 2268742) \"tokio-rt-worker\"):\n"
~"#0  syscall () at ../sysdeps/unix/sysv/linux/x86_64/syscall.S:38\n#1  0x000055555afdfe97 in parking_lot::condvar::Condvar::wait_until_internal ()\n#2  0x000055555bd86bfa in std::sys::backtrace::__rust_begin_short_backtrace ()\n#3  0x000055555bd89aea in core::ops::function::FnOnce::call_once{{vtable.shim}} ()\n#4  0x000055555bd7502a in std::sys::thread::unix::Thread::new::thread_start ()\n#5  0x00007ffff7c9cb84 in start_thread (arg=<optimized out>) at ./nptl/pthread_create.c:447\n#6  0x00007ffff7d29ecc in clone3 () at ../sysdeps/unix/sysv/linux/x86_64/clone3.S:78\n"
~"\nThread 33 (Thread 0x7fff879fc6c0 (LWP 2268741) \"tokio-rt-worker\"):\n"
~"#0  syscall () at ../sysdeps/unix/sysv/linux/x86_64/syscall.S:38\n#1  0x000055555afdfe39 in parking_lot::condvar::Condvar::wait_until_internal ()\n#2  0x000055555bd97d50 in tokio::runtime::scheduler::multi_thread::worker::Context::park_internal ()\n#3  0x000055555bd96fec in tokio::runtime::scheduler::multi_thread::worker::run ()\n#4  0x000055555bd9506d in tokio::runtime::task::raw::poll ()\n#5  0x000055555bd86b52 in std::sys::backtrace::__rust_begin_short_backtrace ()\n#6  0x000055555bd89aea in core::ops::function::FnOnce::call_once{{vtable.shim}} ()\n#7  0x000055555bd7502a in std::sys::thread::unix::Thread::new::thread_start ()\n(More stack frames follow...)\n"
~"\nThread 32 (Thread 0x7fff87bfd6c0 (LWP 2268740) \"tokio-rt-worker\"):\n"
~"#0  syscall () at ../sysdeps/unix/sysv/linux/x86_64/syscall.S:38\n#1  0x000055555afdfe39 in parking_lot::condvar::Condvar::wait_until_internal ()\n#2  0x000055555bd97d50 in tokio::runtime::scheduler::multi_thread::worker::Context::park_internal ()\n#3  0x000055555bd96fec in tokio::runtime::scheduler::multi_thread::worker::run ()\n#4  0x000055555bd9506d in tokio::runtime::task::raw::poll ()\n#5  0x000055555bd86b52 in std::sys::backtrace::__rust_begin_short_backtrace ()\n#6  0x000055555bd89aea in core::ops::function::FnOnce::call_once{{vtable.shim}} ()\n#7  0x000055555bd7502a in std::sys::thread::unix::Thread::new::thread_start ()\n(More stack frames follow...)\n"
~"\nThread 31 (Thread 0x7fff87dfe6c0 (LWP 2268739) \"tokio-rt-worker\"):\n"
~"#0  syscall () at ../sysdeps/unix/sysv/linux/x86_64/syscall.S:38\n#1  0x000055555afdfe39 in parking_lot::condvar::Condvar::wait_until_internal ()\n#2  0x000055555bd97d50 in tokio::runtime::scheduler::multi_thread::worker::Context::park_internal ()\n#3  0x000055555bd96fec in tokio::runtime::scheduler::multi_thread::worker::run ()\n#4  0x000055555bd9506d in tokio::runtime::task::raw::poll ()\n#5  0x000055555bd86b52 in std::sys::backtrace::__rust_begin_short_backtrace ()\n#6  0x000055555bd89aea in core::ops::function::FnOnce::call_once{{vtable.shim}} ()\n#7  0x000055555bd7502a in std::sys::thread::unix::Thread::new::thread_start ()\n(More stack frames follow...)\n"
~"\nThread 30 (Thread 0x7fff87fff6c0 (LWP 2268738) \"tokio-rt-worker\"):\n"
~"#0  syscall () at ../sysdeps/unix/sysv/linux/x86_64/syscall.S:38\n#1  0x000055555afdfe39 in parking_lot::condvar::Condvar::wait_until_internal ()\n#2  0x000055555bd97d50 in tokio::runtime::scheduler::multi_thread::worker::Context::park_internal ()\n#3  0x000055555bd96fec in tokio::runtime::scheduler::multi_thread::worker::run ()\n#4  0x000055555bd9506d in tokio::runtime::task::raw::poll ()\n#5  0x000055555bd86b52 in std::sys::backtrace::__rust_begin_short_backtrace ()\n#6  0x000055555bd89aea in core::ops::function::FnOnce::call_once{{vtable.shim}} ()\n#7  0x000055555bd7502a in std::sys::thread::unix::Thread::new::thread_start ()\n(More stack frames follow...)\n"
~"\nThread 29 (Thread 0x7ffff43a46c0 (LWP 2268737) \"tokio-rt-worker\"):\n"
~"#0  syscall () at ../sysdeps/unix/sysv/linux/x86_64/syscall.S:38\n#1  0x000055555afdfe39 in parking_lot::condvar::Condvar::wait_until_internal ()\n#2  0x000055555bd97d50 in tokio::runtime::scheduler::multi_thread::worker::Context::park_internal ()\n#3  0x000055555bd96fec in tokio::runtime::scheduler::multi_thread::worker::run ()\n#4  0x000055555bd9506d in tokio::runtime::task::raw::poll ()\n#5  0x000055555bd86b52 in std::sys::backtrace::__rust_begin_short_backtrace ()\n#6  0x000055555bd89aea in core::ops::function::FnOnce::call_once{{vtable.shim}} ()\n#7  0x000055555bd7502a in std::sys::thread::unix::Thread::new::thread_start ()\n(More stack frames follow...)\n"
~"\nThread 28 (Thread 0x7ffff45a56c0 (LWP 2268736) \"tokio-rt-worker\"):\n"
~"#0  syscall () at ../sysdeps/unix/sysv/linux/x86_64/syscall.S:38\n#1  0x000055555afdfe39 in parking_lot::condvar::Condvar::wait_until_internal ()\n#2  0x000055555bd97d50 in tokio::runtime::scheduler::multi_thread::worker::Context::park_internal ()\n#3  0x000055555bd96fec in tokio::runtime::scheduler::multi_thread::worker::run ()\n#4  0x000055555bd9506d in tokio::runtime::task::raw::poll ()\n#5  0x000055555bd86b52 in std::sys::backtrace::__rust_begin_short_backtrace ()\n#6  0x000055555bd89aea in core::ops::function::FnOnce::call_once{{vtable.shim}} ()\n#7  0x000055555bd7502a in std::sys::thread::unix::Thread::new::thread_start ()\n(More stack frames follow...)\n"
~"\nThread 27 (Thread 0x7ffff47a66c0 (LWP 2268735) \"tokio-rt-worker\"):\n"
~"#0  syscall () at ../sysdeps/unix/sysv/linux/x86_64/syscall.S:38\n#1  0x000055555afdfe39 in parking_lot::condvar::Condvar::wait_until_internal ()\n#2  0x000055555bd97d50 in tokio::runtime::scheduler::multi_thread::worker::Context::park_internal ()\n#3  0x000055555bd96fec in tokio::runtime::scheduler::multi_thread::worker::run ()\n#4  0x000055555bd9506d in tokio::runtime::task::raw::poll ()\n#5  0x000055555bd86b52 in std::sys::backtrace::__rust_begin_short_backtrace ()\n#6  0x000055555bd89aea in core::ops::function::FnOnce::call_once{{vtable.shim}} ()\n#7  0x000055555bd7502a in std::sys::thread::unix::Thread::new::thread_start ()\n(More stack frames follow...)\n"
~"\nThread 26 (Thread 0x7ffff49a76c0 (LWP 2268734) \"tokio-rt-worker\"):\n"
~"#0  syscall () at ../sysdeps/unix/sysv/linux/x86_64/syscall.S:38\n#1  0x000055555afdfe39 in parking_lot::condvar::Condvar::wait_until_internal ()\n#2  0x000055555bd97d50 in tokio::runtime::scheduler::multi_thread::worker::Context::park_internal ()\n#3  0x000055555bd96fec in tokio::runtime::scheduler::multi_thread::worker::run ()\n#4  0x000055555bd9506d in tokio::runtime::task::raw::poll ()\n#5  0x000055555bd86b52 in std::sys::backtrace::__rust_begin_short_backtrace ()\n#6  0x000055555bd89aea in core::ops::function::FnOnce::call_once{{vtable.shim}} ()\n#7  0x000055555bd7502a in std::sys::thread::unix::Thread::new::thread_start ()\n(More stack frames follow...)\n"
~"\nThread 25 (Thread 0x7ffff4ba86c0 (LWP 2268733) \"tokio-rt-worker\"):\n"
~"#0  syscall () at ../sysdeps/unix/sysv/linux/x86_64/syscall.S:38\n#1  0x000055555afdfe39 in parking_lot::condvar::Condvar::wait_until_internal ()\n#2  0x000055555bd97d50 in tokio::runtime::scheduler::multi_thread::worker::Context::park_internal ()\n#3  0x000055555bd96fec in tokio::runtime::scheduler::multi_thread::worker::run ()\n#4  0x000055555bd9506d in tokio::runtime::task::raw::poll ()\n#5  0x000055555bd86b52 in std::sys::backtrace::__rust_begin_short_backtrace ()\n#6  0x000055555bd89aea in core::ops::function::FnOnce::call_once{{vtable.shim}} ()\n#7  0x000055555bd7502a in std::sys::thread::unix::Thread::new::thread_start ()\n(More stack frames follow...)\n"
~"\nThread 24 (Thread 0x7ffff4da96c0 (LWP 2268732) \"tokio-rt-worker\"):\n"
~"#0  syscall () at ../sysdeps/unix/sysv/linux/x86_64/syscall.S:38\n#1  0x000055555afdfe39 in parking_lot::condvar::Condvar::wait_until_internal ()\n#2  0x000055555bd97d50 in tokio::runtime::scheduler::multi_thread::worker::Context::park_internal ()\n#3  0x000055555bd96fec in tokio::runtime::scheduler::multi_thread::worker::run ()\n#4  0x000055555bd9506d in tokio::runtime::task::raw::poll ()\n#5  0x000055555bd86b52 in std::sys::backtrace::__rust_begin_short_backtrace ()\n#6  0x000055555bd89aea in core::ops::function::FnOnce::call_once{{vtable.shim}} ()\n#7  0x000055555bd7502a in std::sys::thread::unix::Thread::new::thread_start ()\n(More stack frames follow...)\n"
~"\nThread 23 (Thread 0x7ffff4faa6c0 (LWP 2268731) \"tokio-rt-worker\"):\n"
~"#0  syscall () at ../sysdeps/unix/sysv/linux/x86_64/syscall.S:38\n#1  0x000055555afdfe39 in parking_lot::condvar::Condvar::wait_until_internal ()\n#2  0x000055555bd97d50 in tokio::runtime::scheduler::multi_thread::worker::Context::park_internal ()\n#3  0x000055555bd96fec in tokio::runtime::scheduler::multi_thread::worker::run ()\n#4  0x000055555bd9506d in tokio::runtime::task::raw::poll ()\n#5  0x000055555bd86b52 in std::sys::backtrace::__rust_begin_short_backtrace ()\n#6  0x000055555bd89aea in core::ops::function::FnOnce::call_once{{vtable.shim}} ()\n#7  0x000055555bd7502a in std::sys::thread::unix::Thread::new::thread_start ()\n(More stack frames follow...)\n"
~"\nThread 22 (Thread 0x7ffff51ab6c0 (LWP 2268730) \"tokio-rt-worker\"):\n"
~"#0  syscall () at ../sysdeps/unix/sysv/linux/x86_64/syscall.S:38\n#1  0x000055555afdfe39 in parking_lot::condvar::Condvar::wait_until_internal ()\n#2  0x000055555bd97d50 in tokio::runtime::scheduler::multi_thread::worker::Context::park_internal ()\n#3  0x000055555bd96fec in tokio::runtime::scheduler::multi_thread::worker::run ()\n#4  0x000055555bd9506d in tokio::runtime::task::raw::poll ()\n#5  0x000055555bd86b52 in std::sys::backtrace::__rust_begin_short_backtrace ()\n#6  0x000055555bd89aea in core::ops::function::FnOnce::call_once{{vtable.shim}} ()\n#7  0x000055555bd7502a in std::sys::thread::unix::Thread::new::thread_start ()\n(More stack frames follow...)\n"
~"\nThread 21 (Thread 0x7ffff53ac6c0 (LWP 2268729) \"tokio-rt-worker\"):\n"
~"#0  syscall () at ../sysdeps/unix/sysv/linux/x86_64/syscall.S:38\n#1  0x000055555afdfe39 in parking_lot::condvar::Condvar::wait_until_internal ()\n#2  0x000055555bd97d50 in tokio::runtime::scheduler::multi_thread::worker::Context::park_internal ()\n#3  0x000055555bd96fec in tokio::runtime::scheduler::multi_thread::worker::run ()\n#4  0x000055555bd9506d in tokio::runtime::task::raw::poll ()\n#5  0x000055555bd86b52 in std::sys::backtrace::__rust_begin_short_backtrace ()\n#6  0x000055555bd89aea in core::ops::function::FnOnce::call_once{{vtable.shim}} ()\n#7  0x000055555bd7502a in std::sys::thread::unix::Thread::new::thread_start ()\n(More stack frames follow...)\n"
~"\nThread 20 (Thread 0x7ffff55ad6c0 (LWP 2268728) \"tokio-rt-worker\"):\n"
~"#0  syscall () at ../sysdeps/unix/sysv/linux/x86_64/syscall.S:38\n#1  0x000055555afdfe39 in parking_lot::condvar::Condvar::wait_until_internal ()\n#2  0x000055555bd97d50 in tokio::runtime::scheduler::multi_thread::worker::Context::park_internal ()\n#3  0x000055555bd96fec in tokio::runtime::scheduler::multi_thread::worker::run ()\n#4  0x000055555bd9506d in tokio::runtime::task::raw::poll ()\n#5  0x000055555bd86b52 in std::sys::backtrace::__rust_begin_short_backtrace ()\n#6  0x000055555bd89aea in core::ops::function::FnOnce::call_once{{vtable.shim}} ()\n#7  0x000055555bd7502a in std::sys::thread::unix::Thread::new::thread_start ()\n(More stack frames follow...)\n"
~"\nThread 19 (Thread 0x7ffff57ae6c0 (LWP 2268727) \"tokio-rt-worker\"):\n"
~"#0  syscall () at ../sysdeps/unix/sysv/linux/x86_64/syscall.S:38\n#1  0x000055555afdfe39 in parking_lot::condvar::Condvar::wait_until_internal ()\n#2  0x000055555bd97d50 in tokio::runtime::scheduler::multi_thread::worker::Context::park_internal ()\n#3  0x000055555bd96fec in tokio::runtime::scheduler::multi_thread::worker::run ()\n#4  0x000055555bd9506d in tokio::runtime::task::raw::poll ()\n#5  0x000055555bd86b52 in std::sys::backtrace::__rust_begin_short_backtrace ()\n#6  0x000055555bd89aea in core::ops::function::FnOnce::call_once{{vtable.shim}} ()\n#7  0x000055555bd7502a in std::sys::thread::unix::Thread::new::thread_start ()\n(More stack frames follow...)\n"
~"\nThread 18 (Thread 0x7ffff59af6c0 (LWP 2268726) \"tokio-rt-worker\"):\n"
~"#0  0x00007ffff7d2a2d2 in epoll_wait (epfd=3, events=0x36f6e300000, maxevents=1024, timeout=-1) at ../sysdeps/unix/sysv/linux/epoll_wait.c:30\n#1  0x000055555bd994ae in tokio::runtime::io::driver::Driver::turn ()\n#2  0x000055555bd9919d in tokio::runtime::time::Driver::park_internal ()\n#3  0x000055555bd97b94 in tokio::runtime::scheduler::multi_thread::worker::Context::park_internal ()\n#4  0x000055555bd96fec in tokio::runtime::scheduler::multi_thread::worker::run ()\n#5  0x000055555bd9506d in tokio::runtime::task::raw::poll ()\n#6  0x000055555bd86b52 in std::sys::backtrace::__rust_begin_short_backtrace ()\n#7  0x000055555bd89aea in core::ops::function::FnOnce::call_once{{vtable.shim}} ()\n(More stack frames follow...)\n"
~"\nThread 17 (Thread 0x7ffff5bb06c0 (LWP 2268725) \"qe-worker-15\"):\n"
~"#0  syscall () at ../sysdeps/unix/sysv/linux/x86_64/syscall.S:38\n#1  0x000055555ba4c877 in rayon_core::sleep::Sleep::sleep ()\n#2  0x000055555ba4c30b in rayon_core::registry::WorkerThread::wait_until_cold ()\n#3  0x000055555ba4bcd2 in std::sys::backtrace::__rust_begin_short_backtrace ()\n#4  0x000055555ba4ba3c in core::ops::function::FnOnce::call_once{{vtable.shim}} ()\n#5  0x000055555bd7502a in std::sys::thread::unix::Thread::new::thread_start ()\n#6  0x00007ffff7c9cb84 in start_thread (arg=<optimized out>) at ./nptl/pthread_create.c:447\n#7  0x00007ffff7d29ecc in clone3 () at ../sysdeps/unix/sysv/linux/x86_64/clone3.S:78\n"
~"\nThread 16 (Thread 0x7ffff5db16c0 (LWP 2268724) \"qe-worker-14\"):\n"
~"#0  syscall () at ../sysdeps/unix/sysv/linux/x86_64/syscall.S:38\n#1  0x000055555ba4c877 in rayon_core::sleep::Sleep::sleep ()\n#2  0x000055555ba4c30b in rayon_core::registry::WorkerThread::wait_until_cold ()\n#3  0x000055555ba4bcd2 in std::sys::backtrace::__rust_begin_short_backtrace ()\n#4  0x000055555ba4ba3c in core::ops::function::FnOnce::call_once{{vtable.shim}} ()\n#5  0x000055555bd7502a in std::sys::thread::unix::Thread::new::thread_start ()\n#6  0x00007ffff7c9cb84 in start_thread (arg=<optimized out>) at ./nptl/pthread_create.c:447\n#7  0x00007ffff7d29ecc in clone3 () at ../sysdeps/unix/sysv/linux/x86_64/clone3.S:78\n"
~"\nThread 15 (Thread 0x7ffff5fb26c0 (LWP 2268723) \"qe-worker-13\"):\n"
~"#0  syscall () at ../sysdeps/unix/sysv/linux/x86_64/syscall.S:38\n#1  0x000055555ba4c877 in rayon_core::sleep::Sleep::sleep ()\n#2  0x000055555ba4c30b in rayon_core::registry::WorkerThread::wait_until_cold ()\n#3  0x000055555ba4bcd2 in std::sys::backtrace::__rust_begin_short_backtrace ()\n#4  0x000055555ba4ba3c in core::ops::function::FnOnce::call_once{{vtable.shim}} ()\n#5  0x000055555bd7502a in std::sys::thread::unix::Thread::new::thread_start ()\n#6  0x00007ffff7c9cb84 in start_thread (arg=<optimized out>) at ./nptl/pthread_create.c:447\n#7  0x00007ffff7d29ecc in clone3 () at ../sysdeps/unix/sysv/linux/x86_64/clone3.S:78\n"
~"\nThread 14 (Thread 0x7ffff61b36c0 (LWP 2268722) \"qe-worker-12\"):\n"
~"#0  syscall () at ../sysdeps/unix/sysv/linux/x86_64/syscall.S:38\n#1  0x000055555ba4c877 in rayon_core::sleep::Sleep::sleep ()\n#2  0x000055555ba4c30b in rayon_core::registry::WorkerThread::wait_until_cold ()\n#3  0x000055555ba4bcd2 in std::sys::backtrace::__rust_begin_short_backtrace ()\n#4  0x000055555ba4ba3c in core::ops::function::FnOnce::call_once{{vtable.shim}} ()\n#5  0x000055555bd7502a in std::sys::thread::unix::Thread::new::thread_start ()\n#6  0x00007ffff7c9cb84 in start_thread (arg=<optimized out>) at ./nptl/pthread_create.c:447\n#7  0x00007ffff7d29ecc in clone3 () at ../sysdeps/unix/sysv/linux/x86_64/clone3.S:78\n"
~"\nThread 13 (Thread 0x7ffff63b46c0 (LWP 2268721) \"qe-worker-11\"):\n"
~"#0  syscall () at ../sysdeps/unix/sysv/linux/x86_64/syscall.S:38\n#1  0x000055555ba4c877 in rayon_core::sleep::Sleep::sleep ()\n#2  0x000055555ba4c30b in rayon_core::registry::WorkerThread::wait_until_cold ()\n#3  0x000055555ba4bcd2 in std::sys::backtrace::__rust_begin_short_backtrace ()\n#4  0x000055555ba4ba3c in core::ops::function::FnOnce::call_once{{vtable.shim}} ()\n#5  0x000055555bd7502a in std::sys::thread::unix::Thread::new::thread_start ()\n#6  0x00007ffff7c9cb84 in start_thread (arg=<optimized out>) at ./nptl/pthread_create.c:447\n#7  0x00007ffff7d29ecc in clone3 () at ../sysdeps/unix/sysv/linux/x86_64/clone3.S:78\n"
~"\nThread 12 (Thread 0x7ffff65b56c0 (LWP 2268720) \"qe-worker-10\"):\n"
~"#0  syscall () at ../sysdeps/unix/sysv/linux/x86_64/syscall.S:38\n#1  0x000055555ba4c877 in rayon_core::sleep::Sleep::sleep ()\n#2  0x000055555ba4c30b in rayon_core::registry::WorkerThread::wait_until_cold ()\n#3  0x000055555ba4bcd2 in std::sys::backtrace::__rust_begin_short_backtrace ()\n#4  0x000055555ba4ba3c in core::ops::function::FnOnce::call_once{{vtable.shim}} ()\n#5  0x000055555bd7502a in std::sys::thread::unix::Thread::new::thread_start ()\n#6  0x00007ffff7c9cb84 in start_thread (arg=<optimized out>) at ./nptl/pthread_create.c:447\n#7  0x00007ffff7d29ecc in clone3 () at ../sysdeps/unix/sysv/linux/x86_64/clone3.S:78\n"
~"\nThread 11 (Thread 0x7ffff67b66c0 (LWP 2268719) \"qe-worker-9\"):\n"
~"#0  syscall () at ../sysdeps/unix/sysv/linux/x86_64/syscall.S:38\n#1  0x000055555ba4c877 in rayon_core::sleep::Sleep::sleep ()\n#2  0x000055555ba4c30b in rayon_core::registry::WorkerThread::wait_until_cold ()\n#3  0x000055555ba4bcd2 in std::sys::backtrace::__rust_begin_short_backtrace ()\n#4  0x000055555ba4ba3c in core::ops::function::FnOnce::call_once{{vtable.shim}} ()\n#5  0x000055555bd7502a in std::sys::thread::unix::Thread::new::thread_start ()\n#6  0x00007ffff7c9cb84 in start_thread (arg=<optimized out>) at ./nptl/pthread_create.c:447\n#7  0x00007ffff7d29ecc in clone3 () at ../sysdeps/unix/sysv/linux/x86_64/clone3.S:78\n"
~"\nThread 10 (Thread 0x7ffff69b76c0 (LWP 2268718) \"qe-worker-8\"):\n"
~"#0  syscall () at ../sysdeps/unix/sysv/linux/x86_64/syscall.S:38\n#1  0x000055555ba4c877 in rayon_core::sleep::Sleep::sleep ()\n#2  0x000055555ba4c30b in rayon_core::registry::WorkerThread::wait_until_cold ()\n#3  0x000055555ba4bcd2 in std::sys::backtrace::__rust_begin_short_backtrace ()\n#4  0x000055555ba4ba3c in core::ops::function::FnOnce::call_once{{vtable.shim}} ()\n#5  0x000055555bd7502a in std::sys::thread::unix::Thread::new::thread_start ()\n#6  0x00007ffff7c9cb84 in start_thread (arg=<optimized out>) at ./nptl/pthread_create.c:447\n#7  0x00007ffff7d29ecc in clone3 () at ../sysdeps/unix/sysv/linux/x86_64/clone3.S:78\n"
~"\nThread 9 (Thread 0x7ffff6bb86c0 (LWP 2268717) \"qe-worker-7\"):\n"
~"#0  syscall () at ../sysdeps/unix/sysv/linux/x86_64/syscall.S:38\n#1  0x000055555ba4c877 in rayon_core::sleep::Sleep::sleep ()\n#2  0x000055555ba4c30b in rayon_core::registry::WorkerThread::wait_until_cold ()\n#3  0x000055555ba4bcd2 in std::sys::backtrace::__rust_begin_short_backtrace ()\n#4  0x000055555ba4ba3c in core::ops::function::FnOnce::call_once{{vtable.shim}} ()\n#5  0x000055555bd7502a in std::sys::thread::unix::Thread::new::thread_start ()\n#6  0x00007ffff7c9cb84 in start_thread (arg=<optimized out>) at ./nptl/pthread_create.c:447\n#7  0x00007ffff7d29ecc in clone3 () at ../sysdeps/unix/sysv/linux/x86_64/clone3.S:78\n"
~"\nThread 8 (Thread 0x7ffff6db96c0 (LWP 2268716) \"qe-worker-6\"):\n"
~"#0  syscall () at ../sysdeps/unix/sysv/linux/x86_64/syscall.S:38\n#1  0x000055555ba4c877 in rayon_core::sleep::Sleep::sleep ()\n#2  0x000055555ba4c30b in rayon_core::registry::WorkerThread::wait_until_cold ()\n#3  0x000055555ba4bcd2 in std::sys::backtrace::__rust_begin_short_backtrace ()\n#4  0x000055555ba4ba3c in core::ops::function::FnOnce::call_once{{vtable.shim}} ()\n#5  0x000055555bd7502a in std::sys::thread::unix::Thread::new::thread_start ()\n#6  0x00007ffff7c9cb84 in start_thread (arg=<optimized out>) at ./nptl/pthread_create.c:447\n#7  0x00007ffff7d29ecc in clone3 () at ../sysdeps/unix/sysv/linux/x86_64/clone3.S:78\n"
~"\nThread 7 (Thread 0x7ffff6fba6c0 (LWP 2268715) \"qe-worker-5\"):\n"
~"#0  syscall () at ../sysdeps/unix/sysv/linux/x86_64/syscall.S:38\n#1  0x000055555ba4c877 in rayon_core::sleep::Sleep::sleep ()\n#2  0x000055555ba4c30b in rayon_core::registry::WorkerThread::wait_until_cold ()\n#3  0x000055555ba4bcd2 in std::sys::backtrace::__rust_begin_short_backtrace ()\n#4  0x000055555ba4ba3c in core::ops::function::FnOnce::call_once{{vtable.shim}} ()\n#5  0x000055555bd7502a in std::sys::thread::unix::Thread::new::thread_start ()\n#6  0x00007ffff7c9cb84 in start_thread (arg=<optimized out>) at ./nptl/pthread_create.c:447\n#7  0x00007ffff7d29ecc in clone3 () at ../sysdeps/unix/sysv/linux/x86_64/clone3.S:78\n"
~"\nThread 6 (Thread 0x7ffff71bb6c0 (LWP 2268714) \"qe-worker-4\"):\n"
~"#0  syscall () at ../sysdeps/unix/sysv/linux/x86_64/syscall.S:38\n#1  0x000055555ba4c877 in rayon_core::sleep::Sleep::sleep ()\n#2  0x000055555ba4c30b in rayon_core::registry::WorkerThread::wait_until_cold ()\n#3  0x000055555ba4bcd2 in std::sys::backtrace::__rust_begin_short_backtrace ()\n#4  0x000055555ba4ba3c in core::ops::function::FnOnce::call_once{{vtable.shim}} ()\n#5  0x000055555bd7502a in std::sys::thread::unix::Thread::new::thread_start ()\n#6  0x00007ffff7c9cb84 in start_thread (arg=<optimized out>) at ./nptl/pthread_create.c:447\n#7  0x00007ffff7d29ecc in clone3 () at ../sysdeps/unix/sysv/linux/x86_64/clone3.S:78\n"
~"\nThread 5 (Thread 0x7ffff73bc6c0 (LWP 2268713) \"qe-worker-3\"):\n"
~"#0  syscall () at ../sysdeps/unix/sysv/linux/x86_64/syscall.S:38\n#1  0x000055555ba4c877 in rayon_core::sleep::Sleep::sleep ()\n#2  0x000055555ba4c30b in rayon_core::registry::WorkerThread::wait_until_cold ()\n#3  0x000055555ba4bcd2 in std::sys::backtrace::__rust_begin_short_backtrace ()\n#4  0x000055555ba4ba3c in core::ops::function::FnOnce::call_once{{vtable.shim}} ()\n#5  0x000055555bd7502a in std::sys::thread::unix::Thread::new::thread_start ()\n#6  0x00007ffff7c9cb84 in start_thread (arg=<optimized out>) at ./nptl/pthread_create.c:447\n#7  0x00007ffff7d29ecc in clone3 () at ../sysdeps/unix/sysv/linux/x86_64/clone3.S:78\n"
~"\nThread 4 (Thread 0x7ffff75bd6c0 (LWP 2268712) \"qe-worker-2\"):\n"
~"#0  syscall () at ../sysdeps/unix/sysv/linux/x86_64/syscall.S:38\n#1  0x000055555ba4c877 in rayon_core::sleep::Sleep::sleep ()\n#2  0x000055555ba4c30b in rayon_core::registry::WorkerThread::wait_until_cold ()\n#3  0x000055555ba4bcd2 in std::sys::backtrace::__rust_begin_short_backtrace ()\n#4  0x000055555ba4ba3c in core::ops::function::FnOnce::call_once{{vtable.shim}} ()\n#5  0x000055555bd7502a in std::sys::thread::unix::Thread::new::thread_start ()\n#6  0x00007ffff7c9cb84 in start_thread (arg=<optimized out>) at ./nptl/pthread_create.c:447\n#7  0x00007ffff7d29ecc in clone3 () at ../sysdeps/unix/sysv/linux/x86_64/clone3.S:78\n"
~"\nThread 3 (Thread 0x7ffff77be6c0 (LWP 2268711) \"qe-worker-1\"):\n"
~"#0  syscall () at ../sysdeps/unix/sysv/linux/x86_64/syscall.S:38\n#1  0x000055555ba4c877 in rayon_core::sleep::Sleep::sleep ()\n#2  0x000055555ba4c30b in rayon_core::registry::WorkerThread::wait_until_cold ()\n#3  0x000055555ba4bcd2 in std::sys::backtrace::__rust_begin_short_backtrace ()\n#4  0x000055555ba4ba3c in core::ops::function::FnOnce::call_once{{vtable.shim}} ()\n#5  0x000055555bd7502a in std::sys::thread::unix::Thread::new::thread_start ()\n#6  0x00007ffff7c9cb84 in start_thread (arg=<optimized out>) at ./nptl/pthread_create.c:447\n#7  0x00007ffff7d29ecc in clone3 () at ../sysdeps/unix/sysv/linux/x86_64/clone3.S:78\n"
~"\nThread 2 (Thread 0x7ffff79bf6c0 (LWP 2268710) \"qe-worker-0\"):\n"
~"#0  syscall () at ../sysdeps/unix/sysv/linux/x86_64/syscall.S:38\n#1  0x000055555ba4c877 in rayon_core::sleep::Sleep::sleep ()\n#2  0x000055555ba4c30b in rayon_core::registry::WorkerThread::wait_until_cold ()\n#3  0x000055555ba4bcd2 in std::sys::backtrace::__rust_begin_short_backtrace ()\n#4  0x000055555ba4ba3c in core::ops::function::FnOnce::call_once{{vtable.shim}} ()\n#5  0x000055555bd7502a in std::sys::thread::unix::Thread::new::thread_start ()\n#6  0x00007ffff7c9cb84 in start_thread (arg=<optimized out>) at ./nptl/pthread_create.c:447\n#7  0x00007ffff7d29ecc in clone3 () at ../sysdeps/unix/sysv/linux/x86_64/clone3.S:78\n"
~"\nThread 1 (Thread 0x7ffff7e8d100 (LWP 2268699) \"serial_frontier\"):\n"
~"#0  0x000055555b64282f in query_engine::execution::reserved_vec::ReservedVec<T>::try_extend_reserved ()\n#1  0x000055555b63fd15 in query_engine::planner::numeric::arithmetic ()\n#2  0x000055555b37a822 in query_engine::physical::operators::filter::evaluate_binary_op ()\n#3  0x000055555b4e4235 in query_engine::physical::operators::filter::evaluate_aggregate_inputs::eval ()\n#4  0x000055555b49f4b5 in query_engine::physical::morsel_agg::live_spill::execute::{{closure}} ()\n#5  0x000055555b4930c1 in <query_engine::physical::operators::spillable::SpillableHashAggregateExec as query_engine::physical::plan::PhysicalOperator>::execute::{{closure}} ()\n#6  0x000055555b632182 in <query_engine::physical::operators::project::ProjectExec as query_engine::physical::plan::PhysicalOperator>::execute::{{closure}} ()\n#7  0x000055555b4a7680 in query_engine::physical::operators::spillable::stream_merge_input_partitions::{{closure}} ()\n(More stack frames follow...)\n"
29^done
(gdb) 
30^running
*running,thread-id="all"
(gdb) 
31^done
(gdb) 
~"\nThread "
~"1 \"serial_frontier\" received signal SIGINT, Interrupt.\n"
~"0x000055555b6eb287 in query_engine::planner::reserved_cast::cast ()\n"
*stopped,reason="signal-received",signal-name="SIGINT",signal-meaning="Interrupt",frame={addr="0x000055555b6eb287",func="query_engine::planner::reserved_cast::cast",args=[],arch="i386:x86-64"},thread-id="1",stopped-threads="all",core="2"
~"\nThread 34 (Thread 0x7fff877fb6c0 (LWP 2268742) \"tokio-rt-worker\"):\n"
~"#0  syscall () at ../sysdeps/unix/sysv/linux/x86_64/syscall.S:38\n#1  0x000055555afdfe97 in parking_lot::condvar::Condvar::wait_until_internal ()\n#2  0x000055555bd86bfa in std::sys::backtrace::__rust_begin_short_backtrace ()\n#3  0x000055555bd89aea in core::ops::function::FnOnce::call_once{{vtable.shim}} ()\n#4  0x000055555bd7502a in std::sys::thread::unix::Thread::new::thread_start ()\n#5  0x00007ffff7c9cb84 in start_thread (arg=<optimized out>) at ./nptl/pthread_create.c:447\n#6  0x00007ffff7d29ecc in clone3 () at ../sysdeps/unix/sysv/linux/x86_64/clone3.S:78\n"
~"\nThread 33 (Thread 0x7fff879fc6c0 (LWP 2268741) \"tokio-rt-worker\"):\n"
~"#0  syscall () at ../sysdeps/unix/sysv/linux/x86_64/syscall.S:38\n#1  0x000055555afdfe39 in parking_lot::condvar::Condvar::wait_until_internal ()\n#2  0x000055555bd97d50 in tokio::runtime::scheduler::multi_thread::worker::Context::park_internal ()\n#3  0x000055555bd96fec in tokio::runtime::scheduler::multi_thread::worker::run ()\n#4  0x000055555bd9506d in tokio::runtime::task::raw::poll ()\n#5  0x000055555bd86b52 in std::sys::backtrace::__rust_begin_short_backtrace ()\n#6  0x000055555bd89aea in core::ops::function::FnOnce::call_once{{vtable.shim}} ()\n#7  0x000055555bd7502a in std::sys::thread::unix::Thread::new::thread_start ()\n(More stack frames follow...)\n"
~"\nThread 32 (Thread 0x7fff87bfd6c0 (LWP 2268740) \"tokio-rt-worker\"):\n"
~"#0  syscall () at ../sysdeps/unix/sysv/linux/x86_64/syscall.S:38\n#1  0x000055555afdfe39 in parking_lot::condvar::Condvar::wait_until_internal ()\n#2  0x000055555bd97d50 in tokio::runtime::scheduler::multi_thread::worker::Context::park_internal ()\n#3  0x000055555bd96fec in tokio::runtime::scheduler::multi_thread::worker::run ()\n#4  0x000055555bd9506d in tokio::runtime::task::raw::poll ()\n#5  0x000055555bd86b52 in std::sys::backtrace::__rust_begin_short_backtrace ()\n#6  0x000055555bd89aea in core::ops::function::FnOnce::call_once{{vtable.shim}} ()\n#7  0x000055555bd7502a in std::sys::thread::unix::Thread::new::thread_start ()\n(More stack frames follow...)\n"
~"\nThread 31 (Thread 0x7fff87dfe6c0 (LWP 2268739) \"tokio-rt-worker\"):\n"
~"#0  syscall () at ../sysdeps/unix/sysv/linux/x86_64/syscall.S:38\n#1  0x000055555afdfe39 in parking_lot::condvar::Condvar::wait_until_internal ()\n#2  0x000055555bd97d50 in tokio::runtime::scheduler::multi_thread::worker::Context::park_internal ()\n#3  0x000055555bd96fec in tokio::runtime::scheduler::multi_thread::worker::run ()\n#4  0x000055555bd9506d in tokio::runtime::task::raw::poll ()\n#5  0x000055555bd86b52 in std::sys::backtrace::__rust_begin_short_backtrace ()\n#6  0x000055555bd89aea in core::ops::function::FnOnce::call_once{{vtable.shim}} ()\n#7  0x000055555bd7502a in std::sys::thread::unix::Thread::new::thread_start ()\n(More stack frames follow...)\n"
~"\nThread 30 (Thread 0x7fff87fff6c0 (LWP 2268738) \"tokio-rt-worker\"):\n"
~"#0  syscall () at ../sysdeps/unix/sysv/linux/x86_64/syscall.S:38\n#1  0x000055555afdfe39 in parking_lot::condvar::Condvar::wait_until_internal ()\n#2  0x000055555bd97d50 in tokio::runtime::scheduler::multi_thread::worker::Context::park_internal ()\n#3  0x000055555bd96fec in tokio::runtime::scheduler::multi_thread::worker::run ()\n#4  0x000055555bd9506d in tokio::runtime::task::raw::poll ()\n#5  0x000055555bd86b52 in std::sys::backtrace::__rust_begin_short_backtrace ()\n#6  0x000055555bd89aea in core::ops::function::FnOnce::call_once{{vtable.shim}} ()\n#7  0x000055555bd7502a in std::sys::thread::unix::Thread::new::thread_start ()\n(More stack frames follow...)\n"
~"\nThread 29 (Thread 0x7ffff43a46c0 (LWP 2268737) \"tokio-rt-worker\"):\n"
~"#0  syscall () at ../sysdeps/unix/sysv/linux/x86_64/syscall.S:38\n#1  0x000055555afdfe39 in parking_lot::condvar::Condvar::wait_until_internal ()\n#2  0x000055555bd97d50 in tokio::runtime::scheduler::multi_thread::worker::Context::park_internal ()\n#3  0x000055555bd96fec in tokio::runtime::scheduler::multi_thread::worker::run ()\n#4  0x000055555bd9506d in tokio::runtime::task::raw::poll ()\n#5  0x000055555bd86b52 in std::sys::backtrace::__rust_begin_short_backtrace ()\n#6  0x000055555bd89aea in core::ops::function::FnOnce::call_once{{vtable.shim}} ()\n#7  0x000055555bd7502a in std::sys::thread::unix::Thread::new::thread_start ()\n(More stack frames follow...)\n"
~"\nThread 28 (Thread 0x7ffff45a56c0 (LWP 2268736) \"tokio-rt-worker\"):\n"
~"#0  syscall () at ../sysdeps/unix/sysv/linux/x86_64/syscall.S:38\n#1  0x000055555afdfe39 in parking_lot::condvar::Condvar::wait_until_internal ()\n#2  0x000055555bd97d50 in tokio::runtime::scheduler::multi_thread::worker::Context::park_internal ()\n#3  0x000055555bd96fec in tokio::runtime::scheduler::multi_thread::worker::run ()\n#4  0x000055555bd9506d in tokio::runtime::task::raw::poll ()\n#5  0x000055555bd86b52 in std::sys::backtrace::__rust_begin_short_backtrace ()\n#6  0x000055555bd89aea in core::ops::function::FnOnce::call_once{{vtable.shim}} ()\n#7  0x000055555bd7502a in std::sys::thread::unix::Thread::new::thread_start ()\n(More stack frames follow...)\n"
~"\nThread 27 (Thread 0x7ffff47a66c0 (LWP 2268735) \"tokio-rt-worker\"):\n"
~"#0  syscall () at ../sysdeps/unix/sysv/linux/x86_64/syscall.S:38\n#1  0x000055555afdfe39 in parking_lot::condvar::Condvar::wait_until_internal ()\n#2  0x000055555bd97d50 in tokio::runtime::scheduler::multi_thread::worker::Context::park_internal ()\n#3  0x000055555bd96fec in tokio::runtime::scheduler::multi_thread::worker::run ()\n#4  0x000055555bd9506d in tokio::runtime::task::raw::poll ()\n#5  0x000055555bd86b52 in std::sys::backtrace::__rust_begin_short_backtrace ()\n#6  0x000055555bd89aea in core::ops::function::FnOnce::call_once{{vtable.shim}} ()\n#7  0x000055555bd7502a in std::sys::thread::unix::Thread::new::thread_start ()\n(More stack frames follow...)\n"
~"\nThread 26 (Thread 0x7ffff49a76c0 (LWP 2268734) \"tokio-rt-worker\"):\n"
~"#0  syscall () at ../sysdeps/unix/sysv/linux/x86_64/syscall.S:38\n#1  0x000055555afdfe39 in parking_lot::condvar::Condvar::wait_until_internal ()\n#2  0x000055555bd97d50 in tokio::runtime::scheduler::multi_thread::worker::Context::park_internal ()\n#3  0x000055555bd96fec in tokio::runtime::scheduler::multi_thread::worker::run ()\n#4  0x000055555bd9506d in tokio::runtime::task::raw::poll ()\n#5  0x000055555bd86b52 in std::sys::backtrace::__rust_begin_short_backtrace ()\n#6  0x000055555bd89aea in core::ops::function::FnOnce::call_once{{vtable.shim}} ()\n#7  0x000055555bd7502a in std::sys::thread::unix::Thread::new::thread_start ()\n(More stack frames follow...)\n"
~"\nThread 25 (Thread 0x7ffff4ba86c0 (LWP 2268733) \"tokio-rt-worker\"):\n"
~"#0  syscall () at ../sysdeps/unix/sysv/linux/x86_64/syscall.S:38\n#1  0x000055555afdfe39 in parking_lot::condvar::Condvar::wait_until_internal ()\n#2  0x000055555bd97d50 in tokio::runtime::scheduler::multi_thread::worker::Context::park_internal ()\n#3  0x000055555bd96fec in tokio::runtime::scheduler::multi_thread::worker::run ()\n#4  0x000055555bd9506d in tokio::runtime::task::raw::poll ()\n#5  0x000055555bd86b52 in std::sys::backtrace::__rust_begin_short_backtrace ()\n#6  0x000055555bd89aea in core::ops::function::FnOnce::call_once{{vtable.shim}} ()\n#7  0x000055555bd7502a in std::sys::thread::unix::Thread::new::thread_start ()\n(More stack frames follow...)\n"
~"\nThread 24 (Thread 0x7ffff4da96c0 (LWP 2268732) \"tokio-rt-worker\"):\n"
~"#0  syscall () at ../sysdeps/unix/sysv/linux/x86_64/syscall.S:38\n#1  0x000055555afdfe39 in parking_lot::condvar::Condvar::wait_until_internal ()\n#2  0x000055555bd97d50 in tokio::runtime::scheduler::multi_thread::worker::Context::park_internal ()\n#3  0x000055555bd96fec in tokio::runtime::scheduler::multi_thread::worker::run ()\n#4  0x000055555bd9506d in tokio::runtime::task::raw::poll ()\n#5  0x000055555bd86b52 in std::sys::backtrace::__rust_begin_short_backtrace ()\n#6  0x000055555bd89aea in core::ops::function::FnOnce::call_once{{vtable.shim}} ()\n#7  0x000055555bd7502a in std::sys::thread::unix::Thread::new::thread_start ()\n(More stack frames follow...)\n"
~"\nThread 23 (Thread 0x7ffff4faa6c0 (LWP 2268731) \"tokio-rt-worker\"):\n"
~"#0  syscall () at ../sysdeps/unix/sysv/linux/x86_64/syscall.S:38\n#1  0x000055555afdfe39 in parking_lot::condvar::Condvar::wait_until_internal ()\n#2  0x000055555bd97d50 in tokio::runtime::scheduler::multi_thread::worker::Context::park_internal ()\n#3  0x000055555bd96fec in tokio::runtime::scheduler::multi_thread::worker::run ()\n#4  0x000055555bd9506d in tokio::runtime::task::raw::poll ()\n#5  0x000055555bd86b52 in std::sys::backtrace::__rust_begin_short_backtrace ()\n#6  0x000055555bd89aea in core::ops::function::FnOnce::call_once{{vtable.shim}} ()\n#7  0x000055555bd7502a in std::sys::thread::unix::Thread::new::thread_start ()\n(More stack frames follow...)\n"
~"\nThread 22 (Thread 0x7ffff51ab6c0 (LWP 2268730) \"tokio-rt-worker\"):\n"
~"#0  syscall () at ../sysdeps/unix/sysv/linux/x86_64/syscall.S:38\n#1  0x000055555afdfe39 in parking_lot::condvar::Condvar::wait_until_internal ()\n#2  0x000055555bd97d50 in tokio::runtime::scheduler::multi_thread::worker::Context::park_internal ()\n#3  0x000055555bd96fec in tokio::runtime::scheduler::multi_thread::worker::run ()\n#4  0x000055555bd9506d in tokio::runtime::task::raw::poll ()\n#5  0x000055555bd86b52 in std::sys::backtrace::__rust_begin_short_backtrace ()\n#6  0x000055555bd89aea in core::ops::function::FnOnce::call_once{{vtable.shim}} ()\n#7  0x000055555bd7502a in std::sys::thread::unix::Thread::new::thread_start ()\n(More stack frames follow...)\n"
~"\nThread 21 (Thread 0x7ffff53ac6c0 (LWP 2268729) \"tokio-rt-worker\"):\n"
~"#0  syscall () at ../sysdeps/unix/sysv/linux/x86_64/syscall.S:38\n#1  0x000055555afdfe39 in parking_lot::condvar::Condvar::wait_until_internal ()\n#2  0x000055555bd97d50 in tokio::runtime::scheduler::multi_thread::worker::Context::park_internal ()\n#3  0x000055555bd96fec in tokio::runtime::scheduler::multi_thread::worker::run ()\n#4  0x000055555bd9506d in tokio::runtime::task::raw::poll ()\n#5  0x000055555bd86b52 in std::sys::backtrace::__rust_begin_short_backtrace ()\n#6  0x000055555bd89aea in core::ops::function::FnOnce::call_once{{vtable.shim}} ()\n#7  0x000055555bd7502a in std::sys::thread::unix::Thread::new::thread_start ()\n(More stack frames follow...)\n"
~"\nThread 20 (Thread 0x7ffff55ad6c0 (LWP 2268728) \"tokio-rt-worker\"):\n"
~"#0  syscall () at ../sysdeps/unix/sysv/linux/x86_64/syscall.S:38\n#1  0x000055555afdfe39 in parking_lot::condvar::Condvar::wait_until_internal ()\n#2  0x000055555bd97d50 in tokio::runtime::scheduler::multi_thread::worker::Context::park_internal ()\n#3  0x000055555bd96fec in tokio::runtime::scheduler::multi_thread::worker::run ()\n#4  0x000055555bd9506d in tokio::runtime::task::raw::poll ()\n#5  0x000055555bd86b52 in std::sys::backtrace::__rust_begin_short_backtrace ()\n#6  0x000055555bd89aea in core::ops::function::FnOnce::call_once{{vtable.shim}} ()\n#7  0x000055555bd7502a in std::sys::thread::unix::Thread::new::thread_start ()\n(More stack frames follow...)\n"
~"\nThread 19 (Thread 0x7ffff57ae6c0 (LWP 2268727) \"tokio-rt-worker\"):\n"
~"#0  syscall () at ../sysdeps/unix/sysv/linux/x86_64/syscall.S:38\n#1  0x000055555afdfe39 in parking_lot::condvar::Condvar::wait_until_internal ()\n#2  0x000055555bd97d50 in tokio::runtime::scheduler::multi_thread::worker::Context::park_internal ()\n#3  0x000055555bd96fec in tokio::runtime::scheduler::multi_thread::worker::run ()\n#4  0x000055555bd9506d in tokio::runtime::task::raw::poll ()\n#5  0x000055555bd86b52 in std::sys::backtrace::__rust_begin_short_backtrace ()\n#6  0x000055555bd89aea in core::ops::function::FnOnce::call_once{{vtable.shim}} ()\n#7  0x000055555bd7502a in std::sys::thread::unix::Thread::new::thread_start ()\n(More stack frames follow...)\n"
~"\nThread 18 (Thread 0x7ffff59af6c0 (LWP 2268726) \"tokio-rt-worker\"):\n"
~"#0  0x00007ffff7d2a2d2 in epoll_wait (epfd=3, events=0x36f6e300000, maxevents=1024, timeout=-1) at ../sysdeps/unix/sysv/linux/epoll_wait.c:30\n#1  0x000055555bd994ae in tokio::runtime::io::driver::Driver::turn ()\n#2  0x000055555bd9919d in tokio::runtime::time::Driver::park_internal ()\n#3  0x000055555bd97b94 in tokio::runtime::scheduler::multi_thread::worker::Context::park_internal ()\n#4  0x000055555bd96fec in tokio::runtime::scheduler::multi_thread::worker::run ()\n#5  0x000055555bd9506d in tokio::runtime::task::raw::poll ()\n#6  0x000055555bd86b52 in std::sys::backtrace::__rust_begin_short_backtrace ()\n#7  0x000055555bd89aea in core::ops::function::FnOnce::call_once{{vtable.shim}} ()\n(More stack frames follow...)\n"
~"\nThread 17 (Thread 0x7ffff5bb06c0 (LWP 2268725) \"qe-worker-15\"):\n"
~"#0  syscall () at ../sysdeps/unix/sysv/linux/x86_64/syscall.S:38\n#1  0x000055555ba4c877 in rayon_core::sleep::Sleep::sleep ()\n#2  0x000055555ba4c30b in rayon_core::registry::WorkerThread::wait_until_cold ()\n#3  0x000055555ba4bcd2 in std::sys::backtrace::__rust_begin_short_backtrace ()\n#4  0x000055555ba4ba3c in core::ops::function::FnOnce::call_once{{vtable.shim}} ()\n#5  0x000055555bd7502a in std::sys::thread::unix::Thread::new::thread_start ()\n#6  0x00007ffff7c9cb84 in start_thread (arg=<optimized out>) at ./nptl/pthread_create.c:447\n#7  0x00007ffff7d29ecc in clone3 () at ../sysdeps/unix/sysv/linux/x86_64/clone3.S:78\n"
~"\nThread 16 (Thread 0x7ffff5db16c0 (LWP 2268724) \"qe-worker-14\"):\n"
~"#0  syscall () at ../sysdeps/unix/sysv/linux/x86_64/syscall.S:38\n#1  0x000055555ba4c877 in rayon_core::sleep::Sleep::sleep ()\n#2  0x000055555ba4c30b in rayon_core::registry::WorkerThread::wait_until_cold ()\n#3  0x000055555ba4bcd2 in std::sys::backtrace::__rust_begin_short_backtrace ()\n#4  0x000055555ba4ba3c in core::ops::function::FnOnce::call_once{{vtable.shim}} ()\n#5  0x000055555bd7502a in std::sys::thread::unix::Thread::new::thread_start ()\n#6  0x00007ffff7c9cb84 in start_thread (arg=<optimized out>) at ./nptl/pthread_create.c:447\n#7  0x00007ffff7d29ecc in clone3 () at ../sysdeps/unix/sysv/linux/x86_64/clone3.S:78\n"
~"\nThread 15 (Thread 0x7ffff5fb26c0 (LWP 2268723) \"qe-worker-13\"):\n"
~"#0  syscall () at ../sysdeps/unix/sysv/linux/x86_64/syscall.S:38\n#1  0x000055555ba4c877 in rayon_core::sleep::Sleep::sleep ()\n#2  0x000055555ba4c30b in rayon_core::registry::WorkerThread::wait_until_cold ()\n#3  0x000055555ba4bcd2 in std::sys::backtrace::__rust_begin_short_backtrace ()\n#4  0x000055555ba4ba3c in core::ops::function::FnOnce::call_once{{vtable.shim}} ()\n#5  0x000055555bd7502a in std::sys::thread::unix::Thread::new::thread_start ()\n#6  0x00007ffff7c9cb84 in start_thread (arg=<optimized out>) at ./nptl/pthread_create.c:447\n#7  0x00007ffff7d29ecc in clone3 () at ../sysdeps/unix/sysv/linux/x86_64/clone3.S:78\n"
~"\nThread 14 (Thread 0x7ffff61b36c0 (LWP 2268722) \"qe-worker-12\"):\n"
~"#0  syscall () at ../sysdeps/unix/sysv/linux/x86_64/syscall.S:38\n#1  0x000055555ba4c877 in rayon_core::sleep::Sleep::sleep ()\n#2  0x000055555ba4c30b in rayon_core::registry::WorkerThread::wait_until_cold ()\n#3  0x000055555ba4bcd2 in std::sys::backtrace::__rust_begin_short_backtrace ()\n#4  0x000055555ba4ba3c in core::ops::function::FnOnce::call_once{{vtable.shim}} ()\n#5  0x000055555bd7502a in std::sys::thread::unix::Thread::new::thread_start ()\n#6  0x00007ffff7c9cb84 in start_thread (arg=<optimized out>) at ./nptl/pthread_create.c:447\n#7  0x00007ffff7d29ecc in clone3 () at ../sysdeps/unix/sysv/linux/x86_64/clone3.S:78\n"
~"\nThread 13 (Thread 0x7ffff63b46c0 (LWP 2268721) \"qe-worker-11\"):\n"
~"#0  syscall () at ../sysdeps/unix/sysv/linux/x86_64/syscall.S:38\n#1  0x000055555ba4c877 in rayon_core::sleep::Sleep::sleep ()\n#2  0x000055555ba4c30b in rayon_core::registry::WorkerThread::wait_until_cold ()\n#3  0x000055555ba4bcd2 in std::sys::backtrace::__rust_begin_short_backtrace ()\n#4  0x000055555ba4ba3c in core::ops::function::FnOnce::call_once{{vtable.shim}} ()\n#5  0x000055555bd7502a in std::sys::thread::unix::Thread::new::thread_start ()\n#6  0x00007ffff7c9cb84 in start_thread (arg=<optimized out>) at ./nptl/pthread_create.c:447\n#7  0x00007ffff7d29ecc in clone3 () at ../sysdeps/unix/sysv/linux/x86_64/clone3.S:78\n"
~"\nThread 12 (Thread 0x7ffff65b56c0 (LWP 2268720) \"qe-worker-10\"):\n"
~"#0  syscall () at ../sysdeps/unix/sysv/linux/x86_64/syscall.S:38\n#1  0x000055555ba4c877 in rayon_core::sleep::Sleep::sleep ()\n#2  0x000055555ba4c30b in rayon_core::registry::WorkerThread::wait_until_cold ()\n#3  0x000055555ba4bcd2 in std::sys::backtrace::__rust_begin_short_backtrace ()\n#4  0x000055555ba4ba3c in core::ops::function::FnOnce::call_once{{vtable.shim}} ()\n#5  0x000055555bd7502a in std::sys::thread::unix::Thread::new::thread_start ()\n#6  0x00007ffff7c9cb84 in start_thread (arg=<optimized out>) at ./nptl/pthread_create.c:447\n#7  0x00007ffff7d29ecc in clone3 () at ../sysdeps/unix/sysv/linux/x86_64/clone3.S:78\n"
~"\nThread 11 (Thread 0x7ffff67b66c0 (LWP 2268719) \"qe-worker-9\"):\n"
~"#0  syscall () at ../sysdeps/unix/sysv/linux/x86_64/syscall.S:38\n#1  0x000055555ba4c877 in rayon_core::sleep::Sleep::sleep ()\n#2  0x000055555ba4c30b in rayon_core::registry::WorkerThread::wait_until_cold ()\n#3  0x000055555ba4bcd2 in std::sys::backtrace::__rust_begin_short_backtrace ()\n#4  0x000055555ba4ba3c in core::ops::function::FnOnce::call_once{{vtable.shim}} ()\n#5  0x000055555bd7502a in std::sys::thread::unix::Thread::new::thread_start ()\n#6  0x00007ffff7c9cb84 in start_thread (arg=<optimized out>) at ./nptl/pthread_create.c:447\n#7  0x00007ffff7d29ecc in clone3 () at ../sysdeps/unix/sysv/linux/x86_64/clone3.S:78\n"
~"\nThread 10 (Thread 0x7ffff69b76c0 (LWP 2268718) \"qe-worker-8\"):\n"
~"#0  syscall () at ../sysdeps/unix/sysv/linux/x86_64/syscall.S:38\n#1  0x000055555ba4c877 in rayon_core::sleep::Sleep::sleep ()\n#2  0x000055555ba4c30b in rayon_core::registry::WorkerThread::wait_until_cold ()\n#3  0x000055555ba4bcd2 in std::sys::backtrace::__rust_begin_short_backtrace ()\n#4  0x000055555ba4ba3c in core::ops::function::FnOnce::call_once{{vtable.shim}} ()\n#5  0x000055555bd7502a in std::sys::thread::unix::Thread::new::thread_start ()\n#6  0x00007ffff7c9cb84 in start_thread (arg=<optimized out>) at ./nptl/pthread_create.c:447\n#7  0x00007ffff7d29ecc in clone3 () at ../sysdeps/unix/sysv/linux/x86_64/clone3.S:78\n"
~"\nThread 9 (Thread 0x7ffff6bb86c0 (LWP 2268717) \"qe-worker-7\"):\n"
~"#0  syscall () at ../sysdeps/unix/sysv/linux/x86_64/syscall.S:38\n#1  0x000055555ba4c877 in rayon_core::sleep::Sleep::sleep ()\n#2  0x000055555ba4c30b in rayon_core::registry::WorkerThread::wait_until_cold ()\n#3  0x000055555ba4bcd2 in std::sys::backtrace::__rust_begin_short_backtrace ()\n#4  0x000055555ba4ba3c in core::ops::function::FnOnce::call_once{{vtable.shim}} ()\n#5  0x000055555bd7502a in std::sys::thread::unix::Thread::new::thread_start ()\n#6  0x00007ffff7c9cb84 in start_thread (arg=<optimized out>) at ./nptl/pthread_create.c:447\n#7  0x00007ffff7d29ecc in clone3 () at ../sysdeps/unix/sysv/linux/x86_64/clone3.S:78\n"
~"\nThread 8 (Thread 0x7ffff6db96c0 (LWP 2268716) \"qe-worker-6\"):\n"
~"#0  syscall () at ../sysdeps/unix/sysv/linux/x86_64/syscall.S:38\n#1  0x000055555ba4c877 in rayon_core::sleep::Sleep::sleep ()\n#2  0x000055555ba4c30b in rayon_core::registry::WorkerThread::wait_until_cold ()\n#3  0x000055555ba4bcd2 in std::sys::backtrace::__rust_begin_short_backtrace ()\n#4  0x000055555ba4ba3c in core::ops::function::FnOnce::call_once{{vtable.shim}} ()\n#5  0x000055555bd7502a in std::sys::thread::unix::Thread::new::thread_start ()\n#6  0x00007ffff7c9cb84 in start_thread (arg=<optimized out>) at ./nptl/pthread_create.c:447\n#7  0x00007ffff7d29ecc in clone3 () at ../sysdeps/unix/sysv/linux/x86_64/clone3.S:78\n"
~"\nThread 7 (Thread 0x7ffff6fba6c0 (LWP 2268715) \"qe-worker-5\"):\n"
~"#0  syscall () at ../sysdeps/unix/sysv/linux/x86_64/syscall.S:38\n#1  0x000055555ba4c877 in rayon_core::sleep::Sleep::sleep ()\n#2  0x000055555ba4c30b in rayon_core::registry::WorkerThread::wait_until_cold ()\n#3  0x000055555ba4bcd2 in std::sys::backtrace::__rust_begin_short_backtrace ()\n#4  0x000055555ba4ba3c in core::ops::function::FnOnce::call_once{{vtable.shim}} ()\n#5  0x000055555bd7502a in std::sys::thread::unix::Thread::new::thread_start ()\n#6  0x00007ffff7c9cb84 in start_thread (arg=<optimized out>) at ./nptl/pthread_create.c:447\n#7  0x00007ffff7d29ecc in clone3 () at ../sysdeps/unix/sysv/linux/x86_64/clone3.S:78\n"
~"\nThread 6 (Thread 0x7ffff71bb6c0 (LWP 2268714) \"qe-worker-4\"):\n"
~"#0  syscall () at ../sysdeps/unix/sysv/linux/x86_64/syscall.S:38\n#1  0x000055555ba4c877 in rayon_core::sleep::Sleep::sleep ()\n#2  0x000055555ba4c30b in rayon_core::registry::WorkerThread::wait_until_cold ()\n#3  0x000055555ba4bcd2 in std::sys::backtrace::__rust_begin_short_backtrace ()\n#4  0x000055555ba4ba3c in core::ops::function::FnOnce::call_once{{vtable.shim}} ()\n#5  0x000055555bd7502a in std::sys::thread::unix::Thread::new::thread_start ()\n#6  0x00007ffff7c9cb84 in start_thread (arg=<optimized out>) at ./nptl/pthread_create.c:447\n#7  0x00007ffff7d29ecc in clone3 () at ../sysdeps/unix/sysv/linux/x86_64/clone3.S:78\n"
~"\nThread 5 (Thread 0x7ffff73bc6c0 (LWP 2268713) \"qe-worker-3\"):\n"
~"#0  syscall () at ../sysdeps/unix/sysv/linux/x86_64/syscall.S:38\n#1  0x000055555ba4c877 in rayon_core::sleep::Sleep::sleep ()\n#2  0x000055555ba4c30b in rayon_core::registry::WorkerThread::wait_until_cold ()\n#3  0x000055555ba4bcd2 in std::sys::backtrace::__rust_begin_short_backtrace ()\n#4  0x000055555ba4ba3c in core::ops::function::FnOnce::call_once{{vtable.shim}} ()\n#5  0x000055555bd7502a in std::sys::thread::unix::Thread::new::thread_start ()\n#6  0x00007ffff7c9cb84 in start_thread (arg=<optimized out>) at ./nptl/pthread_create.c:447\n#7  0x00007ffff7d29ecc in clone3 () at ../sysdeps/unix/sysv/linux/x86_64/clone3.S:78\n"
~"\nThread 4 (Thread 0x7ffff75bd6c0 (LWP 2268712) \"qe-worker-2\"):\n"
~"#0  syscall () at ../sysdeps/unix/sysv/linux/x86_64/syscall.S:38\n#1  0x000055555ba4c877 in rayon_core::sleep::Sleep::sleep ()\n#2  0x000055555ba4c30b in rayon_core::registry::WorkerThread::wait_until_cold ()\n#3  0x000055555ba4bcd2 in std::sys::backtrace::__rust_begin_short_backtrace ()\n#4  0x000055555ba4ba3c in core::ops::function::FnOnce::call_once{{vtable.shim}} ()\n#5  0x000055555bd7502a in std::sys::thread::unix::Thread::new::thread_start ()\n#6  0x00007ffff7c9cb84 in start_thread (arg=<optimized out>) at ./nptl/pthread_create.c:447\n#7  0x00007ffff7d29ecc in clone3 () at ../sysdeps/unix/sysv/linux/x86_64/clone3.S:78\n"
~"\nThread 3 (Thread 0x7ffff77be6c0 (LWP 2268711) \"qe-worker-1\"):\n"
~"#0  syscall () at ../sysdeps/unix/sysv/linux/x86_64/syscall.S:38\n#1  0x000055555ba4c877 in rayon_core::sleep::Sleep::sleep ()\n#2  0x000055555ba4c30b in rayon_core::registry::WorkerThread::wait_until_cold ()\n#3  0x000055555ba4bcd2 in std::sys::backtrace::__rust_begin_short_backtrace ()\n#4  0x000055555ba4ba3c in core::ops::function::FnOnce::call_once{{vtable.shim}} ()\n#5  0x000055555bd7502a in std::sys::thread::unix::Thread::new::thread_start ()\n#6  0x00007ffff7c9cb84 in start_thread (arg=<optimized out>) at ./nptl/pthread_create.c:447\n#7  0x00007ffff7d29ecc in clone3 () at ../sysdeps/unix/sysv/linux/x86_64/clone3.S:78\n"
~"\nThread 2 (Thread 0x7ffff79bf6c0 (LWP 2268710) \"qe-worker-0\"):\n"
~"#0  syscall () at ../sysdeps/unix/sysv/linux/x86_64/syscall.S:38\n#1  0x000055555ba4c877 in rayon_core::sleep::Sleep::sleep ()\n#2  0x000055555ba4c30b in rayon_core::registry::WorkerThread::wait_until_cold ()\n#3  0x000055555ba4bcd2 in std::sys::backtrace::__rust_begin_short_backtrace ()\n#4  0x000055555ba4ba3c in core::ops::function::FnOnce::call_once{{vtable.shim}} ()\n#5  0x000055555bd7502a in std::sys::thread::unix::Thread::new::thread_start ()\n#6  0x00007ffff7c9cb84 in start_thread (arg=<optimized out>) at ./nptl/pthread_create.c:447\n#7  0x00007ffff7d29ecc in clone3 () at ../sysdeps/unix/sysv/linux/x86_64/clone3.S:78\n"
~"\nThread 1 (Thread 0x7ffff7e8d100 (LWP 2268699) \"serial_frontier\"):\n"
~"#0  0x000055555b6eb287 in query_engine::planner::reserved_cast::cast ()\n#1  0x000055555b37b78a in query_engine::planner::numeric::cast_array ()\n#2  0x000055555b63ec96 in query_engine::planner::numeric::arithmetic ()\n#3  0x000055555b37a822 in query_engine::physical::operators::filter::evaluate_binary_op ()\n#4  0x000055555b4e4235 in query_engine::physical::operators::filter::evaluate_aggregate_inputs::eval ()\n#5  0x000055555b4e41ec in query_engine::physical::operators::filter::evaluate_aggregate_inputs::eval ()\n#6  0x000055555b49f4b5 in query_engine::physical::morsel_agg::live_spill::execute::{{closure}} ()\n#7  0x000055555b4930c1 in <query_engine::physical::operators::spillable::SpillableHashAggregateExec as query_engine::physical::plan::PhysicalOperator>::execute::{{closure}} ()\n(More stack frames follow...)\n"
32^done
(gdb) 
33^running
*running,thread-id="all"
(gdb) 
34^done
(gdb) 
~"\nThread "
~"1 \"serial_frontier\" received signal SIGINT, Interrupt.\n"
~"0x000055555b6eb3e2 in query_engine::planner::reserved_cast::cast ()\n"
*stopped,reason="signal-received",signal-name="SIGINT",signal-meaning="Interrupt",frame={addr="0x000055555b6eb3e2",func="query_engine::planner::reserved_cast::cast",args=[],arch="i386:x86-64"},thread-id="1",stopped-threads="all",core="15"
~"\nThread 34 (Thread 0x7fff877fb6c0 (LWP 2268742) \"tokio-rt-worker\"):\n"
~"#0  syscall () at ../sysdeps/unix/sysv/linux/x86_64/syscall.S:38\n#1  0x000055555afdfe97 in parking_lot::condvar::Condvar::wait_until_internal ()\n#2  0x000055555bd86bfa in std::sys::backtrace::__rust_begin_short_backtrace ()\n#3  0x000055555bd89aea in core::ops::function::FnOnce::call_once{{vtable.shim}} ()\n#4  0x000055555bd7502a in std::sys::thread::unix::Thread::new::thread_start ()\n#5  0x00007ffff7c9cb84 in start_thread (arg=<optimized out>) at ./nptl/pthread_create.c:447\n#6  0x00007ffff7d29ecc in clone3 () at ../sysdeps/unix/sysv/linux/x86_64/clone3.S:78\n"
~"\nThread 33 (Thread 0x7fff879fc6c0 (LWP 2268741) \"tokio-rt-worker\"):\n"
~"#0  syscall () at ../sysdeps/unix/sysv/linux/x86_64/syscall.S:38\n#1  0x000055555afdfe39 in parking_lot::condvar::Condvar::wait_until_internal ()\n#2  0x000055555bd97d50 in tokio::runtime::scheduler::multi_thread::worker::Context::park_internal ()\n#3  0x000055555bd96fec in tokio::runtime::scheduler::multi_thread::worker::run ()\n#4  0x000055555bd9506d in tokio::runtime::task::raw::poll ()\n#5  0x000055555bd86b52 in std::sys::backtrace::__rust_begin_short_backtrace ()\n#6  0x000055555bd89aea in core::ops::function::FnOnce::call_once{{vtable.shim}} ()\n#7  0x000055555bd7502a in std::sys::thread::unix::Thread::new::thread_start ()\n(More stack frames follow...)\n"
~"\nThread 32 (Thread 0x7fff87bfd6c0 (LWP 2268740) \"tokio-rt-worker\"):\n"
~"#0  syscall () at ../sysdeps/unix/sysv/linux/x86_64/syscall.S:38\n#1  0x000055555afdfe39 in parking_lot::condvar::Condvar::wait_until_internal ()\n#2  0x000055555bd97d50 in tokio::runtime::scheduler::multi_thread::worker::Context::park_internal ()\n#3  0x000055555bd96fec in tokio::runtime::scheduler::multi_thread::worker::run ()\n#4  0x000055555bd9506d in tokio::runtime::task::raw::poll ()\n#5  0x000055555bd86b52 in std::sys::backtrace::__rust_begin_short_backtrace ()\n#6  0x000055555bd89aea in core::ops::function::FnOnce::call_once{{vtable.shim}} ()\n#7  0x000055555bd7502a in std::sys::thread::unix::Thread::new::thread_start ()\n(More stack frames follow...)\n"
~"\nThread 31 (Thread 0x7fff87dfe6c0 (LWP 2268739) \"tokio-rt-worker\"):\n"
~"#0  syscall () at ../sysdeps/unix/sysv/linux/x86_64/syscall.S:38\n#1  0x000055555afdfe39 in parking_lot::condvar::Condvar::wait_until_internal ()\n#2  0x000055555bd97d50 in tokio::runtime::scheduler::multi_thread::worker::Context::park_internal ()\n#3  0x000055555bd96fec in tokio::runtime::scheduler::multi_thread::worker::run ()\n#4  0x000055555bd9506d in tokio::runtime::task::raw::poll ()\n#5  0x000055555bd86b52 in std::sys::backtrace::__rust_begin_short_backtrace ()\n#6  0x000055555bd89aea in core::ops::function::FnOnce::call_once{{vtable.shim}} ()\n#7  0x000055555bd7502a in std::sys::thread::unix::Thread::new::thread_start ()\n(More stack frames follow...)\n"
~"\nThread 30 (Thread 0x7fff87fff6c0 (LWP 2268738) \"tokio-rt-worker\"):\n"
~"#0  syscall () at ../sysdeps/unix/sysv/linux/x86_64/syscall.S:38\n#1  0x000055555afdfe39 in parking_lot::condvar::Condvar::wait_until_internal ()\n#2  0x000055555bd97d50 in tokio::runtime::scheduler::multi_thread::worker::Context::park_internal ()\n#3  0x000055555bd96fec in tokio::runtime::scheduler::multi_thread::worker::run ()\n#4  0x000055555bd9506d in tokio::runtime::task::raw::poll ()\n#5  0x000055555bd86b52 in std::sys::backtrace::__rust_begin_short_backtrace ()\n#6  0x000055555bd89aea in core::ops::function::FnOnce::call_once{{vtable.shim}} ()\n#7  0x000055555bd7502a in std::sys::thread::unix::Thread::new::thread_start ()\n(More stack frames follow...)\n"
~"\nThread 29 (Thread 0x7ffff43a46c0 (LWP 2268737) \"tokio-rt-worker\"):\n"
~"#0  syscall () at ../sysdeps/unix/sysv/linux/x86_64/syscall.S:38\n#1  0x000055555afdfe39 in parking_lot::condvar::Condvar::wait_until_internal ()\n#2  0x000055555bd97d50 in tokio::runtime::scheduler::multi_thread::worker::Context::park_internal ()\n#3  0x000055555bd96fec in tokio::runtime::scheduler::multi_thread::worker::run ()\n#4  0x000055555bd9506d in tokio::runtime::task::raw::poll ()\n#5  0x000055555bd86b52 in std::sys::backtrace::__rust_begin_short_backtrace ()\n#6  0x000055555bd89aea in core::ops::function::FnOnce::call_once{{vtable.shim}} ()\n#7  0x000055555bd7502a in std::sys::thread::unix::Thread::new::thread_start ()\n(More stack frames follow...)\n"
~"\nThread 28 (Thread 0x7ffff45a56c0 (LWP 2268736) \"tokio-rt-worker\"):\n"
~"#0  syscall () at ../sysdeps/unix/sysv/linux/x86_64/syscall.S:38\n#1  0x000055555afdfe39 in parking_lot::condvar::Condvar::wait_until_internal ()\n#2  0x000055555bd97d50 in tokio::runtime::scheduler::multi_thread::worker::Context::park_internal ()\n#3  0x000055555bd96fec in tokio::runtime::scheduler::multi_thread::worker::run ()\n#4  0x000055555bd9506d in tokio::runtime::task::raw::poll ()\n#5  0x000055555bd86b52 in std::sys::backtrace::__rust_begin_short_backtrace ()\n#6  0x000055555bd89aea in core::ops::function::FnOnce::call_once{{vtable.shim}} ()\n#7  0x000055555bd7502a in std::sys::thread::unix::Thread::new::thread_start ()\n(More stack frames follow...)\n"
~"\nThread 27 (Thread 0x7ffff47a66c0 (LWP 2268735) \"tokio-rt-worker\"):\n"
~"#0  syscall () at ../sysdeps/unix/sysv/linux/x86_64/syscall.S:38\n#1  0x000055555afdfe39 in parking_lot::condvar::Condvar::wait_until_internal ()\n#2  0x000055555bd97d50 in tokio::runtime::scheduler::multi_thread::worker::Context::park_internal ()\n#3  0x000055555bd96fec in tokio::runtime::scheduler::multi_thread::worker::run ()\n#4  0x000055555bd9506d in tokio::runtime::task::raw::poll ()\n#5  0x000055555bd86b52 in std::sys::backtrace::__rust_begin_short_backtrace ()\n#6  0x000055555bd89aea in core::ops::function::FnOnce::call_once{{vtable.shim}} ()\n#7  0x000055555bd7502a in std::sys::thread::unix::Thread::new::thread_start ()\n(More stack frames follow...)\n"
~"\nThread 26 (Thread 0x7ffff49a76c0 (LWP 2268734) \"tokio-rt-worker\"):\n"
~"#0  syscall () at ../sysdeps/unix/sysv/linux/x86_64/syscall.S:38\n#1  0x000055555afdfe39 in parking_lot::condvar::Condvar::wait_until_internal ()\n#2  0x000055555bd97d50 in tokio::runtime::scheduler::multi_thread::worker::Context::park_internal ()\n#3  0x000055555bd96fec in tokio::runtime::scheduler::multi_thread::worker::run ()\n#4  0x000055555bd9506d in tokio::runtime::task::raw::poll ()\n#5  0x000055555bd86b52 in std::sys::backtrace::__rust_begin_short_backtrace ()\n#6  0x000055555bd89aea in core::ops::function::FnOnce::call_once{{vtable.shim}} ()\n#7  0x000055555bd7502a in std::sys::thread::unix::Thread::new::thread_start ()\n(More stack frames follow...)\n"
~"\nThread 25 (Thread 0x7ffff4ba86c0 (LWP 2268733) \"tokio-rt-worker\"):\n"
~"#0  syscall () at ../sysdeps/unix/sysv/linux/x86_64/syscall.S:38\n#1  0x000055555afdfe39 in parking_lot::condvar::Condvar::wait_until_internal ()\n#2  0x000055555bd97d50 in tokio::runtime::scheduler::multi_thread::worker::Context::park_internal ()\n#3  0x000055555bd96fec in tokio::runtime::scheduler::multi_thread::worker::run ()\n#4  0x000055555bd9506d in tokio::runtime::task::raw::poll ()\n#5  0x000055555bd86b52 in std::sys::backtrace::__rust_begin_short_backtrace ()\n#6  0x000055555bd89aea in core::ops::function::FnOnce::call_once{{vtable.shim}} ()\n#7  0x000055555bd7502a in std::sys::thread::unix::Thread::new::thread_start ()\n(More stack frames follow...)\n"
~"\nThread 24 (Thread 0x7ffff4da96c0 (LWP 2268732) \"tokio-rt-worker\"):\n"
~"#0  syscall () at ../sysdeps/unix/sysv/linux/x86_64/syscall.S:38\n#1  0x000055555afdfe39 in parking_lot::condvar::Condvar::wait_until_internal ()\n#2  0x000055555bd97d50 in tokio::runtime::scheduler::multi_thread::worker::Context::park_internal ()\n#3  0x000055555bd96fec in tokio::runtime::scheduler::multi_thread::worker::run ()\n#4  0x000055555bd9506d in tokio::runtime::task::raw::poll ()\n#5  0x000055555bd86b52 in std::sys::backtrace::__rust_begin_short_backtrace ()\n#6  0x000055555bd89aea in core::ops::function::FnOnce::call_once{{vtable.shim}} ()\n#7  0x000055555bd7502a in std::sys::thread::unix::Thread::new::thread_start ()\n(More stack frames follow...)\n"
~"\nThread 23 (Thread 0x7ffff4faa6c0 (LWP 2268731) \"tokio-rt-worker\"):\n"
~"#0  syscall () at ../sysdeps/unix/sysv/linux/x86_64/syscall.S:38\n#1  0x000055555afdfe39 in parking_lot::condvar::Condvar::wait_until_internal ()\n#2  0x000055555bd97d50 in tokio::runtime::scheduler::multi_thread::worker::Context::park_internal ()\n#3  0x000055555bd96fec in tokio::runtime::scheduler::multi_thread::worker::run ()\n#4  0x000055555bd9506d in tokio::runtime::task::raw::poll ()\n#5  0x000055555bd86b52 in std::sys::backtrace::__rust_begin_short_backtrace ()\n#6  0x000055555bd89aea in core::ops::function::FnOnce::call_once{{vtable.shim}} ()\n#7  0x000055555bd7502a in std::sys::thread::unix::Thread::new::thread_start ()\n(More stack frames follow...)\n"
~"\nThread 22 (Thread 0x7ffff51ab6c0 (LWP 2268730) \"tokio-rt-worker\"):\n"
~"#0  syscall () at ../sysdeps/unix/sysv/linux/x86_64/syscall.S:38\n#1  0x000055555afdfe39 in parking_lot::condvar::Condvar::wait_until_internal ()\n#2  0x000055555bd97d50 in tokio::runtime::scheduler::multi_thread::worker::Context::park_internal ()\n#3  0x000055555bd96fec in tokio::runtime::scheduler::multi_thread::worker::run ()\n#4  0x000055555bd9506d in tokio::runtime::task::raw::poll ()\n#5  0x000055555bd86b52 in std::sys::backtrace::__rust_begin_short_backtrace ()\n#6  0x000055555bd89aea in core::ops::function::FnOnce::call_once{{vtable.shim}} ()\n#7  0x000055555bd7502a in std::sys::thread::unix::Thread::new::thread_start ()\n(More stack frames follow...)\n"
~"\nThread 21 (Thread 0x7ffff53ac6c0 (LWP 2268729) \"tokio-rt-worker\"):\n"
~"#0  syscall () at ../sysdeps/unix/sysv/linux/x86_64/syscall.S:38\n#1  0x000055555afdfe39 in parking_lot::condvar::Condvar::wait_until_internal ()\n#2  0x000055555bd97d50 in tokio::runtime::scheduler::multi_thread::worker::Context::park_internal ()\n#3  0x000055555bd96fec in tokio::runtime::scheduler::multi_thread::worker::run ()\n#4  0x000055555bd9506d in tokio::runtime::task::raw::poll ()\n#5  0x000055555bd86b52 in std::sys::backtrace::__rust_begin_short_backtrace ()\n#6  0x000055555bd89aea in core::ops::function::FnOnce::call_once{{vtable.shim}} ()\n#7  0x000055555bd7502a in std::sys::thread::unix::Thread::new::thread_start ()\n(More stack frames follow...)\n"
~"\nThread 20 (Thread 0x7ffff55ad6c0 (LWP 2268728) \"tokio-rt-worker\"):\n"
~"#0  syscall () at ../sysdeps/unix/sysv/linux/x86_64/syscall.S:38\n#1  0x000055555afdfe39 in parking_lot::condvar::Condvar::wait_until_internal ()\n#2  0x000055555bd97d50 in tokio::runtime::scheduler::multi_thread::worker::Context::park_internal ()\n#3  0x000055555bd96fec in tokio::runtime::scheduler::multi_thread::worker::run ()\n#4  0x000055555bd9506d in tokio::runtime::task::raw::poll ()\n#5  0x000055555bd86b52 in std::sys::backtrace::__rust_begin_short_backtrace ()\n#6  0x000055555bd89aea in core::ops::function::FnOnce::call_once{{vtable.shim}} ()\n#7  0x000055555bd7502a in std::sys::thread::unix::Thread::new::thread_start ()\n(More stack frames follow...)\n"
~"\nThread 19 (Thread 0x7ffff57ae6c0 (LWP 2268727) \"tokio-rt-worker\"):\n"
~"#0  syscall () at ../sysdeps/unix/sysv/linux/x86_64/syscall.S:38\n#1  0x000055555afdfe39 in parking_lot::condvar::Condvar::wait_until_internal ()\n#2  0x000055555bd97d50 in tokio::runtime::scheduler::multi_thread::worker::Context::park_internal ()\n#3  0x000055555bd96fec in tokio::runtime::scheduler::multi_thread::worker::run ()\n#4  0x000055555bd9506d in tokio::runtime::task::raw::poll ()\n#5  0x000055555bd86b52 in std::sys::backtrace::__rust_begin_short_backtrace ()\n#6  0x000055555bd89aea in core::ops::function::FnOnce::call_once{{vtable.shim}} ()\n#7  0x000055555bd7502a in std::sys::thread::unix::Thread::new::thread_start ()\n(More stack frames follow...)\n"
~"\nThread 18 (Thread 0x7ffff59af6c0 (LWP 2268726) \"tokio-rt-worker\"):\n"
~"#0  0x00007ffff7d2a2d2 in epoll_wait (epfd=3, events=0x36f6e300000, maxevents=1024, timeout=-1) at ../sysdeps/unix/sysv/linux/epoll_wait.c:30\n#1  0x000055555bd994ae in tokio::runtime::io::driver::Driver::turn ()\n#2  0x000055555bd9919d in tokio::runtime::time::Driver::park_internal ()\n#3  0x000055555bd97b94 in tokio::runtime::scheduler::multi_thread::worker::Context::park_internal ()\n#4  0x000055555bd96fec in tokio::runtime::scheduler::multi_thread::worker::run ()\n#5  0x000055555bd9506d in tokio::runtime::task::raw::poll ()\n#6  0x000055555bd86b52 in std::sys::backtrace::__rust_begin_short_backtrace ()\n#7  0x000055555bd89aea in core::ops::function::FnOnce::call_once{{vtable.shim}} ()\n(More stack frames follow...)\n"
~"\nThread 17 (Thread 0x7ffff5bb06c0 (LWP 2268725) \"qe-worker-15\"):\n"
~"#0  syscall () at ../sysdeps/unix/sysv/linux/x86_64/syscall.S:38\n#1  0x000055555ba4c877 in rayon_core::sleep::Sleep::sleep ()\n#2  0x000055555ba4c30b in rayon_core::registry::WorkerThread::wait_until_cold ()\n#3  0x000055555ba4bcd2 in std::sys::backtrace::__rust_begin_short_backtrace ()\n#4  0x000055555ba4ba3c in core::ops::function::FnOnce::call_once{{vtable.shim}} ()\n#5  0x000055555bd7502a in std::sys::thread::unix::Thread::new::thread_start ()\n#6  0x00007ffff7c9cb84 in start_thread (arg=<optimized out>) at ./nptl/pthread_create.c:447\n#7  0x00007ffff7d29ecc in clone3 () at ../sysdeps/unix/sysv/linux/x86_64/clone3.S:78\n"
~"\nThread 16 (Thread 0x7ffff5db16c0 (LWP 2268724) \"qe-worker-14\"):\n"
~"#0  syscall () at ../sysdeps/unix/sysv/linux/x86_64/syscall.S:38\n#1  0x000055555ba4c877 in rayon_core::sleep::Sleep::sleep ()\n#2  0x000055555ba4c30b in rayon_core::registry::WorkerThread::wait_until_cold ()\n#3  0x000055555ba4bcd2 in std::sys::backtrace::__rust_begin_short_backtrace ()\n#4  0x000055555ba4ba3c in core::ops::function::FnOnce::call_once{{vtable.shim}} ()\n#5  0x000055555bd7502a in std::sys::thread::unix::Thread::new::thread_start ()\n#6  0x00007ffff7c9cb84 in start_thread (arg=<optimized out>) at ./nptl/pthread_create.c:447\n#7  0x00007ffff7d29ecc in clone3 () at ../sysdeps/unix/sysv/linux/x86_64/clone3.S:78\n"
~"\nThread 15 (Thread 0x7ffff5fb26c0 (LWP 2268723) \"qe-worker-13\"):\n"
~"#0  syscall () at ../sysdeps/unix/sysv/linux/x86_64/syscall.S:38\n#1  0x000055555ba4c877 in rayon_core::sleep::Sleep::sleep ()\n#2  0x000055555ba4c30b in rayon_core::registry::WorkerThread::wait_until_cold ()\n#3  0x000055555ba4bcd2 in std::sys::backtrace::__rust_begin_short_backtrace ()\n#4  0x000055555ba4ba3c in core::ops::function::FnOnce::call_once{{vtable.shim}} ()\n#5  0x000055555bd7502a in std::sys::thread::unix::Thread::new::thread_start ()\n#6  0x00007ffff7c9cb84 in start_thread (arg=<optimized out>) at ./nptl/pthread_create.c:447\n#7  0x00007ffff7d29ecc in clone3 () at ../sysdeps/unix/sysv/linux/x86_64/clone3.S:78\n"
~"\nThread 14 (Thread 0x7ffff61b36c0 (LWP 2268722) \"qe-worker-12\"):\n"
~"#0  syscall () at ../sysdeps/unix/sysv/linux/x86_64/syscall.S:38\n#1  0x000055555ba4c877 in rayon_core::sleep::Sleep::sleep ()\n#2  0x000055555ba4c30b in rayon_core::registry::WorkerThread::wait_until_cold ()\n#3  0x000055555ba4bcd2 in std::sys::backtrace::__rust_begin_short_backtrace ()\n#4  0x000055555ba4ba3c in core::ops::function::FnOnce::call_once{{vtable.shim}} ()\n#5  0x000055555bd7502a in std::sys::thread::unix::Thread::new::thread_start ()\n#6  0x00007ffff7c9cb84 in start_thread (arg=<optimized out>) at ./nptl/pthread_create.c:447\n#7  0x00007ffff7d29ecc in clone3 () at ../sysdeps/unix/sysv/linux/x86_64/clone3.S:78\n"
~"\nThread 13 (Thread 0x7ffff63b46c0 (LWP 2268721) \"qe-worker-11\"):\n"
~"#0  syscall () at ../sysdeps/unix/sysv/linux/x86_64/syscall.S:38\n#1  0x000055555ba4c877 in rayon_core::sleep::Sleep::sleep ()\n#2  0x000055555ba4c30b in rayon_core::registry::WorkerThread::wait_until_cold ()\n#3  0x000055555ba4bcd2 in std::sys::backtrace::__rust_begin_short_backtrace ()\n#4  0x000055555ba4ba3c in core::ops::function::FnOnce::call_once{{vtable.shim}} ()\n#5  0x000055555bd7502a in std::sys::thread::unix::Thread::new::thread_start ()\n#6  0x00007ffff7c9cb84 in start_thread (arg=<optimized out>) at ./nptl/pthread_create.c:447\n#7  0x00007ffff7d29ecc in clone3 () at ../sysdeps/unix/sysv/linux/x86_64/clone3.S:78\n"
~"\nThread 12 (Thread 0x7ffff65b56c0 (LWP 2268720) \"qe-worker-10\"):\n"
~"#0  syscall () at ../sysdeps/unix/sysv/linux/x86_64/syscall.S:38\n#1  0x000055555ba4c877 in rayon_core::sleep::Sleep::sleep ()\n#2  0x000055555ba4c30b in rayon_core::registry::WorkerThread::wait_until_cold ()\n#3  0x000055555ba4bcd2 in std::sys::backtrace::__rust_begin_short_backtrace ()\n#4  0x000055555ba4ba3c in core::ops::function::FnOnce::call_once{{vtable.shim}} ()\n#5  0x000055555bd7502a in std::sys::thread::unix::Thread::new::thread_start ()\n#6  0x00007ffff7c9cb84 in start_thread (arg=<optimized out>) at ./nptl/pthread_create.c:447\n#7  0x00007ffff7d29ecc in clone3 () at ../sysdeps/unix/sysv/linux/x86_64/clone3.S:78\n"
~"\nThread 11 (Thread 0x7ffff67b66c0 (LWP 2268719) \"qe-worker-9\"):\n"
~"#0  syscall () at ../sysdeps/unix/sysv/linux/x86_64/syscall.S:38\n#1  0x000055555ba4c877 in rayon_core::sleep::Sleep::sleep ()\n#2  0x000055555ba4c30b in rayon_core::registry::WorkerThread::wait_until_cold ()\n#3  0x000055555ba4bcd2 in std::sys::backtrace::__rust_begin_short_backtrace ()\n#4  0x000055555ba4ba3c in core::ops::function::FnOnce::call_once{{vtable.shim}} ()\n#5  0x000055555bd7502a in std::sys::thread::unix::Thread::new::thread_start ()\n#6  0x00007ffff7c9cb84 in start_thread (arg=<optimized out>) at ./nptl/pthread_create.c:447\n#7  0x00007ffff7d29ecc in clone3 () at ../sysdeps/unix/sysv/linux/x86_64/clone3.S:78\n"
~"\nThread 10 (Thread 0x7ffff69b76c0 (LWP 2268718) \"qe-worker-8\"):\n"
~"#0  syscall () at ../sysdeps/unix/sysv/linux/x86_64/syscall.S:38\n#1  0x000055555ba4c877 in rayon_core::sleep::Sleep::sleep ()\n#2  0x000055555ba4c30b in rayon_core::registry::WorkerThread::wait_until_cold ()\n#3  0x000055555ba4bcd2 in std::sys::backtrace::__rust_begin_short_backtrace ()\n#4  0x000055555ba4ba3c in core::ops::function::FnOnce::call_once{{vtable.shim}} ()\n#5  0x000055555bd7502a in std::sys::thread::unix::Thread::new::thread_start ()\n#6  0x00007ffff7c9cb84 in start_thread (arg=<optimized out>) at ./nptl/pthread_create.c:447\n#7  0x00007ffff7d29ecc in clone3 () at ../sysdeps/unix/sysv/linux/x86_64/clone3.S:78\n"
~"\nThread 9 (Thread 0x7ffff6bb86c0 (LWP 2268717) \"qe-worker-7\"):\n"
~"#0  syscall () at ../sysdeps/unix/sysv/linux/x86_64/syscall.S:38\n#1  0x000055555ba4c877 in rayon_core::sleep::Sleep::sleep ()\n#2  0x000055555ba4c30b in rayon_core::registry::WorkerThread::wait_until_cold ()\n#3  0x000055555ba4bcd2 in std::sys::backtrace::__rust_begin_short_backtrace ()\n#4  0x000055555ba4ba3c in core::ops::function::FnOnce::call_once{{vtable.shim}} ()\n#5  0x000055555bd7502a in std::sys::thread::unix::Thread::new::thread_start ()\n#6  0x00007ffff7c9cb84 in start_thread (arg=<optimized out>) at ./nptl/pthread_create.c:447\n#7  0x00007ffff7d29ecc in clone3 () at ../sysdeps/unix/sysv/linux/x86_64/clone3.S:78\n"
~"\nThread 8 (Thread 0x7ffff6db96c0 (LWP 2268716) \"qe-worker-6\"):\n"
~"#0  syscall () at ../sysdeps/unix/sysv/linux/x86_64/syscall.S:38\n#1  0x000055555ba4c877 in rayon_core::sleep::Sleep::sleep ()\n#2  0x000055555ba4c30b in rayon_core::registry::WorkerThread::wait_until_cold ()\n#3  0x000055555ba4bcd2 in std::sys::backtrace::__rust_begin_short_backtrace ()\n#4  0x000055555ba4ba3c in core::ops::function::FnOnce::call_once{{vtable.shim}} ()\n#5  0x000055555bd7502a in std::sys::thread::unix::Thread::new::thread_start ()\n#6  0x00007ffff7c9cb84 in start_thread (arg=<optimized out>) at ./nptl/pthread_create.c:447\n#7  0x00007ffff7d29ecc in clone3 () at ../sysdeps/unix/sysv/linux/x86_64/clone3.S:78\n"
~"\nThread 7 (Thread 0x7ffff6fba6c0 (LWP 2268715) \"qe-worker-5\"):\n"
~"#0  syscall () at ../sysdeps/unix/sysv/linux/x86_64/syscall.S:38\n#1  0x000055555ba4c877 in rayon_core::sleep::Sleep::sleep ()\n#2  0x000055555ba4c30b in rayon_core::registry::WorkerThread::wait_until_cold ()\n#3  0x000055555ba4bcd2 in std::sys::backtrace::__rust_begin_short_backtrace ()\n#4  0x000055555ba4ba3c in core::ops::function::FnOnce::call_once{{vtable.shim}} ()\n#5  0x000055555bd7502a in std::sys::thread::unix::Thread::new::thread_start ()\n#6  0x00007ffff7c9cb84 in start_thread (arg=<optimized out>) at ./nptl/pthread_create.c:447\n#7  0x00007ffff7d29ecc in clone3 () at ../sysdeps/unix/sysv/linux/x86_64/clone3.S:78\n"
~"\nThread 6 (Thread 0x7ffff71bb6c0 (LWP 2268714) \"qe-worker-4\"):\n"
~"#0  syscall () at ../sysdeps/unix/sysv/linux/x86_64/syscall.S:38\n#1  0x000055555ba4c877 in rayon_core::sleep::Sleep::sleep ()\n#2  0x000055555ba4c30b in rayon_core::registry::WorkerThread::wait_until_cold ()\n#3  0x000055555ba4bcd2 in std::sys::backtrace::__rust_begin_short_backtrace ()\n#4  0x000055555ba4ba3c in core::ops::function::FnOnce::call_once{{vtable.shim}} ()\n#5  0x000055555bd7502a in std::sys::thread::unix::Thread::new::thread_start ()\n#6  0x00007ffff7c9cb84 in start_thread (arg=<optimized out>) at ./nptl/pthread_create.c:447\n#7  0x00007ffff7d29ecc in clone3 () at ../sysdeps/unix/sysv/linux/x86_64/clone3.S:78\n"
~"\nThread 5 (Thread 0x7ffff73bc6c0 (LWP 2268713) \"qe-worker-3\"):\n"
~"#0  syscall () at ../sysdeps/unix/sysv/linux/x86_64/syscall.S:38\n#1  0x000055555ba4c877 in rayon_core::sleep::Sleep::sleep ()\n#2  0x000055555ba4c30b in rayon_core::registry::WorkerThread::wait_until_cold ()\n#3  0x000055555ba4bcd2 in std::sys::backtrace::__rust_begin_short_backtrace ()\n#4  0x000055555ba4ba3c in core::ops::function::FnOnce::call_once{{vtable.shim}} ()\n#5  0x000055555bd7502a in std::sys::thread::unix::Thread::new::thread_start ()\n#6  0x00007ffff7c9cb84 in start_thread (arg=<optimized out>) at ./nptl/pthread_create.c:447\n#7  0x00007ffff7d29ecc in clone3 () at ../sysdeps/unix/sysv/linux/x86_64/clone3.S:78\n"
~"\nThread 4 (Thread 0x7ffff75bd6c0 (LWP 2268712) \"qe-worker-2\"):\n"
~"#0  syscall () at ../sysdeps/unix/sysv/linux/x86_64/syscall.S:38\n#1  0x000055555ba4c877 in rayon_core::sleep::Sleep::sleep ()\n#2  0x000055555ba4c30b in rayon_core::registry::WorkerThread::wait_until_cold ()\n#3  0x000055555ba4bcd2 in std::sys::backtrace::__rust_begin_short_backtrace ()\n#4  0x000055555ba4ba3c in core::ops::function::FnOnce::call_once{{vtable.shim}} ()\n#5  0x000055555bd7502a in std::sys::thread::unix::Thread::new::thread_start ()\n#6  0x00007ffff7c9cb84 in start_thread (arg=<optimized out>) at ./nptl/pthread_create.c:447\n#7  0x00007ffff7d29ecc in clone3 () at ../sysdeps/unix/sysv/linux/x86_64/clone3.S:78\n"
~"\nThread 3 (Thread 0x7ffff77be6c0 (LWP 2268711) \"qe-worker-1\"):\n"
~"#0  syscall () at ../sysdeps/unix/sysv/linux/x86_64/syscall.S:38\n#1  0x000055555ba4c877 in rayon_core::sleep::Sleep::sleep ()\n#2  0x000055555ba4c30b in rayon_core::registry::WorkerThread::wait_until_cold ()\n#3  0x000055555ba4bcd2 in std::sys::backtrace::__rust_begin_short_backtrace ()\n#4  0x000055555ba4ba3c in core::ops::function::FnOnce::call_once{{vtable.shim}} ()\n#5  0x000055555bd7502a in std::sys::thread::unix::Thread::new::thread_start ()\n#6  0x00007ffff7c9cb84 in start_thread (arg=<optimized out>) at ./nptl/pthread_create.c:447\n#7  0x00007ffff7d29ecc in clone3 () at ../sysdeps/unix/sysv/linux/x86_64/clone3.S:78\n"
~"\nThread 2 (Thread 0x7ffff79bf6c0 (LWP 2268710) \"qe-worker-0\"):\n"
~"#0  syscall () at ../sysdeps/unix/sysv/linux/x86_64/syscall.S:38\n#1  0x000055555ba4c877 in rayon_core::sleep::Sleep::sleep ()\n#2  0x000055555ba4c30b in rayon_core::registry::WorkerThread::wait_until_cold ()\n#3  0x000055555ba4bcd2 in std::sys::backtrace::__rust_begin_short_backtrace ()\n#4  0x000055555ba4ba3c in core::ops::function::FnOnce::call_once{{vtable.shim}} ()\n#5  0x000055555bd7502a in std::sys::thread::unix::Thread::new::thread_start ()\n#6  0x00007ffff7c9cb84 in start_thread (arg=<optimized out>) at ./nptl/pthread_create.c:447\n#7  0x00007ffff7d29ecc in clone3 () at ../sysdeps/unix/sysv/linux/x86_64/clone3.S:78\n"
~"\nThread 1 (Thread 0x7ffff7e8d100 (LWP 2268699) \"serial_frontier\"):\n"
~"#0  0x000055555b6eb3e2 in query_engine::planner::reserved_cast::cast ()\n#1  0x000055555b37b78a in query_engine::planner::numeric::cast_array ()\n#2  0x000055555b63ec96 in query_engine::planner::numeric::arithmetic ()\n#3  0x000055555b37a822 in query_engine::physical::operators::filter::evaluate_binary_op ()\n#4  0x000055555b4e4235 in query_engine::physical::operators::filter::evaluate_aggregate_inputs::eval ()\n#5  0x000055555b4e41ec in query_engine::physical::operators::filter::evaluate_aggregate_inputs::eval ()\n#6  0x000055555b49f4b5 in query_engine::physical::morsel_agg::live_spill::execute::{{closure}} ()\n#7  0x000055555b4930c1 in <query_engine::physical::operators::spillable::SpillableHashAggregateExec as query_engine::physical::plan::PhysicalOperator>::execute::{{closure}} ()\n(More stack frames follow...)\n"
35^done
(gdb) 
36^running
*running,thread-id="all"
(gdb) 
37^done
(gdb) 
~"\nThread "
~"1 \"serial_frontier\" received signal SIGINT, Interrupt.\n"
~"syscall () at ../sysdeps/unix/sysv/linux/x86_64/syscall.S:38\n"
~"38\tin ../sysdeps/unix/sysv/linux/x86_64/syscall.S\n"
*stopped,reason="signal-received",signal-name="SIGINT",signal-meaning="Interrupt",frame={addr="0x00007ffff7d2752d",func="syscall",args=[],file="../sysdeps/unix/sysv/linux/x86_64/syscall.S",fullname="./misc/../sysdeps/unix/sysv/linux/x86_64/syscall.S",line="38",arch="i386:x86-64"},thread-id="1",stopped-threads="all",core="8"
~"\nThread 34 (Thread 0x7fff877fb6c0 (LWP 2268742) \"tokio-rt-worker\"):\n"
~"#0  syscall () at ../sysdeps/unix/sysv/linux/x86_64/syscall.S:38\n#1  0x000055555afdfe97 in parking_lot::condvar::Condvar::wait_until_internal ()\n#2  0x000055555bd86bfa in std::sys::backtrace::__rust_begin_short_backtrace ()\n#3  0x000055555bd89aea in core::ops::function::FnOnce::call_once{{vtable.shim}} ()\n#4  0x000055555bd7502a in std::sys::thread::unix::Thread::new::thread_start ()\n#5  0x00007ffff7c9cb84 in start_thread (arg=<optimized out>) at ./nptl/pthread_create.c:447\n#6  0x00007ffff7d29ecc in clone3 () at ../sysdeps/unix/sysv/linux/x86_64/clone3.S:78\n"
~"\nThread 33 (Thread 0x7fff879fc6c0 (LWP 2268741) \"tokio-rt-worker\"):\n"
~"#0  syscall () at ../sysdeps/unix/sysv/linux/x86_64/syscall.S:38\n#1  0x000055555afdfe39 in parking_lot::condvar::Condvar::wait_until_internal ()\n#2  0x000055555bd97d50 in tokio::runtime::scheduler::multi_thread::worker::Context::park_internal ()\n#3  0x000055555bd96fec in tokio::runtime::scheduler::multi_thread::worker::run ()\n#4  0x000055555bd9506d in tokio::runtime::task::raw::poll ()\n#5  0x000055555bd86b52 in std::sys::backtrace::__rust_begin_short_backtrace ()\n#6  0x000055555bd89aea in core::ops::function::FnOnce::call_once{{vtable.shim}} ()\n#7  0x000055555bd7502a in std::sys::thread::unix::Thread::new::thread_start ()\n(More stack frames follow...)\n"
~"\nThread 32 (Thread 0x7fff87bfd6c0 (LWP 2268740) \"tokio-rt-worker\"):\n"
~"#0  syscall () at ../sysdeps/unix/sysv/linux/x86_64/syscall.S:38\n#1  0x000055555afdfe39 in parking_lot::condvar::Condvar::wait_until_internal ()\n#2  0x000055555bd97d50 in tokio::runtime::scheduler::multi_thread::worker::Context::park_internal ()\n#3  0x000055555bd96fec in tokio::runtime::scheduler::multi_thread::worker::run ()\n#4  0x000055555bd9506d in tokio::runtime::task::raw::poll ()\n#5  0x000055555bd86b52 in std::sys::backtrace::__rust_begin_short_backtrace ()\n#6  0x000055555bd89aea in core::ops::function::FnOnce::call_once{{vtable.shim}} ()\n#7  0x000055555bd7502a in std::sys::thread::unix::Thread::new::thread_start ()\n(More stack frames follow...)\n"
~"\nThread 31 (Thread 0x7fff87dfe6c0 (LWP 2268739) \"tokio-rt-worker\"):\n"
~"#0  syscall () at ../sysdeps/unix/sysv/linux/x86_64/syscall.S:38\n#1  0x000055555afdfe39 in parking_lot::condvar::Condvar::wait_until_internal ()\n#2  0x000055555bd97d50 in tokio::runtime::scheduler::multi_thread::worker::Context::park_internal ()\n#3  0x000055555bd96fec in tokio::runtime::scheduler::multi_thread::worker::run ()\n#4  0x000055555bd9506d in tokio::runtime::task::raw::poll ()\n#5  0x000055555bd86b52 in std::sys::backtrace::__rust_begin_short_backtrace ()\n#6  0x000055555bd89aea in core::ops::function::FnOnce::call_once{{vtable.shim}} ()\n#7  0x000055555bd7502a in std::sys::thread::unix::Thread::new::thread_start ()\n(More stack frames follow...)\n"
~"\nThread 30 (Thread 0x7fff87fff6c0 (LWP 2268738) \"tokio-rt-worker\"):\n"
~"#0  syscall () at ../sysdeps/unix/sysv/linux/x86_64/syscall.S:38\n#1  0x000055555afdfe39 in parking_lot::condvar::Condvar::wait_until_internal ()\n#2  0x000055555bd97d50 in tokio::runtime::scheduler::multi_thread::worker::Context::park_internal ()\n#3  0x000055555bd96fec in tokio::runtime::scheduler::multi_thread::worker::run ()\n#4  0x000055555bd9506d in tokio::runtime::task::raw::poll ()\n#5  0x000055555bd86b52 in std::sys::backtrace::__rust_begin_short_backtrace ()\n#6  0x000055555bd89aea in core::ops::function::FnOnce::call_once{{vtable.shim}} ()\n#7  0x000055555bd7502a in std::sys::thread::unix::Thread::new::thread_start ()\n(More stack frames follow...)\n"
~"\nThread 29 (Thread 0x7ffff43a46c0 (LWP 2268737) \"tokio-rt-worker\"):\n"
~"#0  syscall () at ../sysdeps/unix/sysv/linux/x86_64/syscall.S:38\n#1  0x000055555afdfe39 in parking_lot::condvar::Condvar::wait_until_internal ()\n#2  0x000055555bd97d50 in tokio::runtime::scheduler::multi_thread::worker::Context::park_internal ()\n#3  0x000055555bd96fec in tokio::runtime::scheduler::multi_thread::worker::run ()\n#4  0x000055555bd9506d in tokio::runtime::task::raw::poll ()\n#5  0x000055555bd86b52 in std::sys::backtrace::__rust_begin_short_backtrace ()\n#6  0x000055555bd89aea in core::ops::function::FnOnce::call_once{{vtable.shim}} ()\n#7  0x000055555bd7502a in std::sys::thread::unix::Thread::new::thread_start ()\n(More stack frames follow...)\n"
~"\nThread 28 (Thread 0x7ffff45a56c0 (LWP 2268736) \"tokio-rt-worker\"):\n"
~"#0  syscall () at ../sysdeps/unix/sysv/linux/x86_64/syscall.S:38\n#1  0x000055555afdfe39 in parking_lot::condvar::Condvar::wait_until_internal ()\n#2  0x000055555bd97d50 in tokio::runtime::scheduler::multi_thread::worker::Context::park_internal ()\n#3  0x000055555bd96fec in tokio::runtime::scheduler::multi_thread::worker::run ()\n#4  0x000055555bd9506d in tokio::runtime::task::raw::poll ()\n#5  0x000055555bd86b52 in std::sys::backtrace::__rust_begin_short_backtrace ()\n#6  0x000055555bd89aea in core::ops::function::FnOnce::call_once{{vtable.shim}} ()\n#7  0x000055555bd7502a in std::sys::thread::unix::Thread::new::thread_start ()\n(More stack frames follow...)\n"
~"\nThread 27 (Thread 0x7ffff47a66c0 (LWP 2268735) \"tokio-rt-worker\"):\n"
~"#0  syscall () at ../sysdeps/unix/sysv/linux/x86_64/syscall.S:38\n#1  0x000055555afdfe39 in parking_lot::condvar::Condvar::wait_until_internal ()\n#2  0x000055555bd97d50 in tokio::runtime::scheduler::multi_thread::worker::Context::park_internal ()\n#3  0x000055555bd96fec in tokio::runtime::scheduler::multi_thread::worker::run ()\n#4  0x000055555bd9506d in tokio::runtime::task::raw::poll ()\n#5  0x000055555bd86b52 in std::sys::backtrace::__rust_begin_short_backtrace ()\n#6  0x000055555bd89aea in core::ops::function::FnOnce::call_once{{vtable.shim}} ()\n#7  0x000055555bd7502a in std::sys::thread::unix::Thread::new::thread_start ()\n(More stack frames follow...)\n"
~"\nThread 26 (Thread 0x7ffff49a76c0 (LWP 2268734) \"tokio-rt-worker\"):\n"
~"#0  syscall () at ../sysdeps/unix/sysv/linux/x86_64/syscall.S:38\n#1  0x000055555afdfe39 in parking_lot::condvar::Condvar::wait_until_internal ()\n#2  0x000055555bd97d50 in tokio::runtime::scheduler::multi_thread::worker::Context::park_internal ()\n#3  0x000055555bd96fec in tokio::runtime::scheduler::multi_thread::worker::run ()\n#4  0x000055555bd9506d in tokio::runtime::task::raw::poll ()\n#5  0x000055555bd86b52 in std::sys::backtrace::__rust_begin_short_backtrace ()\n#6  0x000055555bd89aea in core::ops::function::FnOnce::call_once{{vtable.shim}} ()\n#7  0x000055555bd7502a in std::sys::thread::unix::Thread::new::thread_start ()\n(More stack frames follow...)\n"
~"\nThread 25 (Thread 0x7ffff4ba86c0 (LWP 2268733) \"tokio-rt-worker\"):\n"
~"#0  syscall () at ../sysdeps/unix/sysv/linux/x86_64/syscall.S:38\n#1  0x000055555afdfe39 in parking_lot::condvar::Condvar::wait_until_internal ()\n#2  0x000055555bd97d50 in tokio::runtime::scheduler::multi_thread::worker::Context::park_internal ()\n#3  0x000055555bd96fec in tokio::runtime::scheduler::multi_thread::worker::run ()\n#4  0x000055555bd9506d in tokio::runtime::task::raw::poll ()\n#5  0x000055555bd86b52 in std::sys::backtrace::__rust_begin_short_backtrace ()\n#6  0x000055555bd89aea in core::ops::function::FnOnce::call_once{{vtable.shim}} ()\n#7  0x000055555bd7502a in std::sys::thread::unix::Thread::new::thread_start ()\n(More stack frames follow...)\n"
~"\nThread 24 (Thread 0x7ffff4da96c0 (LWP 2268732) \"tokio-rt-worker\"):\n"
~"#0  syscall () at ../sysdeps/unix/sysv/linux/x86_64/syscall.S:38\n#1  0x000055555afdfe39 in parking_lot::condvar::Condvar::wait_until_internal ()\n#2  0x000055555bd97d50 in tokio::runtime::scheduler::multi_thread::worker::Context::park_internal ()\n#3  0x000055555bd96fec in tokio::runtime::scheduler::multi_thread::worker::run ()\n#4  0x000055555bd9506d in tokio::runtime::task::raw::poll ()\n#5  0x000055555bd86b52 in std::sys::backtrace::__rust_begin_short_backtrace ()\n#6  0x000055555bd89aea in core::ops::function::FnOnce::call_once{{vtable.shim}} ()\n#7  0x000055555bd7502a in std::sys::thread::unix::Thread::new::thread_start ()\n(More stack frames follow...)\n"
~"\nThread 23 (Thread 0x7ffff4faa6c0 (LWP 2268731) \"tokio-rt-worker\"):\n"
~"#0  syscall () at ../sysdeps/unix/sysv/linux/x86_64/syscall.S:38\n#1  0x000055555afdfe39 in parking_lot::condvar::Condvar::wait_until_internal ()\n#2  0x000055555bd97d50 in tokio::runtime::scheduler::multi_thread::worker::Context::park_internal ()\n#3  0x000055555bd96fec in tokio::runtime::scheduler::multi_thread::worker::run ()\n#4  0x000055555bd9506d in tokio::runtime::task::raw::poll ()\n#5  0x000055555bd86b52 in std::sys::backtrace::__rust_begin_short_backtrace ()\n#6  0x000055555bd89aea in core::ops::function::FnOnce::call_once{{vtable.shim}} ()\n#7  0x000055555bd7502a in std::sys::thread::unix::Thread::new::thread_start ()\n(More stack frames follow...)\n"
~"\nThread 22 (Thread 0x7ffff51ab6c0 (LWP 2268730) \"tokio-rt-worker\"):\n"
~"#0  syscall () at ../sysdeps/unix/sysv/linux/x86_64/syscall.S:38\n#1  0x000055555afdfe39 in parking_lot::condvar::Condvar::wait_until_internal ()\n#2  0x000055555bd97d50 in tokio::runtime::scheduler::multi_thread::worker::Context::park_internal ()\n#3  0x000055555bd96fec in tokio::runtime::scheduler::multi_thread::worker::run ()\n#4  0x000055555bd9506d in tokio::runtime::task::raw::poll ()\n#5  0x000055555bd86b52 in std::sys::backtrace::__rust_begin_short_backtrace ()\n#6  0x000055555bd89aea in core::ops::function::FnOnce::call_once{{vtable.shim}} ()\n#7  0x000055555bd7502a in std::sys::thread::unix::Thread::new::thread_start ()\n(More stack frames follow...)\n"
~"\nThread 21 (Thread 0x7ffff53ac6c0 (LWP 2268729) \"tokio-rt-worker\"):\n"
~"#0  syscall () at ../sysdeps/unix/sysv/linux/x86_64/syscall.S:38\n#1  0x000055555afdfe39 in parking_lot::condvar::Condvar::wait_until_internal ()\n#2  0x000055555bd97d50 in tokio::runtime::scheduler::multi_thread::worker::Context::park_internal ()\n#3  0x000055555bd96fec in tokio::runtime::scheduler::multi_thread::worker::run ()\n#4  0x000055555bd9506d in tokio::runtime::task::raw::poll ()\n#5  0x000055555bd86b52 in std::sys::backtrace::__rust_begin_short_backtrace ()\n#6  0x000055555bd89aea in core::ops::function::FnOnce::call_once{{vtable.shim}} ()\n#7  0x000055555bd7502a in std::sys::thread::unix::Thread::new::thread_start ()\n(More stack frames follow...)\n"
~"\nThread 20 (Thread 0x7ffff55ad6c0 (LWP 2268728) \"tokio-rt-worker\"):\n"
~"#0  syscall () at ../sysdeps/unix/sysv/linux/x86_64/syscall.S:38\n#1  0x000055555afdfe39 in parking_lot::condvar::Condvar::wait_until_internal ()\n#2  0x000055555bd97d50 in tokio::runtime::scheduler::multi_thread::worker::Context::park_internal ()\n#3  0x000055555bd96fec in tokio::runtime::scheduler::multi_thread::worker::run ()\n#4  0x000055555bd9506d in tokio::runtime::task::raw::poll ()\n#5  0x000055555bd86b52 in std::sys::backtrace::__rust_begin_short_backtrace ()\n#6  0x000055555bd89aea in core::ops::function::FnOnce::call_once{{vtable.shim}} ()\n#7  0x000055555bd7502a in std::sys::thread::unix::Thread::new::thread_start ()\n(More stack frames follow...)\n"
~"\nThread 19 (Thread 0x7ffff57ae6c0 (LWP 2268727) \"tokio-rt-worker\"):\n"
~"#0  syscall () at ../sysdeps/unix/sysv/linux/x86_64/syscall.S:38\n#1  0x000055555afdfe39 in parking_lot::condvar::Condvar::wait_until_internal ()\n#2  0x000055555bd97d50 in tokio::runtime::scheduler::multi_thread::worker::Context::park_internal ()\n#3  0x000055555bd96fec in tokio::runtime::scheduler::multi_thread::worker::run ()\n#4  0x000055555bd9506d in tokio::runtime::task::raw::poll ()\n#5  0x000055555bd86b52 in std::sys::backtrace::__rust_begin_short_backtrace ()\n#6  0x000055555bd89aea in core::ops::function::FnOnce::call_once{{vtable.shim}} ()\n#7  0x000055555bd7502a in std::sys::thread::unix::Thread::new::thread_start ()\n(More stack frames follow...)\n"
~"\nThread 18 (Thread 0x7ffff59af6c0 (LWP 2268726) \"tokio-rt-worker\"):\n"
~"#0  0x00007ffff7d2a2d2 in epoll_wait (epfd=3, events=0x36f6e300000, maxevents=1024, timeout=-1) at ../sysdeps/unix/sysv/linux/epoll_wait.c:30\n#1  0x000055555bd994ae in tokio::runtime::io::driver::Driver::turn ()\n#2  0x000055555bd9919d in tokio::runtime::time::Driver::park_internal ()\n#3  0x000055555bd97b94 in tokio::runtime::scheduler::multi_thread::worker::Context::park_internal ()\n#4  0x000055555bd96fec in tokio::runtime::scheduler::multi_thread::worker::run ()\n#5  0x000055555bd9506d in tokio::runtime::task::raw::poll ()\n#6  0x000055555bd86b52 in std::sys::backtrace::__rust_begin_short_backtrace ()\n#7  0x000055555bd89aea in core::ops::function::FnOnce::call_once{{vtable.shim}} ()\n(More stack frames follow...)\n"
~"\nThread 17 (Thread 0x7ffff5bb06c0 (LWP 2268725) \"qe-worker-15\"):\n"
~"#0  syscall () at ../sysdeps/unix/sysv/linux/x86_64/syscall.S:38\n#1  0x000055555ba4c877 in rayon_core::sleep::Sleep::sleep ()\n#2  0x000055555ba4c30b in rayon_core::registry::WorkerThread::wait_until_cold ()\n#3  0x000055555ba4bcd2 in std::sys::backtrace::__rust_begin_short_backtrace ()\n#4  0x000055555ba4ba3c in core::ops::function::FnOnce::call_once{{vtable.shim}} ()\n#5  0x000055555bd7502a in std::sys::thread::unix::Thread::new::thread_start ()\n#6  0x00007ffff7c9cb84 in start_thread (arg=<optimized out>) at ./nptl/pthread_create.c:447\n#7  0x00007ffff7d29ecc in clone3 () at ../sysdeps/unix/sysv/linux/x86_64/clone3.S:78\n"
~"\nThread 16 (Thread 0x7ffff5db16c0 (LWP 2268724) \"qe-worker-14\"):\n"
~"#0  syscall () at ../sysdeps/unix/sysv/linux/x86_64/syscall.S:38\n#1  0x000055555ba4c877 in rayon_core::sleep::Sleep::sleep ()\n#2  0x000055555ba4c30b in rayon_core::registry::WorkerThread::wait_until_cold ()\n#3  0x000055555ba4bcd2 in std::sys::backtrace::__rust_begin_short_backtrace ()\n#4  0x000055555ba4ba3c in core::ops::function::FnOnce::call_once{{vtable.shim}} ()\n#5  0x000055555bd7502a in std::sys::thread::unix::Thread::new::thread_start ()\n#6  0x00007ffff7c9cb84 in start_thread (arg=<optimized out>) at ./nptl/pthread_create.c:447\n#7  0x00007ffff7d29ecc in clone3 () at ../sysdeps/unix/sysv/linux/x86_64/clone3.S:78\n"
~"\nThread 15 (Thread 0x7ffff5fb26c0 (LWP 2268723) \"qe-worker-13\"):\n"
~"#0  syscall () at ../sysdeps/unix/sysv/linux/x86_64/syscall.S:38\n#1  0x000055555ba4c877 in rayon_core::sleep::Sleep::sleep ()\n#2  0x000055555ba4c30b in rayon_core::registry::WorkerThread::wait_until_cold ()\n#3  0x000055555ba4bcd2 in std::sys::backtrace::__rust_begin_short_backtrace ()\n#4  0x000055555ba4ba3c in core::ops::function::FnOnce::call_once{{vtable.shim}} ()\n#5  0x000055555bd7502a in std::sys::thread::unix::Thread::new::thread_start ()\n#6  0x00007ffff7c9cb84 in start_thread (arg=<optimized out>) at ./nptl/pthread_create.c:447\n#7  0x00007ffff7d29ecc in clone3 () at ../sysdeps/unix/sysv/linux/x86_64/clone3.S:78\n"
~"\nThread 14 (Thread 0x7ffff61b36c0 (LWP 2268722) \"qe-worker-12\"):\n"
~"#0  syscall () at ../sysdeps/unix/sysv/linux/x86_64/syscall.S:38\n#1  0x000055555ba4c877 in rayon_core::sleep::Sleep::sleep ()\n#2  0x000055555ba4c30b in rayon_core::registry::WorkerThread::wait_until_cold ()\n#3  0x000055555ba4bcd2 in std::sys::backtrace::__rust_begin_short_backtrace ()\n#4  0x000055555ba4ba3c in core::ops::function::FnOnce::call_once{{vtable.shim}} ()\n#5  0x000055555bd7502a in std::sys::thread::unix::Thread::new::thread_start ()\n#6  0x00007ffff7c9cb84 in start_thread (arg=<optimized out>) at ./nptl/pthread_create.c:447\n#7  0x00007ffff7d29ecc in clone3 () at ../sysdeps/unix/sysv/linux/x86_64/clone3.S:78\n"
~"\nThread 13 (Thread 0x7ffff63b46c0 (LWP 2268721) \"qe-worker-11\"):\n"
~"#0  syscall () at ../sysdeps/unix/sysv/linux/x86_64/syscall.S:38\n#1  0x000055555ba4c877 in rayon_core::sleep::Sleep::sleep ()\n#2  0x000055555ba4c30b in rayon_core::registry::WorkerThread::wait_until_cold ()\n#3  0x000055555ba4bcd2 in std::sys::backtrace::__rust_begin_short_backtrace ()\n#4  0x000055555ba4ba3c in core::ops::function::FnOnce::call_once{{vtable.shim}} ()\n#5  0x000055555bd7502a in std::sys::thread::unix::Thread::new::thread_start ()\n#6  0x00007ffff7c9cb84 in start_thread (arg=<optimized out>) at ./nptl/pthread_create.c:447\n#7  0x00007ffff7d29ecc in clone3 () at ../sysdeps/unix/sysv/linux/x86_64/clone3.S:78\n"
~"\nThread 12 (Thread 0x7ffff65b56c0 (LWP 2268720) \"qe-worker-10\"):\n"
~"#0  syscall () at ../sysdeps/unix/sysv/linux/x86_64/syscall.S:38\n#1  0x000055555ba4c877 in rayon_core::sleep::Sleep::sleep ()\n#2  0x000055555ba4c30b in rayon_core::registry::WorkerThread::wait_until_cold ()\n#3  0x000055555ba4bcd2 in std::sys::backtrace::__rust_begin_short_backtrace ()\n#4  0x000055555ba4ba3c in core::ops::function::FnOnce::call_once{{vtable.shim}} ()\n#5  0x000055555bd7502a in std::sys::thread::unix::Thread::new::thread_start ()\n#6  0x00007ffff7c9cb84 in start_thread (arg=<optimized out>) at ./nptl/pthread_create.c:447\n#7  0x00007ffff7d29ecc in clone3 () at ../sysdeps/unix/sysv/linux/x86_64/clone3.S:78\n"
~"\nThread 11 (Thread 0x7ffff67b66c0 (LWP 2268719) \"qe-worker-9\"):\n"
~"#0  syscall () at ../sysdeps/unix/sysv/linux/x86_64/syscall.S:38\n#1  0x000055555ba4c877 in rayon_core::sleep::Sleep::sleep ()\n#2  0x000055555ba4c30b in rayon_core::registry::WorkerThread::wait_until_cold ()\n#3  0x000055555ba4bcd2 in std::sys::backtrace::__rust_begin_short_backtrace ()\n#4  0x000055555ba4ba3c in core::ops::function::FnOnce::call_once{{vtable.shim}} ()\n#5  0x000055555bd7502a in std::sys::thread::unix::Thread::new::thread_start ()\n#6  0x00007ffff7c9cb84 in start_thread (arg=<optimized out>) at ./nptl/pthread_create.c:447\n#7  0x00007ffff7d29ecc in clone3 () at ../sysdeps/unix/sysv/linux/x86_64/clone3.S:78\n"
~"\nThread 10 (Thread 0x7ffff69b76c0 (LWP 2268718) \"qe-worker-8\"):\n"
~"#0  syscall () at ../sysdeps/unix/sysv/linux/x86_64/syscall.S:38\n#1  0x000055555ba4c877 in rayon_core::sleep::Sleep::sleep ()\n#2  0x000055555ba4c30b in rayon_core::registry::WorkerThread::wait_until_cold ()\n#3  0x000055555ba4bcd2 in std::sys::backtrace::__rust_begin_short_backtrace ()\n#4  0x000055555ba4ba3c in core::ops::function::FnOnce::call_once{{vtable.shim}} ()\n#5  0x000055555bd7502a in std::sys::thread::unix::Thread::new::thread_start ()\n#6  0x00007ffff7c9cb84 in start_thread (arg=<optimized out>) at ./nptl/pthread_create.c:447\n#7  0x00007ffff7d29ecc in clone3 () at ../sysdeps/unix/sysv/linux/x86_64/clone3.S:78\n"
~"\nThread 9 (Thread 0x7ffff6bb86c0 (LWP 2268717) \"qe-worker-7\"):\n"
~"#0  syscall () at ../sysdeps/unix/sysv/linux/x86_64/syscall.S:38\n#1  0x000055555ba4c877 in rayon_core::sleep::Sleep::sleep ()\n#2  0x000055555ba4c30b in rayon_core::registry::WorkerThread::wait_until_cold ()\n#3  0x000055555ba4bcd2 in std::sys::backtrace::__rust_begin_short_backtrace ()\n#4  0x000055555ba4ba3c in core::ops::function::FnOnce::call_once{{vtable.shim}} ()\n#5  0x000055555bd7502a in std::sys::thread::unix::Thread::new::thread_start ()\n#6  0x00007ffff7c9cb84 in start_thread (arg=<optimized out>) at ./nptl/pthread_create.c:447\n#7  0x00007ffff7d29ecc in clone3 () at ../sysdeps/unix/sysv/linux/x86_64/clone3.S:78\n"
~"\nThread 8 (Thread 0x7ffff6db96c0 (LWP 2268716) \"qe-worker-6\"):\n"
~"#0  syscall () at ../sysdeps/unix/sysv/linux/x86_64/syscall.S:38\n#1  0x000055555ba4c877 in rayon_core::sleep::Sleep::sleep ()\n#2  0x000055555ba4c30b in rayon_core::registry::WorkerThread::wait_until_cold ()\n#3  0x000055555ba4bcd2 in std::sys::backtrace::__rust_begin_short_backtrace ()\n#4  0x000055555ba4ba3c in core::ops::function::FnOnce::call_once{{vtable.shim}} ()\n#5  0x000055555bd7502a in std::sys::thread::unix::Thread::new::thread_start ()\n#6  0x00007ffff7c9cb84 in start_thread (arg=<optimized out>) at ./nptl/pthread_create.c:447\n#7  0x00007ffff7d29ecc in clone3 () at ../sysdeps/unix/sysv/linux/x86_64/clone3.S:78\n"
~"\nThread 7 (Thread 0x7ffff6fba6c0 (LWP 2268715) \"qe-worker-5\"):\n"
~"#0  syscall () at ../sysdeps/unix/sysv/linux/x86_64/syscall.S:38\n#1  0x000055555ba4c877 in rayon_core::sleep::Sleep::sleep ()\n#2  0x000055555ba4c30b in rayon_core::registry::WorkerThread::wait_until_cold ()\n#3  0x000055555ba4bcd2 in std::sys::backtrace::__rust_begin_short_backtrace ()\n#4  0x000055555ba4ba3c in core::ops::function::FnOnce::call_once{{vtable.shim}} ()\n#5  0x000055555bd7502a in std::sys::thread::unix::Thread::new::thread_start ()\n#6  0x00007ffff7c9cb84 in start_thread (arg=<optimized out>) at ./nptl/pthread_create.c:447\n#7  0x00007ffff7d29ecc in clone3 () at ../sysdeps/unix/sysv/linux/x86_64/clone3.S:78\n"
~"\nThread 6 (Thread 0x7ffff71bb6c0 (LWP 2268714) \"qe-worker-4\"):\n"
~"#0  syscall () at ../sysdeps/unix/sysv/linux/x86_64/syscall.S:38\n#1  0x000055555ba4c877 in rayon_core::sleep::Sleep::sleep ()\n#2  0x000055555ba4c30b in rayon_core::registry::WorkerThread::wait_until_cold ()\n#3  0x000055555ba4bcd2 in std::sys::backtrace::__rust_begin_short_backtrace ()\n#4  0x000055555ba4ba3c in core::ops::function::FnOnce::call_once{{vtable.shim}} ()\n#5  0x000055555bd7502a in std::sys::thread::unix::Thread::new::thread_start ()\n#6  0x00007ffff7c9cb84 in start_thread (arg=<optimized out>) at ./nptl/pthread_create.c:447\n#7  0x00007ffff7d29ecc in clone3 () at ../sysdeps/unix/sysv/linux/x86_64/clone3.S:78\n"
~"\nThread 5 (Thread 0x7ffff73bc6c0 (LWP 2268713) \"qe-worker-3\"):\n"
~"#0  syscall () at ../sysdeps/unix/sysv/linux/x86_64/syscall.S:38\n#1  0x000055555ba4c877 in rayon_core::sleep::Sleep::sleep ()\n#2  0x000055555ba4c30b in rayon_core::registry::WorkerThread::wait_until_cold ()\n#3  0x000055555ba4bcd2 in std::sys::backtrace::__rust_begin_short_backtrace ()\n#4  0x000055555ba4ba3c in core::ops::function::FnOnce::call_once{{vtable.shim}} ()\n#5  0x000055555bd7502a in std::sys::thread::unix::Thread::new::thread_start ()\n#6  0x00007ffff7c9cb84 in start_thread (arg=<optimized out>) at ./nptl/pthread_create.c:447\n#7  0x00007ffff7d29ecc in clone3 () at ../sysdeps/unix/sysv/linux/x86_64/clone3.S:78\n"
~"\nThread 4 (Thread 0x7ffff75bd6c0 (LWP 2268712) \"qe-worker-2\"):\n"
~"#0  syscall () at ../sysdeps/unix/sysv/linux/x86_64/syscall.S:38\n#1  0x000055555ba4c877 in rayon_core::sleep::Sleep::sleep ()\n#2  0x000055555ba4c30b in rayon_core::registry::WorkerThread::wait_until_cold ()\n#3  0x000055555ba4bcd2 in std::sys::backtrace::__rust_begin_short_backtrace ()\n#4  0x000055555ba4ba3c in core::ops::function::FnOnce::call_once{{vtable.shim}} ()\n#5  0x000055555bd7502a in std::sys::thread::unix::Thread::new::thread_start ()\n#6  0x00007ffff7c9cb84 in start_thread (arg=<optimized out>) at ./nptl/pthread_create.c:447\n#7  0x00007ffff7d29ecc in clone3 () at ../sysdeps/unix/sysv/linux/x86_64/clone3.S:78\n"
~"\nThread 3 (Thread 0x7ffff77be6c0 (LWP 2268711) \"qe-worker-1\"):\n"
~"#0  syscall () at ../sysdeps/unix/sysv/linux/x86_64/syscall.S:38\n#1  0x000055555ba4c877 in rayon_core::sleep::Sleep::sleep ()\n#2  0x000055555ba4c30b in rayon_core::registry::WorkerThread::wait_until_cold ()\n#3  0x000055555ba4bcd2 in std::sys::backtrace::__rust_begin_short_backtrace ()\n#4  0x000055555ba4ba3c in core::ops::function::FnOnce::call_once{{vtable.shim}} ()\n#5  0x000055555bd7502a in std::sys::thread::unix::Thread::new::thread_start ()\n#6  0x00007ffff7c9cb84 in start_thread (arg=<optimized out>) at ./nptl/pthread_create.c:447\n#7  0x00007ffff7d29ecc in clone3 () at ../sysdeps/unix/sysv/linux/x86_64/clone3.S:78\n"
~"\nThread 2 (Thread 0x7ffff79bf6c0 (LWP 2268710) \"qe-worker-0\"):\n"
~"#0  syscall () at ../sysdeps/unix/sysv/linux/x86_64/syscall.S:38\n#1  0x000055555ba4c877 in rayon_core::sleep::Sleep::sleep ()\n#2  0x000055555ba4c30b in rayon_core::registry::WorkerThread::wait_until_cold ()\n#3  0x000055555ba4bcd2 in std::sys::backtrace::__rust_begin_short_backtrace ()\n#4  0x000055555ba4ba3c in core::ops::function::FnOnce::call_once{{vtable.shim}} ()\n#5  0x000055555bd7502a in std::sys::thread::unix::Thread::new::thread_start ()\n#6  0x00007ffff7c9cb84 in start_thread (arg=<optimized out>) at ./nptl/pthread_create.c:447\n#7  0x00007ffff7d29ecc in clone3 () at ../sysdeps/unix/sysv/linux/x86_64/clone3.S:78\n"
~"\nThread 1 (Thread 0x7ffff7e8d100 (LWP 2268699) \"serial_frontier\"):\n"
~"#0  syscall () at ../sysdeps/unix/sysv/linux/x86_64/syscall.S:38\n#1  0x000055555ba4d835 in rayon_core::latch::LockLatch::wait_and_reset ()\n#2  0x000055555b5304f3 in rayon_core::registry::Registry::in_worker_cold ()\n#3  0x000055555b526cfa in rayon::iter::plumbing::bridge_producer_consumer::helper ()\n#4  0x000055555b4a2d45 in query_engine::physical::morsel_agg::live_spill::execute::{{closure}} ()\n#5  0x000055555b4930c1 in <query_engine::physical::operators::spillable::SpillableHashAggregateExec as query_engine::physical::plan::PhysicalOperator>::execute::{{closure}} ()\n#6  0x000055555b632182 in <query_engine::physical::operators::project::ProjectExec as query_engine::physical::plan::PhysicalOperator>::execute::{{closure}} ()\n#7  0x000055555b4a7680 in query_engine::physical::operators::spillable::stream_merge_input_partitions::{{closure}} ()\n(More stack frames follow...)\n"
38^done
(gdb) 
39^running
*running,thread-id="all"
(gdb) 
40^done
(gdb) 
~"\nThread "
~"1 \"serial_frontier\" received signal SIGINT, Interrupt.\n"
~"syscall () at ../sysdeps/unix/sysv/linux/x86_64/syscall.S:38\n"
~"38\tin ../sysdeps/unix/sysv/linux/x86_64/syscall.S\n"
*stopped,reason="signal-received",signal-name="SIGINT",signal-meaning="Interrupt",frame={addr="0x00007ffff7d2752d",func="syscall",args=[],file="../sysdeps/unix/sysv/linux/x86_64/syscall.S",fullname="./misc/../sysdeps/unix/sysv/linux/x86_64/syscall.S",line="38",arch="i386:x86-64"},thread-id="1",stopped-threads="all",core="2"
~"\nThread 34 (Thread 0x7fff877fb6c0 (LWP 2268742) \"tokio-rt-worker\"):\n"
~"#0  syscall () at ../sysdeps/unix/sysv/linux/x86_64/syscall.S:38\n#1  0x000055555afdfe97 in parking_lot::condvar::Condvar::wait_until_internal ()\n#2  0x000055555bd86bfa in std::sys::backtrace::__rust_begin_short_backtrace ()\n#3  0x000055555bd89aea in core::ops::function::FnOnce::call_once{{vtable.shim}} ()\n#4  0x000055555bd7502a in std::sys::thread::unix::Thread::new::thread_start ()\n#5  0x00007ffff7c9cb84 in start_thread (arg=<optimized out>) at ./nptl/pthread_create.c:447\n#6  0x00007ffff7d29ecc in clone3 () at ../sysdeps/unix/sysv/linux/x86_64/clone3.S:78\n"
~"\nThread 33 (Thread 0x7fff879fc6c0 (LWP 2268741) \"tokio-rt-worker\"):\n"
~"#0  syscall () at ../sysdeps/unix/sysv/linux/x86_64/syscall.S:38\n#1  0x000055555afdfe39 in parking_lot::condvar::Condvar::wait_until_internal ()\n#2  0x000055555bd97d50 in tokio::runtime::scheduler::multi_thread::worker::Context::park_internal ()\n#3  0x000055555bd96fec in tokio::runtime::scheduler::multi_thread::worker::run ()\n#4  0x000055555bd9506d in tokio::runtime::task::raw::poll ()\n#5  0x000055555bd86b52 in std::sys::backtrace::__rust_begin_short_backtrace ()\n#6  0x000055555bd89aea in core::ops::function::FnOnce::call_once{{vtable.shim}} ()\n#7  0x000055555bd7502a in std::sys::thread::unix::Thread::new::thread_start ()\n(More stack frames follow...)\n"
~"\nThread 32 (Thread 0x7fff87bfd6c0 (LWP 2268740) \"tokio-rt-worker\"):\n"
~"#0  syscall () at ../sysdeps/unix/sysv/linux/x86_64/syscall.S:38\n#1  0x000055555afdfe39 in parking_lot::condvar::Condvar::wait_until_internal ()\n#2  0x000055555bd97d50 in tokio::runtime::scheduler::multi_thread::worker::Context::park_internal ()\n#3  0x000055555bd96fec in tokio::runtime::scheduler::multi_thread::worker::run ()\n#4  0x000055555bd9506d in tokio::runtime::task::raw::poll ()\n#5  0x000055555bd86b52 in std::sys::backtrace::__rust_begin_short_backtrace ()\n#6  0x000055555bd89aea in core::ops::function::FnOnce::call_once{{vtable.shim}} ()\n#7  0x000055555bd7502a in std::sys::thread::unix::Thread::new::thread_start ()\n(More stack frames follow...)\n"
~"\nThread 31 (Thread 0x7fff87dfe6c0 (LWP 2268739) \"tokio-rt-worker\"):\n"
~"#0  syscall () at ../sysdeps/unix/sysv/linux/x86_64/syscall.S:38\n#1  0x000055555afdfe39 in parking_lot::condvar::Condvar::wait_until_internal ()\n#2  0x000055555bd97d50 in tokio::runtime::scheduler::multi_thread::worker::Context::park_internal ()\n#3  0x000055555bd96fec in tokio::runtime::scheduler::multi_thread::worker::run ()\n#4  0x000055555bd9506d in tokio::runtime::task::raw::poll ()\n#5  0x000055555bd86b52 in std::sys::backtrace::__rust_begin_short_backtrace ()\n#6  0x000055555bd89aea in core::ops::function::FnOnce::call_once{{vtable.shim}} ()\n#7  0x000055555bd7502a in std::sys::thread::unix::Thread::new::thread_start ()\n(More stack frames follow...)\n"
~"\nThread 30 (Thread 0x7fff87fff6c0 (LWP 2268738) \"tokio-rt-worker\"):\n"
~"#0  syscall () at ../sysdeps/unix/sysv/linux/x86_64/syscall.S:38\n#1  0x000055555afdfe39 in parking_lot::condvar::Condvar::wait_until_internal ()\n#2  0x000055555bd97d50 in tokio::runtime::scheduler::multi_thread::worker::Context::park_internal ()\n#3  0x000055555bd96fec in tokio::runtime::scheduler::multi_thread::worker::run ()\n#4  0x000055555bd9506d in tokio::runtime::task::raw::poll ()\n#5  0x000055555bd86b52 in std::sys::backtrace::__rust_begin_short_backtrace ()\n#6  0x000055555bd89aea in core::ops::function::FnOnce::call_once{{vtable.shim}} ()\n#7  0x000055555bd7502a in std::sys::thread::unix::Thread::new::thread_start ()\n(More stack frames follow...)\n"
~"\nThread 29 (Thread 0x7ffff43a46c0 (LWP 2268737) \"tokio-rt-worker\"):\n"
~"#0  syscall () at ../sysdeps/unix/sysv/linux/x86_64/syscall.S:38\n#1  0x000055555afdfe39 in parking_lot::condvar::Condvar::wait_until_internal ()\n#2  0x000055555bd97d50 in tokio::runtime::scheduler::multi_thread::worker::Context::park_internal ()\n#3  0x000055555bd96fec in tokio::runtime::scheduler::multi_thread::worker::run ()\n#4  0x000055555bd9506d in tokio::runtime::task::raw::poll ()\n#5  0x000055555bd86b52 in std::sys::backtrace::__rust_begin_short_backtrace ()\n#6  0x000055555bd89aea in core::ops::function::FnOnce::call_once{{vtable.shim}} ()\n#7  0x000055555bd7502a in std::sys::thread::unix::Thread::new::thread_start ()\n(More stack frames follow...)\n"
~"\nThread 28 (Thread 0x7ffff45a56c0 (LWP 2268736) \"tokio-rt-worker\"):\n"
~"#0  syscall () at ../sysdeps/unix/sysv/linux/x86_64/syscall.S:38\n#1  0x000055555afdfe39 in parking_lot::condvar::Condvar::wait_until_internal ()\n#2  0x000055555bd97d50 in tokio::runtime::scheduler::multi_thread::worker::Context::park_internal ()\n#3  0x000055555bd96fec in tokio::runtime::scheduler::multi_thread::worker::run ()\n#4  0x000055555bd9506d in tokio::runtime::task::raw::poll ()\n#5  0x000055555bd86b52 in std::sys::backtrace::__rust_begin_short_backtrace ()\n#6  0x000055555bd89aea in core::ops::function::FnOnce::call_once{{vtable.shim}} ()\n#7  0x000055555bd7502a in std::sys::thread::unix::Thread::new::thread_start ()\n(More stack frames follow...)\n"
~"\nThread 27 (Thread 0x7ffff47a66c0 (LWP 2268735) \"tokio-rt-worker\"):\n"
~"#0  syscall () at ../sysdeps/unix/sysv/linux/x86_64/syscall.S:38\n#1  0x000055555afdfe39 in parking_lot::condvar::Condvar::wait_until_internal ()\n#2  0x000055555bd97d50 in tokio::runtime::scheduler::multi_thread::worker::Context::park_internal ()\n#3  0x000055555bd96fec in tokio::runtime::scheduler::multi_thread::worker::run ()\n#4  0x000055555bd9506d in tokio::runtime::task::raw::poll ()\n#5  0x000055555bd86b52 in std::sys::backtrace::__rust_begin_short_backtrace ()\n#6  0x000055555bd89aea in core::ops::function::FnOnce::call_once{{vtable.shim}} ()\n#7  0x000055555bd7502a in std::sys::thread::unix::Thread::new::thread_start ()\n(More stack frames follow...)\n"
~"\nThread 26 (Thread 0x7ffff49a76c0 (LWP 2268734) \"tokio-rt-worker\"):\n"
~"#0  syscall () at ../sysdeps/unix/sysv/linux/x86_64/syscall.S:38\n#1  0x000055555afdfe39 in parking_lot::condvar::Condvar::wait_until_internal ()\n#2  0x000055555bd97d50 in tokio::runtime::scheduler::multi_thread::worker::Context::park_internal ()\n#3  0x000055555bd96fec in tokio::runtime::scheduler::multi_thread::worker::run ()\n#4  0x000055555bd9506d in tokio::runtime::task::raw::poll ()\n#5  0x000055555bd86b52 in std::sys::backtrace::__rust_begin_short_backtrace ()\n#6  0x000055555bd89aea in core::ops::function::FnOnce::call_once{{vtable.shim}} ()\n#7  0x000055555bd7502a in std::sys::thread::unix::Thread::new::thread_start ()\n(More stack frames follow...)\n"
~"\nThread 25 (Thread 0x7ffff4ba86c0 (LWP 2268733) \"tokio-rt-worker\"):\n"
~"#0  syscall () at ../sysdeps/unix/sysv/linux/x86_64/syscall.S:38\n#1  0x000055555afdfe39 in parking_lot::condvar::Condvar::wait_until_internal ()\n#2  0x000055555bd97d50 in tokio::runtime::scheduler::multi_thread::worker::Context::park_internal ()\n#3  0x000055555bd96fec in tokio::runtime::scheduler::multi_thread::worker::run ()\n#4  0x000055555bd9506d in tokio::runtime::task::raw::poll ()\n#5  0x000055555bd86b52 in std::sys::backtrace::__rust_begin_short_backtrace ()\n#6  0x000055555bd89aea in core::ops::function::FnOnce::call_once{{vtable.shim}} ()\n#7  0x000055555bd7502a in std::sys::thread::unix::Thread::new::thread_start ()\n(More stack frames follow...)\n"
~"\nThread 24 (Thread 0x7ffff4da96c0 (LWP 2268732) \"tokio-rt-worker\"):\n"
~"#0  syscall () at ../sysdeps/unix/sysv/linux/x86_64/syscall.S:38\n#1  0x000055555afdfe39 in parking_lot::condvar::Condvar::wait_until_internal ()\n#2  0x000055555bd97d50 in tokio::runtime::scheduler::multi_thread::worker::Context::park_internal ()\n#3  0x000055555bd96fec in tokio::runtime::scheduler::multi_thread::worker::run ()\n#4  0x000055555bd9506d in tokio::runtime::task::raw::poll ()\n#5  0x000055555bd86b52 in std::sys::backtrace::__rust_begin_short_backtrace ()\n#6  0x000055555bd89aea in core::ops::function::FnOnce::call_once{{vtable.shim}} ()\n#7  0x000055555bd7502a in std::sys::thread::unix::Thread::new::thread_start ()\n(More stack frames follow...)\n"
~"\nThread 23 (Thread 0x7ffff4faa6c0 (LWP 2268731) \"tokio-rt-worker\"):\n"
~"#0  syscall () at ../sysdeps/unix/sysv/linux/x86_64/syscall.S:38\n#1  0x000055555afdfe39 in parking_lot::condvar::Condvar::wait_until_internal ()\n#2  0x000055555bd97d50 in tokio::runtime::scheduler::multi_thread::worker::Context::park_internal ()\n#3  0x000055555bd96fec in tokio::runtime::scheduler::multi_thread::worker::run ()\n#4  0x000055555bd9506d in tokio::runtime::task::raw::poll ()\n#5  0x000055555bd86b52 in std::sys::backtrace::__rust_begin_short_backtrace ()\n#6  0x000055555bd89aea in core::ops::function::FnOnce::call_once{{vtable.shim}} ()\n#7  0x000055555bd7502a in std::sys::thread::unix::Thread::new::thread_start ()\n(More stack frames follow...)\n"
~"\nThread 22 (Thread 0x7ffff51ab6c0 (LWP 2268730) \"tokio-rt-worker\"):\n"
~"#0  syscall () at ../sysdeps/unix/sysv/linux/x86_64/syscall.S:38\n#1  0x000055555afdfe39 in parking_lot::condvar::Condvar::wait_until_internal ()\n#2  0x000055555bd97d50 in tokio::runtime::scheduler::multi_thread::worker::Context::park_internal ()\n#3  0x000055555bd96fec in tokio::runtime::scheduler::multi_thread::worker::run ()\n#4  0x000055555bd9506d in tokio::runtime::task::raw::poll ()\n#5  0x000055555bd86b52 in std::sys::backtrace::__rust_begin_short_backtrace ()\n#6  0x000055555bd89aea in core::ops::function::FnOnce::call_once{{vtable.shim}} ()\n#7  0x000055555bd7502a in std::sys::thread::unix::Thread::new::thread_start ()\n(More stack frames follow...)\n"
~"\nThread 21 (Thread 0x7ffff53ac6c0 (LWP 2268729) \"tokio-rt-worker\"):\n"
~"#0  syscall () at ../sysdeps/unix/sysv/linux/x86_64/syscall.S:38\n#1  0x000055555afdfe39 in parking_lot::condvar::Condvar::wait_until_internal ()\n#2  0x000055555bd97d50 in tokio::runtime::scheduler::multi_thread::worker::Context::park_internal ()\n#3  0x000055555bd96fec in tokio::runtime::scheduler::multi_thread::worker::run ()\n#4  0x000055555bd9506d in tokio::runtime::task::raw::poll ()\n#5  0x000055555bd86b52 in std::sys::backtrace::__rust_begin_short_backtrace ()\n#6  0x000055555bd89aea in core::ops::function::FnOnce::call_once{{vtable.shim}} ()\n#7  0x000055555bd7502a in std::sys::thread::unix::Thread::new::thread_start ()\n(More stack frames follow...)\n"
~"\nThread 20 (Thread 0x7ffff55ad6c0 (LWP 2268728) \"tokio-rt-worker\"):\n"
~"#0  syscall () at ../sysdeps/unix/sysv/linux/x86_64/syscall.S:38\n#1  0x000055555afdfe39 in parking_lot::condvar::Condvar::wait_until_internal ()\n#2  0x000055555bd97d50 in tokio::runtime::scheduler::multi_thread::worker::Context::park_internal ()\n#3  0x000055555bd96fec in tokio::runtime::scheduler::multi_thread::worker::run ()\n#4  0x000055555bd9506d in tokio::runtime::task::raw::poll ()\n#5  0x000055555bd86b52 in std::sys::backtrace::__rust_begin_short_backtrace ()\n#6  0x000055555bd89aea in core::ops::function::FnOnce::call_once{{vtable.shim}} ()\n#7  0x000055555bd7502a in std::sys::thread::unix::Thread::new::thread_start ()\n(More stack frames follow...)\n"
~"\nThread 19 (Thread 0x7ffff57ae6c0 (LWP 2268727) \"tokio-rt-worker\"):\n"
~"#0  syscall () at ../sysdeps/unix/sysv/linux/x86_64/syscall.S:38\n#1  0x000055555afdfe39 in parking_lot::condvar::Condvar::wait_until_internal ()\n#2  0x000055555bd97d50 in tokio::runtime::scheduler::multi_thread::worker::Context::park_internal ()\n#3  0x000055555bd96fec in tokio::runtime::scheduler::multi_thread::worker::run ()\n#4  0x000055555bd9506d in tokio::runtime::task::raw::poll ()\n#5  0x000055555bd86b52 in std::sys::backtrace::__rust_begin_short_backtrace ()\n#6  0x000055555bd89aea in core::ops::function::FnOnce::call_once{{vtable.shim}} ()\n#7  0x000055555bd7502a in std::sys::thread::unix::Thread::new::thread_start ()\n(More stack frames follow...)\n"
~"\nThread 18 (Thread 0x7ffff59af6c0 (LWP 2268726) \"tokio-rt-worker\"):\n"
~"#0  0x00007ffff7d2a2d2 in epoll_wait (epfd=3, events=0x36f6e300000, maxevents=1024, timeout=-1) at ../sysdeps/unix/sysv/linux/epoll_wait.c:30\n#1  0x000055555bd994ae in tokio::runtime::io::driver::Driver::turn ()\n#2  0x000055555bd9919d in tokio::runtime::time::Driver::park_internal ()\n#3  0x000055555bd97b94 in tokio::runtime::scheduler::multi_thread::worker::Context::park_internal ()\n#4  0x000055555bd96fec in tokio::runtime::scheduler::multi_thread::worker::run ()\n#5  0x000055555bd9506d in tokio::runtime::task::raw::poll ()\n#6  0x000055555bd86b52 in std::sys::backtrace::__rust_begin_short_backtrace ()\n#7  0x000055555bd89aea in core::ops::function::FnOnce::call_once{{vtable.shim}} ()\n(More stack frames follow...)\n"
~"\nThread 17 (Thread 0x7ffff5bb06c0 (LWP 2268725) \"qe-worker-15\"):\n"
~"#0  syscall () at ../sysdeps/unix/sysv/linux/x86_64/syscall.S:38\n#1  0x000055555ba4c877 in rayon_core::sleep::Sleep::sleep ()\n#2  0x000055555ba4c30b in rayon_core::registry::WorkerThread::wait_until_cold ()\n#3  0x000055555ba4bcd2 in std::sys::backtrace::__rust_begin_short_backtrace ()\n#4  0x000055555ba4ba3c in core::ops::function::FnOnce::call_once{{vtable.shim}} ()\n#5  0x000055555bd7502a in std::sys::thread::unix::Thread::new::thread_start ()\n#6  0x00007ffff7c9cb84 in start_thread (arg=<optimized out>) at ./nptl/pthread_create.c:447\n#7  0x00007ffff7d29ecc in clone3 () at ../sysdeps/unix/sysv/linux/x86_64/clone3.S:78\n"
~"\nThread 16 (Thread 0x7ffff5db16c0 (LWP 2268724) \"qe-worker-14\"):\n"
~"#0  syscall () at ../sysdeps/unix/sysv/linux/x86_64/syscall.S:38\n#1  0x000055555ba4c877 in rayon_core::sleep::Sleep::sleep ()\n#2  0x000055555ba4c30b in rayon_core::registry::WorkerThread::wait_until_cold ()\n#3  0x000055555ba4bcd2 in std::sys::backtrace::__rust_begin_short_backtrace ()\n#4  0x000055555ba4ba3c in core::ops::function::FnOnce::call_once{{vtable.shim}} ()\n#5  0x000055555bd7502a in std::sys::thread::unix::Thread::new::thread_start ()\n#6  0x00007ffff7c9cb84 in start_thread (arg=<optimized out>) at ./nptl/pthread_create.c:447\n#7  0x00007ffff7d29ecc in clone3 () at ../sysdeps/unix/sysv/linux/x86_64/clone3.S:78\n"
~"\nThread 15 (Thread 0x7ffff5fb26c0 (LWP 2268723) \"qe-worker-13\"):\n"
~"#0  syscall () at ../sysdeps/unix/sysv/linux/x86_64/syscall.S:38\n#1  0x000055555ba4c877 in rayon_core::sleep::Sleep::sleep ()\n#2  0x000055555ba4c30b in rayon_core::registry::WorkerThread::wait_until_cold ()\n#3  0x000055555ba4bcd2 in std::sys::backtrace::__rust_begin_short_backtrace ()\n#4  0x000055555ba4ba3c in core::ops::function::FnOnce::call_once{{vtable.shim}} ()\n#5  0x000055555bd7502a in std::sys::thread::unix::Thread::new::thread_start ()\n#6  0x00007ffff7c9cb84 in start_thread (arg=<optimized out>) at ./nptl/pthread_create.c:447\n#7  0x00007ffff7d29ecc in clone3 () at ../sysdeps/unix/sysv/linux/x86_64/clone3.S:78\n"
~"\nThread 14 (Thread 0x7ffff61b36c0 (LWP 2268722) \"qe-worker-12\"):\n"
~"#0  syscall () at ../sysdeps/unix/sysv/linux/x86_64/syscall.S:38\n#1  0x000055555ba4c877 in rayon_core::sleep::Sleep::sleep ()\n#2  0x000055555ba4c30b in rayon_core::registry::WorkerThread::wait_until_cold ()\n#3  0x000055555ba4bcd2 in std::sys::backtrace::__rust_begin_short_backtrace ()\n#4  0x000055555ba4ba3c in core::ops::function::FnOnce::call_once{{vtable.shim}} ()\n#5  0x000055555bd7502a in std::sys::thread::unix::Thread::new::thread_start ()\n#6  0x00007ffff7c9cb84 in start_thread (arg=<optimized out>) at ./nptl/pthread_create.c:447\n#7  0x00007ffff7d29ecc in clone3 () at ../sysdeps/unix/sysv/linux/x86_64/clone3.S:78\n"
~"\nThread 13 (Thread 0x7ffff63b46c0 (LWP 2268721) \"qe-worker-11\"):\n"
~"#0  syscall () at ../sysdeps/unix/sysv/linux/x86_64/syscall.S:38\n#1  0x000055555ba4c877 in rayon_core::sleep::Sleep::sleep ()\n#2  0x000055555ba4c30b in rayon_core::registry::WorkerThread::wait_until_cold ()\n#3  0x000055555ba4bcd2 in std::sys::backtrace::__rust_begin_short_backtrace ()\n#4  0x000055555ba4ba3c in core::ops::function::FnOnce::call_once{{vtable.shim}} ()\n#5  0x000055555bd7502a in std::sys::thread::unix::Thread::new::thread_start ()\n#6  0x00007ffff7c9cb84 in start_thread (arg=<optimized out>) at ./nptl/pthread_create.c:447\n#7  0x00007ffff7d29ecc in clone3 () at ../sysdeps/unix/sysv/linux/x86_64/clone3.S:78\n"
~"\nThread 12 (Thread 0x7ffff65b56c0 (LWP 2268720) \"qe-worker-10\"):\n"
~"#0  syscall () at ../sysdeps/unix/sysv/linux/x86_64/syscall.S:38\n#1  0x000055555ba4c877 in rayon_core::sleep::Sleep::sleep ()\n#2  0x000055555ba4c30b in rayon_core::registry::WorkerThread::wait_until_cold ()\n#3  0x000055555ba4bcd2 in std::sys::backtrace::__rust_begin_short_backtrace ()\n#4  0x000055555ba4ba3c in core::ops::function::FnOnce::call_once{{vtable.shim}} ()\n#5  0x000055555bd7502a in std::sys::thread::unix::Thread::new::thread_start ()\n#6  0x00007ffff7c9cb84 in start_thread (arg=<optimized out>) at ./nptl/pthread_create.c:447\n#7  0x00007ffff7d29ecc in clone3 () at ../sysdeps/unix/sysv/linux/x86_64/clone3.S:78\n"
~"\nThread 11 (Thread 0x7ffff67b66c0 (LWP 2268719) \"qe-worker-9\"):\n"
~"#0  syscall () at ../sysdeps/unix/sysv/linux/x86_64/syscall.S:38\n#1  0x000055555ba4c877 in rayon_core::sleep::Sleep::sleep ()\n#2  0x000055555ba4c30b in rayon_core::registry::WorkerThread::wait_until_cold ()\n#3  0x000055555ba4bcd2 in std::sys::backtrace::__rust_begin_short_backtrace ()\n#4  0x000055555ba4ba3c in core::ops::function::FnOnce::call_once{{vtable.shim}} ()\n#5  0x000055555bd7502a in std::sys::thread::unix::Thread::new::thread_start ()\n#6  0x00007ffff7c9cb84 in start_thread (arg=<optimized out>) at ./nptl/pthread_create.c:447\n#7  0x00007ffff7d29ecc in clone3 () at ../sysdeps/unix/sysv/linux/x86_64/clone3.S:78\n"
~"\nThread 10 (Thread 0x7ffff69b76c0 (LWP 2268718) \"qe-worker-8\"):\n"
~"#0  syscall () at ../sysdeps/unix/sysv/linux/x86_64/syscall.S:38\n#1  0x000055555ba4c877 in rayon_core::sleep::Sleep::sleep ()\n#2  0x000055555ba4c30b in rayon_core::registry::WorkerThread::wait_until_cold ()\n#3  0x000055555ba4bcd2 in std::sys::backtrace::__rust_begin_short_backtrace ()\n#4  0x000055555ba4ba3c in core::ops::function::FnOnce::call_once{{vtable.shim}} ()\n#5  0x000055555bd7502a in std::sys::thread::unix::Thread::new::thread_start ()\n#6  0x00007ffff7c9cb84 in start_thread (arg=<optimized out>) at ./nptl/pthread_create.c:447\n#7  0x00007ffff7d29ecc in clone3 () at ../sysdeps/unix/sysv/linux/x86_64/clone3.S:78\n"
~"\nThread 9 (Thread 0x7ffff6bb86c0 (LWP 2268717) \"qe-worker-7\"):\n"
~"#0  syscall () at ../sysdeps/unix/sysv/linux/x86_64/syscall.S:38\n#1  0x000055555ba4c877 in rayon_core::sleep::Sleep::sleep ()\n#2  0x000055555ba4c30b in rayon_core::registry::WorkerThread::wait_until_cold ()\n#3  0x000055555ba4bcd2 in std::sys::backtrace::__rust_begin_short_backtrace ()\n#4  0x000055555ba4ba3c in core::ops::function::FnOnce::call_once{{vtable.shim}} ()\n#5  0x000055555bd7502a in std::sys::thread::unix::Thread::new::thread_start ()\n#6  0x00007ffff7c9cb84 in start_thread (arg=<optimized out>) at ./nptl/pthread_create.c:447\n#7  0x00007ffff7d29ecc in clone3 () at ../sysdeps/unix/sysv/linux/x86_64/clone3.S:78\n"
~"\nThread 8 (Thread 0x7ffff6db96c0 (LWP 2268716) \"qe-worker-6\"):\n"
~"#0  syscall () at ../sysdeps/unix/sysv/linux/x86_64/syscall.S:38\n#1  0x000055555ba4c877 in rayon_core::sleep::Sleep::sleep ()\n#2  0x000055555ba4c30b in rayon_core::registry::WorkerThread::wait_until_cold ()\n#3  0x000055555ba4bcd2 in std::sys::backtrace::__rust_begin_short_backtrace ()\n#4  0x000055555ba4ba3c in core::ops::function::FnOnce::call_once{{vtable.shim}} ()\n#5  0x000055555bd7502a in std::sys::thread::unix::Thread::new::thread_start ()\n#6  0x00007ffff7c9cb84 in start_thread (arg=<optimized out>) at ./nptl/pthread_create.c:447\n#7  0x00007ffff7d29ecc in clone3 () at ../sysdeps/unix/sysv/linux/x86_64/clone3.S:78\n"
~"\nThread 7 (Thread 0x7ffff6fba6c0 (LWP 2268715) \"qe-worker-5\"):\n"
~"#0  syscall () at ../sysdeps/unix/sysv/linux/x86_64/syscall.S:38\n#1  0x000055555ba4c877 in rayon_core::sleep::Sleep::sleep ()\n#2  0x000055555ba4c30b in rayon_core::registry::WorkerThread::wait_until_cold ()\n#3  0x000055555ba4bcd2 in std::sys::backtrace::__rust_begin_short_backtrace ()\n#4  0x000055555ba4ba3c in core::ops::function::FnOnce::call_once{{vtable.shim}} ()\n#5  0x000055555bd7502a in std::sys::thread::unix::Thread::new::thread_start ()\n#6  0x00007ffff7c9cb84 in start_thread (arg=<optimized out>) at ./nptl/pthread_create.c:447\n#7  0x00007ffff7d29ecc in clone3 () at ../sysdeps/unix/sysv/linux/x86_64/clone3.S:78\n"
~"\nThread 6 (Thread 0x7ffff71bb6c0 (LWP 2268714) \"qe-worker-4\"):\n"
~"#0  syscall () at ../sysdeps/unix/sysv/linux/x86_64/syscall.S:38\n#1  0x000055555ba4c877 in rayon_core::sleep::Sleep::sleep ()\n#2  0x000055555ba4c30b in rayon_core::registry::WorkerThread::wait_until_cold ()\n#3  0x000055555ba4bcd2 in std::sys::backtrace::__rust_begin_short_backtrace ()\n#4  0x000055555ba4ba3c in core::ops::function::FnOnce::call_once{{vtable.shim}} ()\n#5  0x000055555bd7502a in std::sys::thread::unix::Thread::new::thread_start ()\n#6  0x00007ffff7c9cb84 in start_thread (arg=<optimized out>) at ./nptl/pthread_create.c:447\n#7  0x00007ffff7d29ecc in clone3 () at ../sysdeps/unix/sysv/linux/x86_64/clone3.S:78\n"
~"\nThread 5 (Thread 0x7ffff73bc6c0 (LWP 2268713) \"qe-worker-3\"):\n"
~"#0  syscall () at ../sysdeps/unix/sysv/linux/x86_64/syscall.S:38\n#1  0x000055555ba4c877 in rayon_core::sleep::Sleep::sleep ()\n#2  0x000055555ba4c30b in rayon_core::registry::WorkerThread::wait_until_cold ()\n#3  0x000055555ba4bcd2 in std::sys::backtrace::__rust_begin_short_backtrace ()\n#4  0x000055555ba4ba3c in core::ops::function::FnOnce::call_once{{vtable.shim}} ()\n#5  0x000055555bd7502a in std::sys::thread::unix::Thread::new::thread_start ()\n#6  0x00007ffff7c9cb84 in start_thread (arg=<optimized out>) at ./nptl/pthread_create.c:447\n#7  0x00007ffff7d29ecc in clone3 () at ../sysdeps/unix/sysv/linux/x86_64/clone3.S:78\n"
~"\nThread 4 (Thread 0x7ffff75bd6c0 (LWP 2268712) \"qe-worker-2\"):\n"
~"#0  syscall () at ../sysdeps/unix/sysv/linux/x86_64/syscall.S:38\n#1  0x000055555ba4c877 in rayon_core::sleep::Sleep::sleep ()\n#2  0x000055555ba4c30b in rayon_core::registry::WorkerThread::wait_until_cold ()\n#3  0x000055555ba4bcd2 in std::sys::backtrace::__rust_begin_short_backtrace ()\n#4  0x000055555ba4ba3c in core::ops::function::FnOnce::call_once{{vtable.shim}} ()\n#5  0x000055555bd7502a in std::sys::thread::unix::Thread::new::thread_start ()\n#6  0x00007ffff7c9cb84 in start_thread (arg=<optimized out>) at ./nptl/pthread_create.c:447\n#7  0x00007ffff7d29ecc in clone3 () at ../sysdeps/unix/sysv/linux/x86_64/clone3.S:78\n"
~"\nThread 3 (Thread 0x7ffff77be6c0 (LWP 2268711) \"qe-worker-1\"):\n"
~"#0  syscall () at ../sysdeps/unix/sysv/linux/x86_64/syscall.S:38\n#1  0x000055555ba4c877 in rayon_core::sleep::Sleep::sleep ()\n#2  0x000055555ba4c30b in rayon_core::registry::WorkerThread::wait_until_cold ()\n#3  0x000055555ba4bcd2 in std::sys::backtrace::__rust_begin_short_backtrace ()\n#4  0x000055555ba4ba3c in core::ops::function::FnOnce::call_once{{vtable.shim}} ()\n#5  0x000055555bd7502a in std::sys::thread::unix::Thread::new::thread_start ()\n#6  0x00007ffff7c9cb84 in start_thread (arg=<optimized out>) at ./nptl/pthread_create.c:447\n#7  0x00007ffff7d29ecc in clone3 () at ../sysdeps/unix/sysv/linux/x86_64/clone3.S:78\n"
~"\nThread 2 (Thread 0x7ffff79bf6c0 (LWP 2268710) \"qe-worker-0\"):\n"
~"#0  syscall () at ../sysdeps/unix/sysv/linux/x86_64/syscall.S:38\n#1  0x000055555ba4c877 in rayon_core::sleep::Sleep::sleep ()\n#2  0x000055555ba4c30b in rayon_core::registry::WorkerThread::wait_until_cold ()\n#3  0x000055555ba4bcd2 in std::sys::backtrace::__rust_begin_short_backtrace ()\n#4  0x000055555ba4ba3c in core::ops::function::FnOnce::call_once{{vtable.shim}} ()\n#5  0x000055555bd7502a in std::sys::thread::unix::Thread::new::thread_start ()\n#6  0x00007ffff7c9cb84 in start_thread (arg=<optimized out>) at ./nptl/pthread_create.c:447\n#7  0x00007ffff7d29ecc in clone3 () at ../sysdeps/unix/sysv/linux/x86_64/clone3.S:78\n"
~"\nThread 1 (Thread 0x7ffff7e8d100 (LWP 2268699) \"serial_frontier\"):\n"
~"#0  syscall () at ../sysdeps/unix/sysv/linux/x86_64/syscall.S:38\n#1  0x000055555ba4d835 in rayon_core::latch::LockLatch::wait_and_reset ()\n#2  0x000055555b531e43 in rayon_core::registry::Registry::in_worker_cold ()\n#3  0x000055555b523e4e in rayon::iter::plumbing::bridge_producer_consumer::helper ()\n#4  0x000055555b4a1e2a in query_engine::physical::morsel_agg::live_spill::execute::{{closure}} ()\n#5  0x000055555b4930c1 in <query_engine::physical::operators::spillable::SpillableHashAggregateExec as query_engine::physical::plan::PhysicalOperator>::execute::{{closure}} ()\n#6  0x000055555b632182 in <query_engine::physical::operators::project::ProjectExec as query_engine::physical::plan::PhysicalOperator>::execute::{{closure}} ()\n#7  0x000055555b4a7680 in query_engine::physical::operators::spillable::stream_merge_input_partitions::{{closure}} ()\n(More stack frames follow...)\n"
41^done
(gdb) 
42^running
*running,thread-id="all"
(gdb) 
43^done
(gdb) 
~"\nThread "
~"1 \"serial_frontier\" received signal SIGINT, Interrupt.\n"
~"syscall () at ../sysdeps/unix/sysv/linux/x86_64/syscall.S:38\n"
~"38\tin ../sysdeps/unix/sysv/linux/x86_64/syscall.S\n"
*stopped,reason="signal-received",signal-name="SIGINT",signal-meaning="Interrupt",frame={addr="0x00007ffff7d2752d",func="syscall",args=[],file="../sysdeps/unix/sysv/linux/x86_64/syscall.S",fullname="./misc/../sysdeps/unix/sysv/linux/x86_64/syscall.S",line="38",arch="i386:x86-64"},thread-id="1",stopped-threads="all",core="4"
~"\nThread 34 (Thread 0x7fff877fb6c0 (LWP 2268742) \"tokio-rt-worker\"):\n"
~"#0  syscall () at ../sysdeps/unix/sysv/linux/x86_64/syscall.S:38\n#1  0x000055555afdfe97 in parking_lot::condvar::Condvar::wait_until_internal ()\n#2  0x000055555bd86bfa in std::sys::backtrace::__rust_begin_short_backtrace ()\n#3  0x000055555bd89aea in core::ops::function::FnOnce::call_once{{vtable.shim}} ()\n#4  0x000055555bd7502a in std::sys::thread::unix::Thread::new::thread_start ()\n#5  0x00007ffff7c9cb84 in start_thread (arg=<optimized out>) at ./nptl/pthread_create.c:447\n#6  0x00007ffff7d29ecc in clone3 () at ../sysdeps/unix/sysv/linux/x86_64/clone3.S:78\n"
~"\nThread 33 (Thread 0x7fff879fc6c0 (LWP 2268741) \"tokio-rt-worker\"):\n"
~"#0  syscall () at ../sysdeps/unix/sysv/linux/x86_64/syscall.S:38\n#1  0x000055555afdfe39 in parking_lot::condvar::Condvar::wait_until_internal ()\n#2  0x000055555bd97d50 in tokio::runtime::scheduler::multi_thread::worker::Context::park_internal ()\n#3  0x000055555bd96fec in tokio::runtime::scheduler::multi_thread::worker::run ()\n#4  0x000055555bd9506d in tokio::runtime::task::raw::poll ()\n#5  0x000055555bd86b52 in std::sys::backtrace::__rust_begin_short_backtrace ()\n#6  0x000055555bd89aea in core::ops::function::FnOnce::call_once{{vtable.shim}} ()\n#7  0x000055555bd7502a in std::sys::thread::unix::Thread::new::thread_start ()\n(More stack frames follow...)\n"
~"\nThread 32 (Thread 0x7fff87bfd6c0 (LWP 2268740) \"tokio-rt-worker\"):\n"
~"#0  syscall () at ../sysdeps/unix/sysv/linux/x86_64/syscall.S:38\n#1  0x000055555afdfe39 in parking_lot::condvar::Condvar::wait_until_internal ()\n#2  0x000055555bd97d50 in tokio::runtime::scheduler::multi_thread::worker::Context::park_internal ()\n#3  0x000055555bd96fec in tokio::runtime::scheduler::multi_thread::worker::run ()\n#4  0x000055555bd9506d in tokio::runtime::task::raw::poll ()\n#5  0x000055555bd86b52 in std::sys::backtrace::__rust_begin_short_backtrace ()\n#6  0x000055555bd89aea in core::ops::function::FnOnce::call_once{{vtable.shim}} ()\n#7  0x000055555bd7502a in std::sys::thread::unix::Thread::new::thread_start ()\n(More stack frames follow...)\n"
~"\nThread 31 (Thread 0x7fff87dfe6c0 (LWP 2268739) \"tokio-rt-worker\"):\n"
~"#0  syscall () at ../sysdeps/unix/sysv/linux/x86_64/syscall.S:38\n#1  0x000055555afdfe39 in parking_lot::condvar::Condvar::wait_until_internal ()\n#2  0x000055555bd97d50 in tokio::runtime::scheduler::multi_thread::worker::Context::park_internal ()\n#3  0x000055555bd96fec in tokio::runtime::scheduler::multi_thread::worker::run ()\n#4  0x000055555bd9506d in tokio::runtime::task::raw::poll ()\n#5  0x000055555bd86b52 in std::sys::backtrace::__rust_begin_short_backtrace ()\n#6  0x000055555bd89aea in core::ops::function::FnOnce::call_once{{vtable.shim}} ()\n#7  0x000055555bd7502a in std::sys::thread::unix::Thread::new::thread_start ()\n(More stack frames follow...)\n"
~"\nThread 30 (Thread 0x7fff87fff6c0 (LWP 2268738) \"tokio-rt-worker\"):\n"
~"#0  syscall () at ../sysdeps/unix/sysv/linux/x86_64/syscall.S:38\n#1  0x000055555afdfe39 in parking_lot::condvar::Condvar::wait_until_internal ()\n#2  0x000055555bd97d50 in tokio::runtime::scheduler::multi_thread::worker::Context::park_internal ()\n#3  0x000055555bd96fec in tokio::runtime::scheduler::multi_thread::worker::run ()\n#4  0x000055555bd9506d in tokio::runtime::task::raw::poll ()\n#5  0x000055555bd86b52 in std::sys::backtrace::__rust_begin_short_backtrace ()\n#6  0x000055555bd89aea in core::ops::function::FnOnce::call_once{{vtable.shim}} ()\n#7  0x000055555bd7502a in std::sys::thread::unix::Thread::new::thread_start ()\n(More stack frames follow...)\n"
~"\nThread 29 (Thread 0x7ffff43a46c0 (LWP 2268737) \"tokio-rt-worker\"):\n"
~"#0  syscall () at ../sysdeps/unix/sysv/linux/x86_64/syscall.S:38\n#1  0x000055555afdfe39 in parking_lot::condvar::Condvar::wait_until_internal ()\n#2  0x000055555bd97d50 in tokio::runtime::scheduler::multi_thread::worker::Context::park_internal ()\n#3  0x000055555bd96fec in tokio::runtime::scheduler::multi_thread::worker::run ()\n#4  0x000055555bd9506d in tokio::runtime::task::raw::poll ()\n#5  0x000055555bd86b52 in std::sys::backtrace::__rust_begin_short_backtrace ()\n#6  0x000055555bd89aea in core::ops::function::FnOnce::call_once{{vtable.shim}} ()\n#7  0x000055555bd7502a in std::sys::thread::unix::Thread::new::thread_start ()\n(More stack frames follow...)\n"
~"\nThread 28 (Thread 0x7ffff45a56c0 (LWP 2268736) \"tokio-rt-worker\"):\n"
~"#0  syscall () at ../sysdeps/unix/sysv/linux/x86_64/syscall.S:38\n#1  0x000055555afdfe39 in parking_lot::condvar::Condvar::wait_until_internal ()\n#2  0x000055555bd97d50 in tokio::runtime::scheduler::multi_thread::worker::Context::park_internal ()\n#3  0x000055555bd96fec in tokio::runtime::scheduler::multi_thread::worker::run ()\n#4  0x000055555bd9506d in tokio::runtime::task::raw::poll ()\n#5  0x000055555bd86b52 in std::sys::backtrace::__rust_begin_short_backtrace ()\n#6  0x000055555bd89aea in core::ops::function::FnOnce::call_once{{vtable.shim}} ()\n#7  0x000055555bd7502a in std::sys::thread::unix::Thread::new::thread_start ()\n(More stack frames follow...)\n"
~"\nThread 27 (Thread 0x7ffff47a66c0 (LWP 2268735) \"tokio-rt-worker\"):\n"
~"#0  syscall () at ../sysdeps/unix/sysv/linux/x86_64/syscall.S:38\n#1  0x000055555afdfe39 in parking_lot::condvar::Condvar::wait_until_internal ()\n#2  0x000055555bd97d50 in tokio::runtime::scheduler::multi_thread::worker::Context::park_internal ()\n#3  0x000055555bd96fec in tokio::runtime::scheduler::multi_thread::worker::run ()\n#4  0x000055555bd9506d in tokio::runtime::task::raw::poll ()\n#5  0x000055555bd86b52 in std::sys::backtrace::__rust_begin_short_backtrace ()\n#6  0x000055555bd89aea in core::ops::function::FnOnce::call_once{{vtable.shim}} ()\n#7  0x000055555bd7502a in std::sys::thread::unix::Thread::new::thread_start ()\n(More stack frames follow...)\n"
~"\nThread 26 (Thread 0x7ffff49a76c0 (LWP 2268734) \"tokio-rt-worker\"):\n"
~"#0  syscall () at ../sysdeps/unix/sysv/linux/x86_64/syscall.S:38\n#1  0x000055555afdfe39 in parking_lot::condvar::Condvar::wait_until_internal ()\n#2  0x000055555bd97d50 in tokio::runtime::scheduler::multi_thread::worker::Context::park_internal ()\n#3  0x000055555bd96fec in tokio::runtime::scheduler::multi_thread::worker::run ()\n#4  0x000055555bd9506d in tokio::runtime::task::raw::poll ()\n#5  0x000055555bd86b52 in std::sys::backtrace::__rust_begin_short_backtrace ()\n#6  0x000055555bd89aea in core::ops::function::FnOnce::call_once{{vtable.shim}} ()\n#7  0x000055555bd7502a in std::sys::thread::unix::Thread::new::thread_start ()\n(More stack frames follow...)\n"
~"\nThread 25 (Thread 0x7ffff4ba86c0 (LWP 2268733) \"tokio-rt-worker\"):\n"
~"#0  syscall () at ../sysdeps/unix/sysv/linux/x86_64/syscall.S:38\n#1  0x000055555afdfe39 in parking_lot::condvar::Condvar::wait_until_internal ()\n#2  0x000055555bd97d50 in tokio::runtime::scheduler::multi_thread::worker::Context::park_internal ()\n#3  0x000055555bd96fec in tokio::runtime::scheduler::multi_thread::worker::run ()\n#4  0x000055555bd9506d in tokio::runtime::task::raw::poll ()\n#5  0x000055555bd86b52 in std::sys::backtrace::__rust_begin_short_backtrace ()\n#6  0x000055555bd89aea in core::ops::function::FnOnce::call_once{{vtable.shim}} ()\n#7  0x000055555bd7502a in std::sys::thread::unix::Thread::new::thread_start ()\n(More stack frames follow...)\n"
~"\nThread 24 (Thread 0x7ffff4da96c0 (LWP 2268732) \"tokio-rt-worker\"):\n"
~"#0  syscall () at ../sysdeps/unix/sysv/linux/x86_64/syscall.S:38\n#1  0x000055555afdfe39 in parking_lot::condvar::Condvar::wait_until_internal ()\n#2  0x000055555bd97d50 in tokio::runtime::scheduler::multi_thread::worker::Context::park_internal ()\n#3  0x000055555bd96fec in tokio::runtime::scheduler::multi_thread::worker::run ()\n#4  0x000055555bd9506d in tokio::runtime::task::raw::poll ()\n#5  0x000055555bd86b52 in std::sys::backtrace::__rust_begin_short_backtrace ()\n#6  0x000055555bd89aea in core::ops::function::FnOnce::call_once{{vtable.shim}} ()\n#7  0x000055555bd7502a in std::sys::thread::unix::Thread::new::thread_start ()\n(More stack frames follow...)\n"
~"\nThread 23 (Thread 0x7ffff4faa6c0 (LWP 2268731) \"tokio-rt-worker\"):\n"
~"#0  syscall () at ../sysdeps/unix/sysv/linux/x86_64/syscall.S:38\n#1  0x000055555afdfe39 in parking_lot::condvar::Condvar::wait_until_internal ()\n#2  0x000055555bd97d50 in tokio::runtime::scheduler::multi_thread::worker::Context::park_internal ()\n#3  0x000055555bd96fec in tokio::runtime::scheduler::multi_thread::worker::run ()\n#4  0x000055555bd9506d in tokio::runtime::task::raw::poll ()\n#5  0x000055555bd86b52 in std::sys::backtrace::__rust_begin_short_backtrace ()\n#6  0x000055555bd89aea in core::ops::function::FnOnce::call_once{{vtable.shim}} ()\n#7  0x000055555bd7502a in std::sys::thread::unix::Thread::new::thread_start ()\n(More stack frames follow...)\n"
~"\nThread 22 (Thread 0x7ffff51ab6c0 (LWP 2268730) \"tokio-rt-worker\"):\n"
~"#0  syscall () at ../sysdeps/unix/sysv/linux/x86_64/syscall.S:38\n#1  0x000055555afdfe39 in parking_lot::condvar::Condvar::wait_until_internal ()\n#2  0x000055555bd97d50 in tokio::runtime::scheduler::multi_thread::worker::Context::park_internal ()\n#3  0x000055555bd96fec in tokio::runtime::scheduler::multi_thread::worker::run ()\n#4  0x000055555bd9506d in tokio::runtime::task::raw::poll ()\n#5  0x000055555bd86b52 in std::sys::backtrace::__rust_begin_short_backtrace ()\n#6  0x000055555bd89aea in core::ops::function::FnOnce::call_once{{vtable.shim}} ()\n#7  0x000055555bd7502a in std::sys::thread::unix::Thread::new::thread_start ()\n(More stack frames follow...)\n"
~"\nThread 21 (Thread 0x7ffff53ac6c0 (LWP 2268729) \"tokio-rt-worker\"):\n"
~"#0  syscall () at ../sysdeps/unix/sysv/linux/x86_64/syscall.S:38\n#1  0x000055555afdfe39 in parking_lot::condvar::Condvar::wait_until_internal ()\n#2  0x000055555bd97d50 in tokio::runtime::scheduler::multi_thread::worker::Context::park_internal ()\n#3  0x000055555bd96fec in tokio::runtime::scheduler::multi_thread::worker::run ()\n#4  0x000055555bd9506d in tokio::runtime::task::raw::poll ()\n#5  0x000055555bd86b52 in std::sys::backtrace::__rust_begin_short_backtrace ()\n#6  0x000055555bd89aea in core::ops::function::FnOnce::call_once{{vtable.shim}} ()\n#7  0x000055555bd7502a in std::sys::thread::unix::Thread::new::thread_start ()\n(More stack frames follow...)\n"
~"\nThread 20 (Thread 0x7ffff55ad6c0 (LWP 2268728) \"tokio-rt-worker\"):\n"
~"#0  syscall () at ../sysdeps/unix/sysv/linux/x86_64/syscall.S:38\n#1  0x000055555afdfe39 in parking_lot::condvar::Condvar::wait_until_internal ()\n#2  0x000055555bd97d50 in tokio::runtime::scheduler::multi_thread::worker::Context::park_internal ()\n#3  0x000055555bd96fec in tokio::runtime::scheduler::multi_thread::worker::run ()\n#4  0x000055555bd9506d in tokio::runtime::task::raw::poll ()\n#5  0x000055555bd86b52 in std::sys::backtrace::__rust_begin_short_backtrace ()\n#6  0x000055555bd89aea in core::ops::function::FnOnce::call_once{{vtable.shim}} ()\n#7  0x000055555bd7502a in std::sys::thread::unix::Thread::new::thread_start ()\n(More stack frames follow...)\n"
~"\nThread 19 (Thread 0x7ffff57ae6c0 (LWP 2268727) \"tokio-rt-worker\"):\n"
~"#0  syscall () at ../sysdeps/unix/sysv/linux/x86_64/syscall.S:38\n#1  0x000055555afdfe39 in parking_lot::condvar::Condvar::wait_until_internal ()\n#2  0x000055555bd97d50 in tokio::runtime::scheduler::multi_thread::worker::Context::park_internal ()\n#3  0x000055555bd96fec in tokio::runtime::scheduler::multi_thread::worker::run ()\n#4  0x000055555bd9506d in tokio::runtime::task::raw::poll ()\n#5  0x000055555bd86b52 in std::sys::backtrace::__rust_begin_short_backtrace ()\n#6  0x000055555bd89aea in core::ops::function::FnOnce::call_once{{vtable.shim}} ()\n#7  0x000055555bd7502a in std::sys::thread::unix::Thread::new::thread_start ()\n(More stack frames follow...)\n"
~"\nThread 18 (Thread 0x7ffff59af6c0 (LWP 2268726) \"tokio-rt-worker\"):\n"
~"#0  0x00007ffff7d2a2d2 in epoll_wait (epfd=3, events=0x36f6e300000, maxevents=1024, timeout=-1) at ../sysdeps/unix/sysv/linux/epoll_wait.c:30\n#1  0x000055555bd994ae in tokio::runtime::io::driver::Driver::turn ()\n#2  0x000055555bd9919d in tokio::runtime::time::Driver::park_internal ()\n#3  0x000055555bd97b94 in tokio::runtime::scheduler::multi_thread::worker::Context::park_internal ()\n#4  0x000055555bd96fec in tokio::runtime::scheduler::multi_thread::worker::run ()\n#5  0x000055555bd9506d in tokio::runtime::task::raw::poll ()\n#6  0x000055555bd86b52 in std::sys::backtrace::__rust_begin_short_backtrace ()\n#7  0x000055555bd89aea in core::ops::function::FnOnce::call_once{{vtable.shim}} ()\n(More stack frames follow...)\n"
~"\nThread 17 (Thread 0x7ffff5bb06c0 (LWP 2268725) \"qe-worker-15\"):\n"
~"#0  syscall () at ../sysdeps/unix/sysv/linux/x86_64/syscall.S:38\n#1  0x000055555ba4c877 in rayon_core::sleep::Sleep::sleep ()\n#2  0x000055555ba4c30b in rayon_core::registry::WorkerThread::wait_until_cold ()\n#3  0x000055555ba4bcd2 in std::sys::backtrace::__rust_begin_short_backtrace ()\n#4  0x000055555ba4ba3c in core::ops::function::FnOnce::call_once{{vtable.shim}} ()\n#5  0x000055555bd7502a in std::sys::thread::unix::Thread::new::thread_start ()\n#6  0x00007ffff7c9cb84 in start_thread (arg=<optimized out>) at ./nptl/pthread_create.c:447\n#7  0x00007ffff7d29ecc in clone3 () at ../sysdeps/unix/sysv/linux/x86_64/clone3.S:78\n"
~"\nThread 16 (Thread 0x7ffff5db16c0 (LWP 2268724) \"qe-worker-14\"):\n"
~"#0  syscall () at ../sysdeps/unix/sysv/linux/x86_64/syscall.S:38\n#1  0x000055555ba4c877 in rayon_core::sleep::Sleep::sleep ()\n#2  0x000055555ba4c30b in rayon_core::registry::WorkerThread::wait_until_cold ()\n#3  0x000055555ba4bcd2 in std::sys::backtrace::__rust_begin_short_backtrace ()\n#4  0x000055555ba4ba3c in core::ops::function::FnOnce::call_once{{vtable.shim}} ()\n#5  0x000055555bd7502a in std::sys::thread::unix::Thread::new::thread_start ()\n#6  0x00007ffff7c9cb84 in start_thread (arg=<optimized out>) at ./nptl/pthread_create.c:447\n#7  0x00007ffff7d29ecc in clone3 () at ../sysdeps/unix/sysv/linux/x86_64/clone3.S:78\n"
~"\nThread 15 (Thread 0x7ffff5fb26c0 (LWP 2268723) \"qe-worker-13\"):\n"
~"#0  syscall () at ../sysdeps/unix/sysv/linux/x86_64/syscall.S:38\n#1  0x000055555ba4c877 in rayon_core::sleep::Sleep::sleep ()\n#2  0x000055555ba4c30b in rayon_core::registry::WorkerThread::wait_until_cold ()\n#3  0x000055555ba4bcd2 in std::sys::backtrace::__rust_begin_short_backtrace ()\n#4  0x000055555ba4ba3c in core::ops::function::FnOnce::call_once{{vtable.shim}} ()\n#5  0x000055555bd7502a in std::sys::thread::unix::Thread::new::thread_start ()\n#6  0x00007ffff7c9cb84 in start_thread (arg=<optimized out>) at ./nptl/pthread_create.c:447\n#7  0x00007ffff7d29ecc in clone3 () at ../sysdeps/unix/sysv/linux/x86_64/clone3.S:78\n"
~"\nThread 14 (Thread 0x7ffff61b36c0 (LWP 2268722) \"qe-worker-12\"):\n"
~"#0  syscall () at ../sysdeps/unix/sysv/linux/x86_64/syscall.S:38\n#1  0x000055555ba4c877 in rayon_core::sleep::Sleep::sleep ()\n#2  0x000055555ba4c30b in rayon_core::registry::WorkerThread::wait_until_cold ()\n#3  0x000055555ba4bcd2 in std::sys::backtrace::__rust_begin_short_backtrace ()\n#4  0x000055555ba4ba3c in core::ops::function::FnOnce::call_once{{vtable.shim}} ()\n#5  0x000055555bd7502a in std::sys::thread::unix::Thread::new::thread_start ()\n#6  0x00007ffff7c9cb84 in start_thread (arg=<optimized out>) at ./nptl/pthread_create.c:447\n#7  0x00007ffff7d29ecc in clone3 () at ../sysdeps/unix/sysv/linux/x86_64/clone3.S:78\n"
~"\nThread 13 (Thread 0x7ffff63b46c0 (LWP 2268721) \"qe-worker-11\"):\n"
~"#0  syscall () at ../sysdeps/unix/sysv/linux/x86_64/syscall.S:38\n#1  0x000055555ba4c877 in rayon_core::sleep::Sleep::sleep ()\n#2  0x000055555ba4c30b in rayon_core::registry::WorkerThread::wait_until_cold ()\n#3  0x000055555ba4bcd2 in std::sys::backtrace::__rust_begin_short_backtrace ()\n#4  0x000055555ba4ba3c in core::ops::function::FnOnce::call_once{{vtable.shim}} ()\n#5  0x000055555bd7502a in std::sys::thread::unix::Thread::new::thread_start ()\n#6  0x00007ffff7c9cb84 in start_thread (arg=<optimized out>) at ./nptl/pthread_create.c:447\n#7  0x00007ffff7d29ecc in clone3 () at ../sysdeps/unix/sysv/linux/x86_64/clone3.S:78\n"
~"\nThread 12 (Thread 0x7ffff65b56c0 (LWP 2268720) \"qe-worker-10\"):\n"
~"#0  syscall () at ../sysdeps/unix/sysv/linux/x86_64/syscall.S:38\n#1  0x000055555ba4c877 in rayon_core::sleep::Sleep::sleep ()\n#2  0x000055555ba4c30b in rayon_core::registry::WorkerThread::wait_until_cold ()\n#3  0x000055555ba4bcd2 in std::sys::backtrace::__rust_begin_short_backtrace ()\n#4  0x000055555ba4ba3c in core::ops::function::FnOnce::call_once{{vtable.shim}} ()\n#5  0x000055555bd7502a in std::sys::thread::unix::Thread::new::thread_start ()\n#6  0x00007ffff7c9cb84 in start_thread (arg=<optimized out>) at ./nptl/pthread_create.c:447\n#7  0x00007ffff7d29ecc in clone3 () at ../sysdeps/unix/sysv/linux/x86_64/clone3.S:78\n"
~"\nThread 11 (Thread 0x7ffff67b66c0 (LWP 2268719) \"qe-worker-9\"):\n"
~"#0  syscall () at ../sysdeps/unix/sysv/linux/x86_64/syscall.S:38\n#1  0x000055555ba4c877 in rayon_core::sleep::Sleep::sleep ()\n#2  0x000055555ba4c30b in rayon_core::registry::WorkerThread::wait_until_cold ()\n#3  0x000055555ba4bcd2 in std::sys::backtrace::__rust_begin_short_backtrace ()\n#4  0x000055555ba4ba3c in core::ops::function::FnOnce::call_once{{vtable.shim}} ()\n#5  0x000055555bd7502a in std::sys::thread::unix::Thread::new::thread_start ()\n#6  0x00007ffff7c9cb84 in start_thread (arg=<optimized out>) at ./nptl/pthread_create.c:447\n#7  0x00007ffff7d29ecc in clone3 () at ../sysdeps/unix/sysv/linux/x86_64/clone3.S:78\n"
~"\nThread 10 (Thread 0x7ffff69b76c0 (LWP 2268718) \"qe-worker-8\"):\n"
~"#0  syscall () at ../sysdeps/unix/sysv/linux/x86_64/syscall.S:38\n#1  0x000055555ba4c877 in rayon_core::sleep::Sleep::sleep ()\n#2  0x000055555ba4c30b in rayon_core::registry::WorkerThread::wait_until_cold ()\n#3  0x000055555ba4bcd2 in std::sys::backtrace::__rust_begin_short_backtrace ()\n#4  0x000055555ba4ba3c in core::ops::function::FnOnce::call_once{{vtable.shim}} ()\n#5  0x000055555bd7502a in std::sys::thread::unix::Thread::new::thread_start ()\n#6  0x00007ffff7c9cb84 in start_thread (arg=<optimized out>) at ./nptl/pthread_create.c:447\n#7  0x00007ffff7d29ecc in clone3 () at ../sysdeps/unix/sysv/linux/x86_64/clone3.S:78\n"
~"\nThread 9 (Thread 0x7ffff6bb86c0 (LWP 2268717) \"qe-worker-7\"):\n"
~"#0  syscall () at ../sysdeps/unix/sysv/linux/x86_64/syscall.S:38\n#1  0x000055555ba4c877 in rayon_core::sleep::Sleep::sleep ()\n#2  0x000055555ba4c30b in rayon_core::registry::WorkerThread::wait_until_cold ()\n#3  0x000055555ba4bcd2 in std::sys::backtrace::__rust_begin_short_backtrace ()\n#4  0x000055555ba4ba3c in core::ops::function::FnOnce::call_once{{vtable.shim}} ()\n#5  0x000055555bd7502a in std::sys::thread::unix::Thread::new::thread_start ()\n#6  0x00007ffff7c9cb84 in start_thread (arg=<optimized out>) at ./nptl/pthread_create.c:447\n#7  0x00007ffff7d29ecc in clone3 () at ../sysdeps/unix/sysv/linux/x86_64/clone3.S:78\n"
~"\nThread 8 (Thread 0x7ffff6db96c0 (LWP 2268716) \"qe-worker-6\"):\n"
~"#0  syscall () at ../sysdeps/unix/sysv/linux/x86_64/syscall.S:38\n#1  0x000055555ba4c877 in rayon_core::sleep::Sleep::sleep ()\n#2  0x000055555ba4c30b in rayon_core::registry::WorkerThread::wait_until_cold ()\n#3  0x000055555ba4bcd2 in std::sys::backtrace::__rust_begin_short_backtrace ()\n#4  0x000055555ba4ba3c in core::ops::function::FnOnce::call_once{{vtable.shim}} ()\n#5  0x000055555bd7502a in std::sys::thread::unix::Thread::new::thread_start ()\n#6  0x00007ffff7c9cb84 in start_thread (arg=<optimized out>) at ./nptl/pthread_create.c:447\n#7  0x00007ffff7d29ecc in clone3 () at ../sysdeps/unix/sysv/linux/x86_64/clone3.S:78\n"
~"\nThread 7 (Thread 0x7ffff6fba6c0 (LWP 2268715) \"qe-worker-5\"):\n"
~"#0  syscall () at ../sysdeps/unix/sysv/linux/x86_64/syscall.S:38\n#1  0x000055555ba4c877 in rayon_core::sleep::Sleep::sleep ()\n#2  0x000055555ba4c30b in rayon_core::registry::WorkerThread::wait_until_cold ()\n#3  0x000055555ba4bcd2 in std::sys::backtrace::__rust_begin_short_backtrace ()\n#4  0x000055555ba4ba3c in core::ops::function::FnOnce::call_once{{vtable.shim}} ()\n#5  0x000055555bd7502a in std::sys::thread::unix::Thread::new::thread_start ()\n#6  0x00007ffff7c9cb84 in start_thread (arg=<optimized out>) at ./nptl/pthread_create.c:447\n#7  0x00007ffff7d29ecc in clone3 () at ../sysdeps/unix/sysv/linux/x86_64/clone3.S:78\n"
~"\nThread 6 (Thread 0x7ffff71bb6c0 (LWP 2268714) \"qe-worker-4\"):\n"
~"#0  syscall () at ../sysdeps/unix/sysv/linux/x86_64/syscall.S:38\n#1  0x000055555ba4c877 in rayon_core::sleep::Sleep::sleep ()\n#2  0x000055555ba4c30b in rayon_core::registry::WorkerThread::wait_until_cold ()\n#3  0x000055555ba4bcd2 in std::sys::backtrace::__rust_begin_short_backtrace ()\n#4  0x000055555ba4ba3c in core::ops::function::FnOnce::call_once{{vtable.shim}} ()\n#5  0x000055555bd7502a in std::sys::thread::unix::Thread::new::thread_start ()\n#6  0x00007ffff7c9cb84 in start_thread (arg=<optimized out>) at ./nptl/pthread_create.c:447\n#7  0x00007ffff7d29ecc in clone3 () at ../sysdeps/unix/sysv/linux/x86_64/clone3.S:78\n"
~"\nThread 5 (Thread 0x7ffff73bc6c0 (LWP 2268713) \"qe-worker-3\"):\n"
~"#0  syscall () at ../sysdeps/unix/sysv/linux/x86_64/syscall.S:38\n#1  0x000055555ba4c877 in rayon_core::sleep::Sleep::sleep ()\n#2  0x000055555ba4c30b in rayon_core::registry::WorkerThread::wait_until_cold ()\n#3  0x000055555ba4bcd2 in std::sys::backtrace::__rust_begin_short_backtrace ()\n#4  0x000055555ba4ba3c in core::ops::function::FnOnce::call_once{{vtable.shim}} ()\n#5  0x000055555bd7502a in std::sys::thread::unix::Thread::new::thread_start ()\n#6  0x00007ffff7c9cb84 in start_thread (arg=<optimized out>) at ./nptl/pthread_create.c:447\n#7  0x00007ffff7d29ecc in clone3 () at ../sysdeps/unix/sysv/linux/x86_64/clone3.S:78\n"
~"\nThread 4 (Thread 0x7ffff75bd6c0 (LWP 2268712) \"qe-worker-2\"):\n"
~"#0  syscall () at ../sysdeps/unix/sysv/linux/x86_64/syscall.S:38\n#1  0x000055555ba4c877 in rayon_core::sleep::Sleep::sleep ()\n#2  0x000055555ba4c30b in rayon_core::registry::WorkerThread::wait_until_cold ()\n#3  0x000055555ba4bcd2 in std::sys::backtrace::__rust_begin_short_backtrace ()\n#4  0x000055555ba4ba3c in core::ops::function::FnOnce::call_once{{vtable.shim}} ()\n#5  0x000055555bd7502a in std::sys::thread::unix::Thread::new::thread_start ()\n#6  0x00007ffff7c9cb84 in start_thread (arg=<optimized out>) at ./nptl/pthread_create.c:447\n#7  0x00007ffff7d29ecc in clone3 () at ../sysdeps/unix/sysv/linux/x86_64/clone3.S:78\n"
~"\nThread 3 (Thread 0x7ffff77be6c0 (LWP 2268711) \"qe-worker-1\"):\n"
~"#0  0x000055555b276091 in core::ptr::drop_in_place<query_engine::planner::logical_expr::ScalarValue> ()\n#1  0x000055555b52a444 in query_engine::physical::morsel_agg::state_rows::StateRows::prepare_arrays_indexed ()\n#2  0x000055555b526306 in query_engine::physical::morsel_agg::parallel_controllers::ParallelControllers::ingest::{{closure}}::{{closure}}::{{closure}} ()\n#3  0x000055555b526819 in rayon::iter::plumbing::bridge_producer_consumer::helper ()\n#4  0x000055555b530123 in rayon_core::join::join_context::{{closure}} ()\n#5  0x000055555b526ae6 in rayon::iter::plumbing::bridge_producer_consumer::helper ()\n#6  0x000055555b530d81 in <rayon_core::job::StackJob<L,F,R> as rayon_core::job::Job>::execute ()\n#7  0x000055555ba4c3c4 in rayon_core::registry::WorkerThread::wait_until_cold ()\n(More stack frames follow...)\n"
~"\nThread 2 (Thread 0x7ffff79bf6c0 (LWP 2268710) \"qe-worker-0\"):\n"
~"#0  0x000055555bebe703 in __floattidf ()\n#1  0x000055555b52a309 in query_engine::physical::morsel_agg::state_rows::StateRows::prepare_arrays_indexed ()\n#2  0x000055555b526306 in query_engine::physical::morsel_agg::parallel_controllers::ParallelControllers::ingest::{{closure}}::{{closure}}::{{closure}} ()\n#3  0x000055555b526819 in rayon::iter::plumbing::bridge_producer_consumer::helper ()\n#4  0x000055555b530123 in rayon_core::join::join_context::{{closure}} ()\n#5  0x000055555b526ae6 in rayon::iter::plumbing::bridge_producer_consumer::helper ()\n#6  0x000055555b530123 in rayon_core::join::join_context::{{closure}} ()\n#7  0x000055555b530b42 in <rayon_core::job::StackJob<L,F,R> as rayon_core::job::Job>::execute ()\n(More stack frames follow...)\n"
~"\nThread 1 (Thread 0x7ffff7e8d100 (LWP 2268699) \"serial_frontier\"):\n"
~"#0  syscall () at ../sysdeps/unix/sysv/linux/x86_64/syscall.S:38\n#1  0x000055555ba4d835 in rayon_core::latch::LockLatch::wait_and_reset ()\n#2  0x000055555b5304f3 in rayon_core::registry::Registry::in_worker_cold ()\n#3  0x000055555b526cfa in rayon::iter::plumbing::bridge_producer_consumer::helper ()\n#4  0x000055555b4a2d45 in query_engine::physical::morsel_agg::live_spill::execute::{{closure}} ()\n#5  0x000055555b4930c1 in <query_engine::physical::operators::spillable::SpillableHashAggregateExec as query_engine::physical::plan::PhysicalOperator>::execute::{{closure}} ()\n#6  0x000055555b632182 in <query_engine::physical::operators::project::ProjectExec as query_engine::physical::plan::PhysicalOperator>::execute::{{closure}} ()\n#7  0x000055555b4a7680 in query_engine::physical::operators::spillable::stream_merge_input_partitions::{{closure}} ()\n(More stack frames follow...)\n"
44^done
(gdb) 
45^running
*running,thread-id="all"
(gdb) 
46^done
(gdb) 
~"\nThread "
~"1 \"serial_frontier\" received signal SIGINT, Interrupt.\n"
~"syscall () at ../sysdeps/unix/sysv/linux/x86_64/syscall.S:38\n"
~"38\tin ../sysdeps/unix/sysv/linux/x86_64/syscall.S\n"
*stopped,reason="signal-received",signal-name="SIGINT",signal-meaning="Interrupt",frame={addr="0x00007ffff7d2752d",func="syscall",args=[],file="../sysdeps/unix/sysv/linux/x86_64/syscall.S",fullname="./misc/../sysdeps/unix/sysv/linux/x86_64/syscall.S",line="38",arch="i386:x86-64"},thread-id="1",stopped-threads="all",core="1"
~"\nThread 34 (Thread 0x7fff877fb6c0 (LWP 2268742) \"tokio-rt-worker\"):\n"
~"#0  syscall () at ../sysdeps/unix/sysv/linux/x86_64/syscall.S:38\n#1  0x000055555afdfe97 in parking_lot::condvar::Condvar::wait_until_internal ()\n#2  0x000055555bd86bfa in std::sys::backtrace::__rust_begin_short_backtrace ()\n#3  0x000055555bd89aea in core::ops::function::FnOnce::call_once{{vtable.shim}} ()\n#4  0x000055555bd7502a in std::sys::thread::unix::Thread::new::thread_start ()\n#5  0x00007ffff7c9cb84 in start_thread (arg=<optimized out>) at ./nptl/pthread_create.c:447\n#6  0x00007ffff7d29ecc in clone3 () at ../sysdeps/unix/sysv/linux/x86_64/clone3.S:78\n"
~"\nThread 33 (Thread 0x7fff879fc6c0 (LWP 2268741) \"tokio-rt-worker\"):\n"
~"#0  syscall () at ../sysdeps/unix/sysv/linux/x86_64/syscall.S:38\n#1  0x000055555afdfe39 in parking_lot::condvar::Condvar::wait_until_internal ()\n#2  0x000055555bd97d50 in tokio::runtime::scheduler::multi_thread::worker::Context::park_internal ()\n#3  0x000055555bd96fec in tokio::runtime::scheduler::multi_thread::worker::run ()\n#4  0x000055555bd9506d in tokio::runtime::task::raw::poll ()\n#5  0x000055555bd86b52 in std::sys::backtrace::__rust_begin_short_backtrace ()\n#6  0x000055555bd89aea in core::ops::function::FnOnce::call_once{{vtable.shim}} ()\n#7  0x000055555bd7502a in std::sys::thread::unix::Thread::new::thread_start ()\n(More stack frames follow...)\n"
~"\nThread 32 (Thread 0x7fff87bfd6c0 (LWP 2268740) \"tokio-rt-worker\"):\n"
~"#0  syscall () at ../sysdeps/unix/sysv/linux/x86_64/syscall.S:38\n#1  0x000055555afdfe39 in parking_lot::condvar::Condvar::wait_until_internal ()\n#2  0x000055555bd97d50 in tokio::runtime::scheduler::multi_thread::worker::Context::park_internal ()\n#3  0x000055555bd96fec in tokio::runtime::scheduler::multi_thread::worker::run ()\n#4  0x000055555bd9506d in tokio::runtime::task::raw::poll ()\n#5  0x000055555bd86b52 in std::sys::backtrace::__rust_begin_short_backtrace ()\n#6  0x000055555bd89aea in core::ops::function::FnOnce::call_once{{vtable.shim}} ()\n#7  0x000055555bd7502a in std::sys::thread::unix::Thread::new::thread_start ()\n(More stack frames follow...)\n"
~"\nThread 31 (Thread 0x7fff87dfe6c0 (LWP 2268739) \"tokio-rt-worker\"):\n"
~"#0  syscall () at ../sysdeps/unix/sysv/linux/x86_64/syscall.S:38\n#1  0x000055555afdfe39 in parking_lot::condvar::Condvar::wait_until_internal ()\n#2  0x000055555bd97d50 in tokio::runtime::scheduler::multi_thread::worker::Context::park_internal ()\n#3  0x000055555bd96fec in tokio::runtime::scheduler::multi_thread::worker::run ()\n#4  0x000055555bd9506d in tokio::runtime::task::raw::poll ()\n#5  0x000055555bd86b52 in std::sys::backtrace::__rust_begin_short_backtrace ()\n#6  0x000055555bd89aea in core::ops::function::FnOnce::call_once{{vtable.shim}} ()\n#7  0x000055555bd7502a in std::sys::thread::unix::Thread::new::thread_start ()\n(More stack frames follow...)\n"
~"\nThread 30 (Thread 0x7fff87fff6c0 (LWP 2268738) \"tokio-rt-worker\"):\n"
~"#0  syscall () at ../sysdeps/unix/sysv/linux/x86_64/syscall.S:38\n#1  0x000055555afdfe39 in parking_lot::condvar::Condvar::wait_until_internal ()\n#2  0x000055555bd97d50 in tokio::runtime::scheduler::multi_thread::worker::Context::park_internal ()\n#3  0x000055555bd96fec in tokio::runtime::scheduler::multi_thread::worker::run ()\n#4  0x000055555bd9506d in tokio::runtime::task::raw::poll ()\n#5  0x000055555bd86b52 in std::sys::backtrace::__rust_begin_short_backtrace ()\n#6  0x000055555bd89aea in core::ops::function::FnOnce::call_once{{vtable.shim}} ()\n#7  0x000055555bd7502a in std::sys::thread::unix::Thread::new::thread_start ()\n(More stack frames follow...)\n"
~"\nThread 29 (Thread 0x7ffff43a46c0 (LWP 2268737) \"tokio-rt-worker\"):\n"
~"#0  syscall () at ../sysdeps/unix/sysv/linux/x86_64/syscall.S:38\n#1  0x000055555afdfe39 in parking_lot::condvar::Condvar::wait_until_internal ()\n#2  0x000055555bd97d50 in tokio::runtime::scheduler::multi_thread::worker::Context::park_internal ()\n#3  0x000055555bd96fec in tokio::runtime::scheduler::multi_thread::worker::run ()\n#4  0x000055555bd9506d in tokio::runtime::task::raw::poll ()\n#5  0x000055555bd86b52 in std::sys::backtrace::__rust_begin_short_backtrace ()\n#6  0x000055555bd89aea in core::ops::function::FnOnce::call_once{{vtable.shim}} ()\n#7  0x000055555bd7502a in std::sys::thread::unix::Thread::new::thread_start ()\n(More stack frames follow...)\n"
~"\nThread 28 (Thread 0x7ffff45a56c0 (LWP 2268736) \"tokio-rt-worker\"):\n"
~"#0  syscall () at ../sysdeps/unix/sysv/linux/x86_64/syscall.S:38\n#1  0x000055555afdfe39 in parking_lot::condvar::Condvar::wait_until_internal ()\n#2  0x000055555bd97d50 in tokio::runtime::scheduler::multi_thread::worker::Context::park_internal ()\n#3  0x000055555bd96fec in tokio::runtime::scheduler::multi_thread::worker::run ()\n#4  0x000055555bd9506d in tokio::runtime::task::raw::poll ()\n#5  0x000055555bd86b52 in std::sys::backtrace::__rust_begin_short_backtrace ()\n#6  0x000055555bd89aea in core::ops::function::FnOnce::call_once{{vtable.shim}} ()\n#7  0x000055555bd7502a in std::sys::thread::unix::Thread::new::thread_start ()\n(More stack frames follow...)\n"
~"\nThread 27 (Thread 0x7ffff47a66c0 (LWP 2268735) \"tokio-rt-worker\"):\n"
~"#0  syscall () at ../sysdeps/unix/sysv/linux/x86_64/syscall.S:38\n#1  0x000055555afdfe39 in parking_lot::condvar::Condvar::wait_until_internal ()\n#2  0x000055555bd97d50 in tokio::runtime::scheduler::multi_thread::worker::Context::park_internal ()\n#3  0x000055555bd96fec in tokio::runtime::scheduler::multi_thread::worker::run ()\n#4  0x000055555bd9506d in tokio::runtime::task::raw::poll ()\n#5  0x000055555bd86b52 in std::sys::backtrace::__rust_begin_short_backtrace ()\n#6  0x000055555bd89aea in core::ops::function::FnOnce::call_once{{vtable.shim}} ()\n#7  0x000055555bd7502a in std::sys::thread::unix::Thread::new::thread_start ()\n(More stack frames follow...)\n"
~"\nThread 26 (Thread 0x7ffff49a76c0 (LWP 2268734) \"tokio-rt-worker\"):\n"
~"#0  syscall () at ../sysdeps/unix/sysv/linux/x86_64/syscall.S:38\n#1  0x000055555afdfe39 in parking_lot::condvar::Condvar::wait_until_internal ()\n#2  0x000055555bd97d50 in tokio::runtime::scheduler::multi_thread::worker::Context::park_internal ()\n#3  0x000055555bd96fec in tokio::runtime::scheduler::multi_thread::worker::run ()\n#4  0x000055555bd9506d in tokio::runtime::task::raw::poll ()\n#5  0x000055555bd86b52 in std::sys::backtrace::__rust_begin_short_backtrace ()\n#6  0x000055555bd89aea in core::ops::function::FnOnce::call_once{{vtable.shim}} ()\n#7  0x000055555bd7502a in std::sys::thread::unix::Thread::new::thread_start ()\n(More stack frames follow...)\n"
~"\nThread 25 (Thread 0x7ffff4ba86c0 (LWP 2268733) \"tokio-rt-worker\"):\n"
~"#0  syscall () at ../sysdeps/unix/sysv/linux/x86_64/syscall.S:38\n#1  0x000055555afdfe39 in parking_lot::condvar::Condvar::wait_until_internal ()\n#2  0x000055555bd97d50 in tokio::runtime::scheduler::multi_thread::worker::Context::park_internal ()\n#3  0x000055555bd96fec in tokio::runtime::scheduler::multi_thread::worker::run ()\n#4  0x000055555bd9506d in tokio::runtime::task::raw::poll ()\n#5  0x000055555bd86b52 in std::sys::backtrace::__rust_begin_short_backtrace ()\n#6  0x000055555bd89aea in core::ops::function::FnOnce::call_once{{vtable.shim}} ()\n#7  0x000055555bd7502a in std::sys::thread::unix::Thread::new::thread_start ()\n(More stack frames follow...)\n"
~"\nThread 24 (Thread 0x7ffff4da96c0 (LWP 2268732) \"tokio-rt-worker\"):\n"
~"#0  syscall () at ../sysdeps/unix/sysv/linux/x86_64/syscall.S:38\n#1  0x000055555afdfe39 in parking_lot::condvar::Condvar::wait_until_internal ()\n#2  0x000055555bd97d50 in tokio::runtime::scheduler::multi_thread::worker::Context::park_internal ()\n#3  0x000055555bd96fec in tokio::runtime::scheduler::multi_thread::worker::run ()\n#4  0x000055555bd9506d in tokio::runtime::task::raw::poll ()\n#5  0x000055555bd86b52 in std::sys::backtrace::__rust_begin_short_backtrace ()\n#6  0x000055555bd89aea in core::ops::function::FnOnce::call_once{{vtable.shim}} ()\n#7  0x000055555bd7502a in std::sys::thread::unix::Thread::new::thread_start ()\n(More stack frames follow...)\n"
~"\nThread 23 (Thread 0x7ffff4faa6c0 (LWP 2268731) \"tokio-rt-worker\"):\n"
~"#0  syscall () at ../sysdeps/unix/sysv/linux/x86_64/syscall.S:38\n#1  0x000055555afdfe39 in parking_lot::condvar::Condvar::wait_until_internal ()\n#2  0x000055555bd97d50 in tokio::runtime::scheduler::multi_thread::worker::Context::park_internal ()\n#3  0x000055555bd96fec in tokio::runtime::scheduler::multi_thread::worker::run ()\n#4  0x000055555bd9506d in tokio::runtime::task::raw::poll ()\n#5  0x000055555bd86b52 in std::sys::backtrace::__rust_begin_short_backtrace ()\n#6  0x000055555bd89aea in core::ops::function::FnOnce::call_once{{vtable.shim}} ()\n#7  0x000055555bd7502a in std::sys::thread::unix::Thread::new::thread_start ()\n(More stack frames follow...)\n"
~"\nThread 22 (Thread 0x7ffff51ab6c0 (LWP 2268730) \"tokio-rt-worker\"):\n"
~"#0  syscall () at ../sysdeps/unix/sysv/linux/x86_64/syscall.S:38\n#1  0x000055555afdfe39 in parking_lot::condvar::Condvar::wait_until_internal ()\n#2  0x000055555bd97d50 in tokio::runtime::scheduler::multi_thread::worker::Context::park_internal ()\n#3  0x000055555bd96fec in tokio::runtime::scheduler::multi_thread::worker::run ()\n#4  0x000055555bd9506d in tokio::runtime::task::raw::poll ()\n#5  0x000055555bd86b52 in std::sys::backtrace::__rust_begin_short_backtrace ()\n#6  0x000055555bd89aea in core::ops::function::FnOnce::call_once{{vtable.shim}} ()\n#7  0x000055555bd7502a in std::sys::thread::unix::Thread::new::thread_start ()\n(More stack frames follow...)\n"
~"\nThread 21 (Thread 0x7ffff53ac6c0 (LWP 2268729) \"tokio-rt-worker\"):\n"
~"#0  syscall () at ../sysdeps/unix/sysv/linux/x86_64/syscall.S:38\n#1  0x000055555afdfe39 in parking_lot::condvar::Condvar::wait_until_internal ()\n#2  0x000055555bd97d50 in tokio::runtime::scheduler::multi_thread::worker::Context::park_internal ()\n#3  0x000055555bd96fec in tokio::runtime::scheduler::multi_thread::worker::run ()\n#4  0x000055555bd9506d in tokio::runtime::task::raw::poll ()\n#5  0x000055555bd86b52 in std::sys::backtrace::__rust_begin_short_backtrace ()\n#6  0x000055555bd89aea in core::ops::function::FnOnce::call_once{{vtable.shim}} ()\n#7  0x000055555bd7502a in std::sys::thread::unix::Thread::new::thread_start ()\n(More stack frames follow...)\n"
~"\nThread 20 (Thread 0x7ffff55ad6c0 (LWP 2268728) \"tokio-rt-worker\"):\n"
~"#0  syscall () at ../sysdeps/unix/sysv/linux/x86_64/syscall.S:38\n#1  0x000055555afdfe39 in parking_lot::condvar::Condvar::wait_until_internal ()\n#2  0x000055555bd97d50 in tokio::runtime::scheduler::multi_thread::worker::Context::park_internal ()\n#3  0x000055555bd96fec in tokio::runtime::scheduler::multi_thread::worker::run ()\n#4  0x000055555bd9506d in tokio::runtime::task::raw::poll ()\n#5  0x000055555bd86b52 in std::sys::backtrace::__rust_begin_short_backtrace ()\n#6  0x000055555bd89aea in core::ops::function::FnOnce::call_once{{vtable.shim}} ()\n#7  0x000055555bd7502a in std::sys::thread::unix::Thread::new::thread_start ()\n(More stack frames follow...)\n"
~"\nThread 19 (Thread 0x7ffff57ae6c0 (LWP 2268727) \"tokio-rt-worker\"):\n"
~"#0  syscall () at ../sysdeps/unix/sysv/linux/x86_64/syscall.S:38\n#1  0x000055555afdfe39 in parking_lot::condvar::Condvar::wait_until_internal ()\n#2  0x000055555bd97d50 in tokio::runtime::scheduler::multi_thread::worker::Context::park_internal ()\n#3  0x000055555bd96fec in tokio::runtime::scheduler::multi_thread::worker::run ()\n#4  0x000055555bd9506d in tokio::runtime::task::raw::poll ()\n#5  0x000055555bd86b52 in std::sys::backtrace::__rust_begin_short_backtrace ()\n#6  0x000055555bd89aea in core::ops::function::FnOnce::call_once{{vtable.shim}} ()\n#7  0x000055555bd7502a in std::sys::thread::unix::Thread::new::thread_start ()\n(More stack frames follow...)\n"
~"\nThread 18 (Thread 0x7ffff59af6c0 (LWP 2268726) \"tokio-rt-worker\"):\n"
~"#0  0x00007ffff7d2a2d2 in epoll_wait (epfd=3, events=0x36f6e300000, maxevents=1024, timeout=-1) at ../sysdeps/unix/sysv/linux/epoll_wait.c:30\n#1  0x000055555bd994ae in tokio::runtime::io::driver::Driver::turn ()\n#2  0x000055555bd9919d in tokio::runtime::time::Driver::park_internal ()\n#3  0x000055555bd97b94 in tokio::runtime::scheduler::multi_thread::worker::Context::park_internal ()\n#4  0x000055555bd96fec in tokio::runtime::scheduler::multi_thread::worker::run ()\n#5  0x000055555bd9506d in tokio::runtime::task::raw::poll ()\n#6  0x000055555bd86b52 in std::sys::backtrace::__rust_begin_short_backtrace ()\n#7  0x000055555bd89aea in core::ops::function::FnOnce::call_once{{vtable.shim}} ()\n(More stack frames follow...)\n"
~"\nThread 17 (Thread 0x7ffff5bb06c0 (LWP 2268725) \"qe-worker-15\"):\n"
~"#0  syscall () at ../sysdeps/unix/sysv/linux/x86_64/syscall.S:38\n#1  0x000055555ba4c877 in rayon_core::sleep::Sleep::sleep ()\n#2  0x000055555ba4c30b in rayon_core::registry::WorkerThread::wait_until_cold ()\n#3  0x000055555ba4bcd2 in std::sys::backtrace::__rust_begin_short_backtrace ()\n#4  0x000055555ba4ba3c in core::ops::function::FnOnce::call_once{{vtable.shim}} ()\n#5  0x000055555bd7502a in std::sys::thread::unix::Thread::new::thread_start ()\n#6  0x00007ffff7c9cb84 in start_thread (arg=<optimized out>) at ./nptl/pthread_create.c:447\n#7  0x00007ffff7d29ecc in clone3 () at ../sysdeps/unix/sysv/linux/x86_64/clone3.S:78\n"
~"\nThread 16 (Thread 0x7ffff5db16c0 (LWP 2268724) \"qe-worker-14\"):\n"
~"#0  syscall () at ../sysdeps/unix/sysv/linux/x86_64/syscall.S:38\n#1  0x000055555ba4c877 in rayon_core::sleep::Sleep::sleep ()\n#2  0x000055555ba4c30b in rayon_core::registry::WorkerThread::wait_until_cold ()\n#3  0x000055555ba4bcd2 in std::sys::backtrace::__rust_begin_short_backtrace ()\n#4  0x000055555ba4ba3c in core::ops::function::FnOnce::call_once{{vtable.shim}} ()\n#5  0x000055555bd7502a in std::sys::thread::unix::Thread::new::thread_start ()\n#6  0x00007ffff7c9cb84 in start_thread (arg=<optimized out>) at ./nptl/pthread_create.c:447\n#7  0x00007ffff7d29ecc in clone3 () at ../sysdeps/unix/sysv/linux/x86_64/clone3.S:78\n"
~"\nThread 15 (Thread 0x7ffff5fb26c0 (LWP 2268723) \"qe-worker-13\"):\n"
~"#0  syscall () at ../sysdeps/unix/sysv/linux/x86_64/syscall.S:38\n#1  0x000055555ba4c877 in rayon_core::sleep::Sleep::sleep ()\n#2  0x000055555ba4c30b in rayon_core::registry::WorkerThread::wait_until_cold ()\n#3  0x000055555ba4bcd2 in std::sys::backtrace::__rust_begin_short_backtrace ()\n#4  0x000055555ba4ba3c in core::ops::function::FnOnce::call_once{{vtable.shim}} ()\n#5  0x000055555bd7502a in std::sys::thread::unix::Thread::new::thread_start ()\n#6  0x00007ffff7c9cb84 in start_thread (arg=<optimized out>) at ./nptl/pthread_create.c:447\n#7  0x00007ffff7d29ecc in clone3 () at ../sysdeps/unix/sysv/linux/x86_64/clone3.S:78\n"
~"\nThread 14 (Thread 0x7ffff61b36c0 (LWP 2268722) \"qe-worker-12\"):\n"
~"#0  syscall () at ../sysdeps/unix/sysv/linux/x86_64/syscall.S:38\n#1  0x000055555ba4c877 in rayon_core::sleep::Sleep::sleep ()\n#2  0x000055555ba4c30b in rayon_core::registry::WorkerThread::wait_until_cold ()\n#3  0x000055555ba4bcd2 in std::sys::backtrace::__rust_begin_short_backtrace ()\n#4  0x000055555ba4ba3c in core::ops::function::FnOnce::call_once{{vtable.shim}} ()\n#5  0x000055555bd7502a in std::sys::thread::unix::Thread::new::thread_start ()\n#6  0x00007ffff7c9cb84 in start_thread (arg=<optimized out>) at ./nptl/pthread_create.c:447\n#7  0x00007ffff7d29ecc in clone3 () at ../sysdeps/unix/sysv/linux/x86_64/clone3.S:78\n"
~"\nThread 13 (Thread 0x7ffff63b46c0 (LWP 2268721) \"qe-worker-11\"):\n"
~"#0  syscall () at ../sysdeps/unix/sysv/linux/x86_64/syscall.S:38\n#1  0x000055555ba4c877 in rayon_core::sleep::Sleep::sleep ()\n#2  0x000055555ba4c30b in rayon_core::registry::WorkerThread::wait_until_cold ()\n#3  0x000055555ba4bcd2 in std::sys::backtrace::__rust_begin_short_backtrace ()\n#4  0x000055555ba4ba3c in core::ops::function::FnOnce::call_once{{vtable.shim}} ()\n#5  0x000055555bd7502a in std::sys::thread::unix::Thread::new::thread_start ()\n#6  0x00007ffff7c9cb84 in start_thread (arg=<optimized out>) at ./nptl/pthread_create.c:447\n#7  0x00007ffff7d29ecc in clone3 () at ../sysdeps/unix/sysv/linux/x86_64/clone3.S:78\n"
~"\nThread 12 (Thread 0x7ffff65b56c0 (LWP 2268720) \"qe-worker-10\"):\n"
~"#0  syscall () at ../sysdeps/unix/sysv/linux/x86_64/syscall.S:38\n#1  0x000055555ba4c877 in rayon_core::sleep::Sleep::sleep ()\n#2  0x000055555ba4c30b in rayon_core::registry::WorkerThread::wait_until_cold ()\n#3  0x000055555ba4bcd2 in std::sys::backtrace::__rust_begin_short_backtrace ()\n#4  0x000055555ba4ba3c in core::ops::function::FnOnce::call_once{{vtable.shim}} ()\n#5  0x000055555bd7502a in std::sys::thread::unix::Thread::new::thread_start ()\n#6  0x00007ffff7c9cb84 in start_thread (arg=<optimized out>) at ./nptl/pthread_create.c:447\n#7  0x00007ffff7d29ecc in clone3 () at ../sysdeps/unix/sysv/linux/x86_64/clone3.S:78\n"
~"\nThread 11 (Thread 0x7ffff67b66c0 (LWP 2268719) \"qe-worker-9\"):\n"
~"#0  syscall () at ../sysdeps/unix/sysv/linux/x86_64/syscall.S:38\n#1  0x000055555ba4c877 in rayon_core::sleep::Sleep::sleep ()\n#2  0x000055555ba4c30b in rayon_core::registry::WorkerThread::wait_until_cold ()\n#3  0x000055555ba4bcd2 in std::sys::backtrace::__rust_begin_short_backtrace ()\n#4  0x000055555ba4ba3c in core::ops::function::FnOnce::call_once{{vtable.shim}} ()\n#5  0x000055555bd7502a in std::sys::thread::unix::Thread::new::thread_start ()\n#6  0x00007ffff7c9cb84 in start_thread (arg=<optimized out>) at ./nptl/pthread_create.c:447\n#7  0x00007ffff7d29ecc in clone3 () at ../sysdeps/unix/sysv/linux/x86_64/clone3.S:78\n"
~"\nThread 10 (Thread 0x7ffff69b76c0 (LWP 2268718) \"qe-worker-8\"):\n"
~"#0  syscall () at ../sysdeps/unix/sysv/linux/x86_64/syscall.S:38\n#1  0x000055555ba4c877 in rayon_core::sleep::Sleep::sleep ()\n#2  0x000055555ba4c30b in rayon_core::registry::WorkerThread::wait_until_cold ()\n#3  0x000055555ba4bcd2 in std::sys::backtrace::__rust_begin_short_backtrace ()\n#4  0x000055555ba4ba3c in core::ops::function::FnOnce::call_once{{vtable.shim}} ()\n#5  0x000055555bd7502a in std::sys::thread::unix::Thread::new::thread_start ()\n#6  0x00007ffff7c9cb84 in start_thread (arg=<optimized out>) at ./nptl/pthread_create.c:447\n#7  0x00007ffff7d29ecc in clone3 () at ../sysdeps/unix/sysv/linux/x86_64/clone3.S:78\n"
~"\nThread 9 (Thread 0x7ffff6bb86c0 (LWP 2268717) \"qe-worker-7\"):\n"
~"#0  syscall () at ../sysdeps/unix/sysv/linux/x86_64/syscall.S:38\n#1  0x000055555ba4c877 in rayon_core::sleep::Sleep::sleep ()\n#2  0x000055555ba4c30b in rayon_core::registry::WorkerThread::wait_until_cold ()\n#3  0x000055555ba4bcd2 in std::sys::backtrace::__rust_begin_short_backtrace ()\n#4  0x000055555ba4ba3c in core::ops::function::FnOnce::call_once{{vtable.shim}} ()\n#5  0x000055555bd7502a in std::sys::thread::unix::Thread::new::thread_start ()\n#6  0x00007ffff7c9cb84 in start_thread (arg=<optimized out>) at ./nptl/pthread_create.c:447\n#7  0x00007ffff7d29ecc in clone3 () at ../sysdeps/unix/sysv/linux/x86_64/clone3.S:78\n"
~"\nThread 8 (Thread 0x7ffff6db96c0 (LWP 2268716) \"qe-worker-6\"):\n"
~"#0  syscall () at ../sysdeps/unix/sysv/linux/x86_64/syscall.S:38\n#1  0x000055555ba4c877 in rayon_core::sleep::Sleep::sleep ()\n#2  0x000055555ba4c30b in rayon_core::registry::WorkerThread::wait_until_cold ()\n#3  0x000055555ba4bcd2 in std::sys::backtrace::__rust_begin_short_backtrace ()\n#4  0x000055555ba4ba3c in core::ops::function::FnOnce::call_once{{vtable.shim}} ()\n#5  0x000055555bd7502a in std::sys::thread::unix::Thread::new::thread_start ()\n#6  0x00007ffff7c9cb84 in start_thread (arg=<optimized out>) at ./nptl/pthread_create.c:447\n#7  0x00007ffff7d29ecc in clone3 () at ../sysdeps/unix/sysv/linux/x86_64/clone3.S:78\n"
~"\nThread 7 (Thread 0x7ffff6fba6c0 (LWP 2268715) \"qe-worker-5\"):\n"
~"#0  syscall () at ../sysdeps/unix/sysv/linux/x86_64/syscall.S:38\n#1  0x000055555ba4c877 in rayon_core::sleep::Sleep::sleep ()\n#2  0x000055555ba4c30b in rayon_core::registry::WorkerThread::wait_until_cold ()\n#3  0x000055555ba4bcd2 in std::sys::backtrace::__rust_begin_short_backtrace ()\n#4  0x000055555ba4ba3c in core::ops::function::FnOnce::call_once{{vtable.shim}} ()\n#5  0x000055555bd7502a in std::sys::thread::unix::Thread::new::thread_start ()\n#6  0x00007ffff7c9cb84 in start_thread (arg=<optimized out>) at ./nptl/pthread_create.c:447\n#7  0x00007ffff7d29ecc in clone3 () at ../sysdeps/unix/sysv/linux/x86_64/clone3.S:78\n"
~"\nThread 6 (Thread 0x7ffff71bb6c0 (LWP 2268714) \"qe-worker-4\"):\n"
~"#0  syscall () at ../sysdeps/unix/sysv/linux/x86_64/syscall.S:38\n#1  0x000055555ba4c877 in rayon_core::sleep::Sleep::sleep ()\n#2  0x000055555ba4c30b in rayon_core::registry::WorkerThread::wait_until_cold ()\n#3  0x000055555ba4bcd2 in std::sys::backtrace::__rust_begin_short_backtrace ()\n#4  0x000055555ba4ba3c in core::ops::function::FnOnce::call_once{{vtable.shim}} ()\n#5  0x000055555bd7502a in std::sys::thread::unix::Thread::new::thread_start ()\n#6  0x00007ffff7c9cb84 in start_thread (arg=<optimized out>) at ./nptl/pthread_create.c:447\n#7  0x00007ffff7d29ecc in clone3 () at ../sysdeps/unix/sysv/linux/x86_64/clone3.S:78\n"
~"\nThread 5 (Thread 0x7ffff73bc6c0 (LWP 2268713) \"qe-worker-3\"):\n"
~"#0  syscall () at ../sysdeps/unix/sysv/linux/x86_64/syscall.S:38\n#1  0x000055555ba4c877 in rayon_core::sleep::Sleep::sleep ()\n#2  0x000055555ba4c30b in rayon_core::registry::WorkerThread::wait_until_cold ()\n#3  0x000055555ba4bcd2 in std::sys::backtrace::__rust_begin_short_backtrace ()\n#4  0x000055555ba4ba3c in core::ops::function::FnOnce::call_once{{vtable.shim}} ()\n#5  0x000055555bd7502a in std::sys::thread::unix::Thread::new::thread_start ()\n#6  0x00007ffff7c9cb84 in start_thread (arg=<optimized out>) at ./nptl/pthread_create.c:447\n#7  0x00007ffff7d29ecc in clone3 () at ../sysdeps/unix/sysv/linux/x86_64/clone3.S:78\n"
~"\nThread 4 (Thread 0x7ffff75bd6c0 (LWP 2268712) \"qe-worker-2\"):\n"
~"#0  syscall () at ../sysdeps/unix/sysv/linux/x86_64/syscall.S:38\n#1  0x000055555ba4c877 in rayon_core::sleep::Sleep::sleep ()\n#2  0x000055555ba4c30b in rayon_core::registry::WorkerThread::wait_until_cold ()\n#3  0x000055555ba4bcd2 in std::sys::backtrace::__rust_begin_short_backtrace ()\n#4  0x000055555ba4ba3c in core::ops::function::FnOnce::call_once{{vtable.shim}} ()\n#5  0x000055555bd7502a in std::sys::thread::unix::Thread::new::thread_start ()\n#6  0x00007ffff7c9cb84 in start_thread (arg=<optimized out>) at ./nptl/pthread_create.c:447\n#7  0x00007ffff7d29ecc in clone3 () at ../sysdeps/unix/sysv/linux/x86_64/clone3.S:78\n"
~"\nThread 3 (Thread 0x7ffff77be6c0 (LWP 2268711) \"qe-worker-1\"):\n"
~"#0  syscall () at ../sysdeps/unix/sysv/linux/x86_64/syscall.S:38\n#1  0x000055555ba4c877 in rayon_core::sleep::Sleep::sleep ()\n#2  0x000055555ba4c30b in rayon_core::registry::WorkerThread::wait_until_cold ()\n#3  0x000055555ba4bcd2 in std::sys::backtrace::__rust_begin_short_backtrace ()\n#4  0x000055555ba4ba3c in core::ops::function::FnOnce::call_once{{vtable.shim}} ()\n#5  0x000055555bd7502a in std::sys::thread::unix::Thread::new::thread_start ()\n#6  0x00007ffff7c9cb84 in start_thread (arg=<optimized out>) at ./nptl/pthread_create.c:447\n#7  0x00007ffff7d29ecc in clone3 () at ../sysdeps/unix/sysv/linux/x86_64/clone3.S:78\n"
~"\nThread 2 (Thread 0x7ffff79bf6c0 (LWP 2268710) \"qe-worker-0\"):\n"
~"#0  syscall () at ../sysdeps/unix/sysv/linux/x86_64/syscall.S:38\n#1  0x000055555ba4c877 in rayon_core::sleep::Sleep::sleep ()\n#2  0x000055555ba4c30b in rayon_core::registry::WorkerThread::wait_until_cold ()\n#3  0x000055555ba4bcd2 in std::sys::backtrace::__rust_begin_short_backtrace ()\n#4  0x000055555ba4ba3c in core::ops::function::FnOnce::call_once{{vtable.shim}} ()\n#5  0x000055555bd7502a in std::sys::thread::unix::Thread::new::thread_start ()\n#6  0x00007ffff7c9cb84 in start_thread (arg=<optimized out>) at ./nptl/pthread_create.c:447\n#7  0x00007ffff7d29ecc in clone3 () at ../sysdeps/unix/sysv/linux/x86_64/clone3.S:78\n"
~"\nThread 1 (Thread 0x7ffff7e8d100 (LWP 2268699) \"serial_frontier\"):\n"
~"#0  syscall () at ../sysdeps/unix/sysv/linux/x86_64/syscall.S:38\n#1  0x000055555ba4d835 in rayon_core::latch::LockLatch::wait_and_reset ()\n#2  0x000055555b531e43 in rayon_core::registry::Registry::in_worker_cold ()\n#3  0x000055555b523e4e in rayon::iter::plumbing::bridge_producer_consumer::helper ()\n#4  0x000055555b4a1e2a in query_engine::physical::morsel_agg::live_spill::execute::{{closure}} ()\n#5  0x000055555b4930c1 in <query_engine::physical::operators::spillable::SpillableHashAggregateExec as query_engine::physical::plan::PhysicalOperator>::execute::{{closure}} ()\n#6  0x000055555b632182 in <query_engine::physical::operators::project::ProjectExec as query_engine::physical::plan::PhysicalOperator>::execute::{{closure}} ()\n#7  0x000055555b4a7680 in query_engine::physical::operators::spillable::stream_merge_input_partitions::{{closure}} ()\n(More stack frames follow...)\n"
47^done
(gdb) 
48^running
*running,thread-id="all"
(gdb) 
49^done
(gdb) 
~"\nThread "
~"1 \"serial_frontier\" received signal SIGINT, Interrupt.\n"
~"__memcpy_avx_unaligned_erms () at ../sysdeps/x86_64/multiarch/memmove-vec-unaligned-erms.S:660\n"
&"warning: 660\t../sysdeps/x86_64/multiarch/memmove-vec-unaligned-erms.S: No such file or directory\n"
*stopped,reason="signal-received",signal-name="SIGINT",signal-meaning="Interrupt",frame={addr="0x00007ffff7d89087",func="__memcpy_avx_unaligned_erms",args=[],file="../sysdeps/x86_64/multiarch/memmove-vec-unaligned-erms.S",fullname="./string/../sysdeps/x86_64/multiarch/memmove-vec-unaligned-erms.S",line="660",arch="i386:x86-64"},thread-id="1",stopped-threads="all",core="10"
~"\nThread 34 (Thread 0x7fff877fb6c0 (LWP 2268742) \"tokio-rt-worker\"):\n"
~"#0  syscall () at ../sysdeps/unix/sysv/linux/x86_64/syscall.S:38\n#1  0x000055555afdfe97 in parking_lot::condvar::Condvar::wait_until_internal ()\n#2  0x000055555bd86bfa in std::sys::backtrace::__rust_begin_short_backtrace ()\n#3  0x000055555bd89aea in core::ops::function::FnOnce::call_once{{vtable.shim}} ()\n#4  0x000055555bd7502a in std::sys::thread::unix::Thread::new::thread_start ()\n#5  0x00007ffff7c9cb84 in start_thread (arg=<optimized out>) at ./nptl/pthread_create.c:447\n#6  0x00007ffff7d29ecc in clone3 () at ../sysdeps/unix/sysv/linux/x86_64/clone3.S:78\n"
~"\nThread 33 (Thread 0x7fff879fc6c0 (LWP 2268741) \"tokio-rt-worker\"):\n"
~"#0  syscall () at ../sysdeps/unix/sysv/linux/x86_64/syscall.S:38\n#1  0x000055555afdfe39 in parking_lot::condvar::Condvar::wait_until_internal ()\n#2  0x000055555bd97d50 in tokio::runtime::scheduler::multi_thread::worker::Context::park_internal ()\n#3  0x000055555bd96fec in tokio::runtime::scheduler::multi_thread::worker::run ()\n#4  0x000055555bd9506d in tokio::runtime::task::raw::poll ()\n#5  0x000055555bd86b52 in std::sys::backtrace::__rust_begin_short_backtrace ()\n#6  0x000055555bd89aea in core::ops::function::FnOnce::call_once{{vtable.shim}} ()\n#7  0x000055555bd7502a in std::sys::thread::unix::Thread::new::thread_start ()\n(More stack frames follow...)\n"
~"\nThread 32 (Thread 0x7fff87bfd6c0 (LWP 2268740) \"tokio-rt-worker\"):\n"
~"#0  syscall () at ../sysdeps/unix/sysv/linux/x86_64/syscall.S:38\n#1  0x000055555afdfe39 in parking_lot::condvar::Condvar::wait_until_internal ()\n#2  0x000055555bd97d50 in tokio::runtime::scheduler::multi_thread::worker::Context::park_internal ()\n#3  0x000055555bd96fec in tokio::runtime::scheduler::multi_thread::worker::run ()\n#4  0x000055555bd9506d in tokio::runtime::task::raw::poll ()\n#5  0x000055555bd86b52 in std::sys::backtrace::__rust_begin_short_backtrace ()\n#6  0x000055555bd89aea in core::ops::function::FnOnce::call_once{{vtable.shim}} ()\n#7  0x000055555bd7502a in std::sys::thread::unix::Thread::new::thread_start ()\n(More stack frames follow...)\n"
~"\nThread 31 (Thread 0x7fff87dfe6c0 (LWP 2268739) \"tokio-rt-worker\"):\n"
~"#0  syscall () at ../sysdeps/unix/sysv/linux/x86_64/syscall.S:38\n#1  0x000055555afdfe39 in parking_lot::condvar::Condvar::wait_until_internal ()\n#2  0x000055555bd97d50 in tokio::runtime::scheduler::multi_thread::worker::Context::park_internal ()\n#3  0x000055555bd96fec in tokio::runtime::scheduler::multi_thread::worker::run ()\n#4  0x000055555bd9506d in tokio::runtime::task::raw::poll ()\n#5  0x000055555bd86b52 in std::sys::backtrace::__rust_begin_short_backtrace ()\n#6  0x000055555bd89aea in core::ops::function::FnOnce::call_once{{vtable.shim}} ()\n#7  0x000055555bd7502a in std::sys::thread::unix::Thread::new::thread_start ()\n(More stack frames follow...)\n"
~"\nThread 30 (Thread 0x7fff87fff6c0 (LWP 2268738) \"tokio-rt-worker\"):\n"
~"#0  syscall () at ../sysdeps/unix/sysv/linux/x86_64/syscall.S:38\n#1  0x000055555afdfe39 in parking_lot::condvar::Condvar::wait_until_internal ()\n#2  0x000055555bd97d50 in tokio::runtime::scheduler::multi_thread::worker::Context::park_internal ()\n#3  0x000055555bd96fec in tokio::runtime::scheduler::multi_thread::worker::run ()\n#4  0x000055555bd9506d in tokio::runtime::task::raw::poll ()\n#5  0x000055555bd86b52 in std::sys::backtrace::__rust_begin_short_backtrace ()\n#6  0x000055555bd89aea in core::ops::function::FnOnce::call_once{{vtable.shim}} ()\n#7  0x000055555bd7502a in std::sys::thread::unix::Thread::new::thread_start ()\n(More stack frames follow...)\n"
~"\nThread 29 (Thread 0x7ffff43a46c0 (LWP 2268737) \"tokio-rt-worker\"):\n"
~"#0  syscall () at ../sysdeps/unix/sysv/linux/x86_64/syscall.S:38\n#1  0x000055555afdfe39 in parking_lot::condvar::Condvar::wait_until_internal ()\n#2  0x000055555bd97d50 in tokio::runtime::scheduler::multi_thread::worker::Context::park_internal ()\n#3  0x000055555bd96fec in tokio::runtime::scheduler::multi_thread::worker::run ()\n#4  0x000055555bd9506d in tokio::runtime::task::raw::poll ()\n#5  0x000055555bd86b52 in std::sys::backtrace::__rust_begin_short_backtrace ()\n#6  0x000055555bd89aea in core::ops::function::FnOnce::call_once{{vtable.shim}} ()\n#7  0x000055555bd7502a in std::sys::thread::unix::Thread::new::thread_start ()\n(More stack frames follow...)\n"
~"\nThread 28 (Thread 0x7ffff45a56c0 (LWP 2268736) \"tokio-rt-worker\"):\n"
~"#0  syscall () at ../sysdeps/unix/sysv/linux/x86_64/syscall.S:38\n#1  0x000055555afdfe39 in parking_lot::condvar::Condvar::wait_until_internal ()\n#2  0x000055555bd97d50 in tokio::runtime::scheduler::multi_thread::worker::Context::park_internal ()\n#3  0x000055555bd96fec in tokio::runtime::scheduler::multi_thread::worker::run ()\n#4  0x000055555bd9506d in tokio::runtime::task::raw::poll ()\n#5  0x000055555bd86b52 in std::sys::backtrace::__rust_begin_short_backtrace ()\n#6  0x000055555bd89aea in core::ops::function::FnOnce::call_once{{vtable.shim}} ()\n#7  0x000055555bd7502a in std::sys::thread::unix::Thread::new::thread_start ()\n(More stack frames follow...)\n"
~"\nThread 27 (Thread 0x7ffff47a66c0 (LWP 2268735) \"tokio-rt-worker\"):\n"
~"#0  syscall () at ../sysdeps/unix/sysv/linux/x86_64/syscall.S:38\n#1  0x000055555afdfe39 in parking_lot::condvar::Condvar::wait_until_internal ()\n#2  0x000055555bd97d50 in tokio::runtime::scheduler::multi_thread::worker::Context::park_internal ()\n#3  0x000055555bd96fec in tokio::runtime::scheduler::multi_thread::worker::run ()\n#4  0x000055555bd9506d in tokio::runtime::task::raw::poll ()\n#5  0x000055555bd86b52 in std::sys::backtrace::__rust_begin_short_backtrace ()\n#6  0x000055555bd89aea in core::ops::function::FnOnce::call_once{{vtable.shim}} ()\n#7  0x000055555bd7502a in std::sys::thread::unix::Thread::new::thread_start ()\n(More stack frames follow...)\n"
~"\nThread 26 (Thread 0x7ffff49a76c0 (LWP 2268734) \"tokio-rt-worker\"):\n"
~"#0  syscall () at ../sysdeps/unix/sysv/linux/x86_64/syscall.S:38\n#1  0x000055555afdfe39 in parking_lot::condvar::Condvar::wait_until_internal ()\n#2  0x000055555bd97d50 in tokio::runtime::scheduler::multi_thread::worker::Context::park_internal ()\n#3  0x000055555bd96fec in tokio::runtime::scheduler::multi_thread::worker::run ()\n#4  0x000055555bd9506d in tokio::runtime::task::raw::poll ()\n#5  0x000055555bd86b52 in std::sys::backtrace::__rust_begin_short_backtrace ()\n#6  0x000055555bd89aea in core::ops::function::FnOnce::call_once{{vtable.shim}} ()\n#7  0x000055555bd7502a in std::sys::thread::unix::Thread::new::thread_start ()\n(More stack frames follow...)\n"
~"\nThread 25 (Thread 0x7ffff4ba86c0 (LWP 2268733) \"tokio-rt-worker\"):\n"
~"#0  syscall () at ../sysdeps/unix/sysv/linux/x86_64/syscall.S:38\n#1  0x000055555afdfe39 in parking_lot::condvar::Condvar::wait_until_internal ()\n#2  0x000055555bd97d50 in tokio::runtime::scheduler::multi_thread::worker::Context::park_internal ()\n#3  0x000055555bd96fec in tokio::runtime::scheduler::multi_thread::worker::run ()\n#4  0x000055555bd9506d in tokio::runtime::task::raw::poll ()\n#5  0x000055555bd86b52 in std::sys::backtrace::__rust_begin_short_backtrace ()\n#6  0x000055555bd89aea in core::ops::function::FnOnce::call_once{{vtable.shim}} ()\n#7  0x000055555bd7502a in std::sys::thread::unix::Thread::new::thread_start ()\n(More stack frames follow...)\n"
~"\nThread 24 (Thread 0x7ffff4da96c0 (LWP 2268732) \"tokio-rt-worker\"):\n"
~"#0  syscall () at ../sysdeps/unix/sysv/linux/x86_64/syscall.S:38\n#1  0x000055555afdfe39 in parking_lot::condvar::Condvar::wait_until_internal ()\n#2  0x000055555bd97d50 in tokio::runtime::scheduler::multi_thread::worker::Context::park_internal ()\n#3  0x000055555bd96fec in tokio::runtime::scheduler::multi_thread::worker::run ()\n#4  0x000055555bd9506d in tokio::runtime::task::raw::poll ()\n#5  0x000055555bd86b52 in std::sys::backtrace::__rust_begin_short_backtrace ()\n#6  0x000055555bd89aea in core::ops::function::FnOnce::call_once{{vtable.shim}} ()\n#7  0x000055555bd7502a in std::sys::thread::unix::Thread::new::thread_start ()\n(More stack frames follow...)\n"
~"\nThread 23 (Thread 0x7ffff4faa6c0 (LWP 2268731) \"tokio-rt-worker\"):\n"
~"#0  syscall () at ../sysdeps/unix/sysv/linux/x86_64/syscall.S:38\n#1  0x000055555afdfe39 in parking_lot::condvar::Condvar::wait_until_internal ()\n#2  0x000055555bd97d50 in tokio::runtime::scheduler::multi_thread::worker::Context::park_internal ()\n#3  0x000055555bd96fec in tokio::runtime::scheduler::multi_thread::worker::run ()\n#4  0x000055555bd9506d in tokio::runtime::task::raw::poll ()\n#5  0x000055555bd86b52 in std::sys::backtrace::__rust_begin_short_backtrace ()\n#6  0x000055555bd89aea in core::ops::function::FnOnce::call_once{{vtable.shim}} ()\n#7  0x000055555bd7502a in std::sys::thread::unix::Thread::new::thread_start ()\n(More stack frames follow...)\n"
~"\nThread 22 (Thread 0x7ffff51ab6c0 (LWP 2268730) \"tokio-rt-worker\"):\n"
~"#0  syscall () at ../sysdeps/unix/sysv/linux/x86_64/syscall.S:38\n#1  0x000055555afdfe39 in parking_lot::condvar::Condvar::wait_until_internal ()\n#2  0x000055555bd97d50 in tokio::runtime::scheduler::multi_thread::worker::Context::park_internal ()\n#3  0x000055555bd96fec in tokio::runtime::scheduler::multi_thread::worker::run ()\n#4  0x000055555bd9506d in tokio::runtime::task::raw::poll ()\n#5  0x000055555bd86b52 in std::sys::backtrace::__rust_begin_short_backtrace ()\n#6  0x000055555bd89aea in core::ops::function::FnOnce::call_once{{vtable.shim}} ()\n#7  0x000055555bd7502a in std::sys::thread::unix::Thread::new::thread_start ()\n(More stack frames follow...)\n"
~"\nThread 21 (Thread 0x7ffff53ac6c0 (LWP 2268729) \"tokio-rt-worker\"):\n"
~"#0  syscall () at ../sysdeps/unix/sysv/linux/x86_64/syscall.S:38\n#1  0x000055555afdfe39 in parking_lot::condvar::Condvar::wait_until_internal ()\n#2  0x000055555bd97d50 in tokio::runtime::scheduler::multi_thread::worker::Context::park_internal ()\n#3  0x000055555bd96fec in tokio::runtime::scheduler::multi_thread::worker::run ()\n#4  0x000055555bd9506d in tokio::runtime::task::raw::poll ()\n#5  0x000055555bd86b52 in std::sys::backtrace::__rust_begin_short_backtrace ()\n#6  0x000055555bd89aea in core::ops::function::FnOnce::call_once{{vtable.shim}} ()\n#7  0x000055555bd7502a in std::sys::thread::unix::Thread::new::thread_start ()\n(More stack frames follow...)\n"
~"\nThread 20 (Thread 0x7ffff55ad6c0 (LWP 2268728) \"tokio-rt-worker\"):\n"
~"#0  syscall () at ../sysdeps/unix/sysv/linux/x86_64/syscall.S:38\n#1  0x000055555afdfe39 in parking_lot::condvar::Condvar::wait_until_internal ()\n#2  0x000055555bd97d50 in tokio::runtime::scheduler::multi_thread::worker::Context::park_internal ()\n#3  0x000055555bd96fec in tokio::runtime::scheduler::multi_thread::worker::run ()\n#4  0x000055555bd9506d in tokio::runtime::task::raw::poll ()\n#5  0x000055555bd86b52 in std::sys::backtrace::__rust_begin_short_backtrace ()\n#6  0x000055555bd89aea in core::ops::function::FnOnce::call_once{{vtable.shim}} ()\n#7  0x000055555bd7502a in std::sys::thread::unix::Thread::new::thread_start ()\n(More stack frames follow...)\n"
~"\nThread 19 (Thread 0x7ffff57ae6c0 (LWP 2268727) \"tokio-rt-worker\"):\n"
~"#0  syscall () at ../sysdeps/unix/sysv/linux/x86_64/syscall.S:38\n#1  0x000055555afdfe39 in parking_lot::condvar::Condvar::wait_until_internal ()\n#2  0x000055555bd97d50 in tokio::runtime::scheduler::multi_thread::worker::Context::park_internal ()\n#3  0x000055555bd96fec in tokio::runtime::scheduler::multi_thread::worker::run ()\n#4  0x000055555bd9506d in tokio::runtime::task::raw::poll ()\n#5  0x000055555bd86b52 in std::sys::backtrace::__rust_begin_short_backtrace ()\n#6  0x000055555bd89aea in core::ops::function::FnOnce::call_once{{vtable.shim}} ()\n#7  0x000055555bd7502a in std::sys::thread::unix::Thread::new::thread_start ()\n(More stack frames follow...)\n"
~"\nThread 18 (Thread 0x7ffff59af6c0 (LWP 2268726) \"tokio-rt-worker\"):\n"
~"#0  0x00007ffff7d2a2d2 in epoll_wait (epfd=3, events=0x36f6e300000, maxevents=1024, timeout=-1) at ../sysdeps/unix/sysv/linux/epoll_wait.c:30\n#1  0x000055555bd994ae in tokio::runtime::io::driver::Driver::turn ()\n#2  0x000055555bd9919d in tokio::runtime::time::Driver::park_internal ()\n#3  0x000055555bd97b94 in tokio::runtime::scheduler::multi_thread::worker::Context::park_internal ()\n#4  0x000055555bd96fec in tokio::runtime::scheduler::multi_thread::worker::run ()\n#5  0x000055555bd9506d in tokio::runtime::task::raw::poll ()\n#6  0x000055555bd86b52 in std::sys::backtrace::__rust_begin_short_backtrace ()\n#7  0x000055555bd89aea in core::ops::function::FnOnce::call_once{{vtable.shim}} ()\n(More stack frames follow...)\n"
~"\nThread 17 (Thread 0x7ffff5bb06c0 (LWP 2268725) \"qe-worker-15\"):\n"
~"#0  syscall () at ../sysdeps/unix/sysv/linux/x86_64/syscall.S:38\n#1  0x000055555ba4c877 in rayon_core::sleep::Sleep::sleep ()\n#2  0x000055555ba4c30b in rayon_core::registry::WorkerThread::wait_until_cold ()\n#3  0x000055555ba4bcd2 in std::sys::backtrace::__rust_begin_short_backtrace ()\n#4  0x000055555ba4ba3c in core::ops::function::FnOnce::call_once{{vtable.shim}} ()\n#5  0x000055555bd7502a in std::sys::thread::unix::Thread::new::thread_start ()\n#6  0x00007ffff7c9cb84 in start_thread (arg=<optimized out>) at ./nptl/pthread_create.c:447\n#7  0x00007ffff7d29ecc in clone3 () at ../sysdeps/unix/sysv/linux/x86_64/clone3.S:78\n"
~"\nThread 16 (Thread 0x7ffff5db16c0 (LWP 2268724) \"qe-worker-14\"):\n"
~"#0  syscall () at ../sysdeps/unix/sysv/linux/x86_64/syscall.S:38\n#1  0x000055555ba4c877 in rayon_core::sleep::Sleep::sleep ()\n#2  0x000055555ba4c30b in rayon_core::registry::WorkerThread::wait_until_cold ()\n#3  0x000055555ba4bcd2 in std::sys::backtrace::__rust_begin_short_backtrace ()\n#4  0x000055555ba4ba3c in core::ops::function::FnOnce::call_once{{vtable.shim}} ()\n#5  0x000055555bd7502a in std::sys::thread::unix::Thread::new::thread_start ()\n#6  0x00007ffff7c9cb84 in start_thread (arg=<optimized out>) at ./nptl/pthread_create.c:447\n#7  0x00007ffff7d29ecc in clone3 () at ../sysdeps/unix/sysv/linux/x86_64/clone3.S:78\n"
~"\nThread 15 (Thread 0x7ffff5fb26c0 (LWP 2268723) \"qe-worker-13\"):\n"
~"#0  syscall () at ../sysdeps/unix/sysv/linux/x86_64/syscall.S:38\n#1  0x000055555ba4c877 in rayon_core::sleep::Sleep::sleep ()\n#2  0x000055555ba4c30b in rayon_core::registry::WorkerThread::wait_until_cold ()\n#3  0x000055555ba4bcd2 in std::sys::backtrace::__rust_begin_short_backtrace ()\n#4  0x000055555ba4ba3c in core::ops::function::FnOnce::call_once{{vtable.shim}} ()\n#5  0x000055555bd7502a in std::sys::thread::unix::Thread::new::thread_start ()\n#6  0x00007ffff7c9cb84 in start_thread (arg=<optimized out>) at ./nptl/pthread_create.c:447\n#7  0x00007ffff7d29ecc in clone3 () at ../sysdeps/unix/sysv/linux/x86_64/clone3.S:78\n"
~"\nThread 14 (Thread 0x7ffff61b36c0 (LWP 2268722) \"qe-worker-12\"):\n"
~"#0  syscall () at ../sysdeps/unix/sysv/linux/x86_64/syscall.S:38\n#1  0x000055555ba4c877 in rayon_core::sleep::Sleep::sleep ()\n#2  0x000055555ba4c30b in rayon_core::registry::WorkerThread::wait_until_cold ()\n#3  0x000055555ba4bcd2 in std::sys::backtrace::__rust_begin_short_backtrace ()\n#4  0x000055555ba4ba3c in core::ops::function::FnOnce::call_once{{vtable.shim}} ()\n#5  0x000055555bd7502a in std::sys::thread::unix::Thread::new::thread_start ()\n#6  0x00007ffff7c9cb84 in start_thread (arg=<optimized out>) at ./nptl/pthread_create.c:447\n#7  0x00007ffff7d29ecc in clone3 () at ../sysdeps/unix/sysv/linux/x86_64/clone3.S:78\n"
~"\nThread 13 (Thread 0x7ffff63b46c0 (LWP 2268721) \"qe-worker-11\"):\n"
~"#0  syscall () at ../sysdeps/unix/sysv/linux/x86_64/syscall.S:38\n#1  0x000055555ba4c877 in rayon_core::sleep::Sleep::sleep ()\n#2  0x000055555ba4c30b in rayon_core::registry::WorkerThread::wait_until_cold ()\n#3  0x000055555ba4bcd2 in std::sys::backtrace::__rust_begin_short_backtrace ()\n#4  0x000055555ba4ba3c in core::ops::function::FnOnce::call_once{{vtable.shim}} ()\n#5  0x000055555bd7502a in std::sys::thread::unix::Thread::new::thread_start ()\n#6  0x00007ffff7c9cb84 in start_thread (arg=<optimized out>) at ./nptl/pthread_create.c:447\n#7  0x00007ffff7d29ecc in clone3 () at ../sysdeps/unix/sysv/linux/x86_64/clone3.S:78\n"
~"\nThread 12 (Thread 0x7ffff65b56c0 (LWP 2268720) \"qe-worker-10\"):\n"
~"#0  syscall () at ../sysdeps/unix/sysv/linux/x86_64/syscall.S:38\n#1  0x000055555ba4c877 in rayon_core::sleep::Sleep::sleep ()\n#2  0x000055555ba4c30b in rayon_core::registry::WorkerThread::wait_until_cold ()\n#3  0x000055555ba4bcd2 in std::sys::backtrace::__rust_begin_short_backtrace ()\n#4  0x000055555ba4ba3c in core::ops::function::FnOnce::call_once{{vtable.shim}} ()\n#5  0x000055555bd7502a in std::sys::thread::unix::Thread::new::thread_start ()\n#6  0x00007ffff7c9cb84 in start_thread (arg=<optimized out>) at ./nptl/pthread_create.c:447\n#7  0x00007ffff7d29ecc in clone3 () at ../sysdeps/unix/sysv/linux/x86_64/clone3.S:78\n"
~"\nThread 11 (Thread 0x7ffff67b66c0 (LWP 2268719) \"qe-worker-9\"):\n"
~"#0  syscall () at ../sysdeps/unix/sysv/linux/x86_64/syscall.S:38\n#1  0x000055555ba4c877 in rayon_core::sleep::Sleep::sleep ()\n#2  0x000055555ba4c30b in rayon_core::registry::WorkerThread::wait_until_cold ()\n#3  0x000055555ba4bcd2 in std::sys::backtrace::__rust_begin_short_backtrace ()\n#4  0x000055555ba4ba3c in core::ops::function::FnOnce::call_once{{vtable.shim}} ()\n#5  0x000055555bd7502a in std::sys::thread::unix::Thread::new::thread_start ()\n#6  0x00007ffff7c9cb84 in start_thread (arg=<optimized out>) at ./nptl/pthread_create.c:447\n#7  0x00007ffff7d29ecc in clone3 () at ../sysdeps/unix/sysv/linux/x86_64/clone3.S:78\n"
~"\nThread 10 (Thread 0x7ffff69b76c0 (LWP 2268718) \"qe-worker-8\"):\n"
~"#0  syscall () at ../sysdeps/unix/sysv/linux/x86_64/syscall.S:38\n#1  0x000055555ba4c877 in rayon_core::sleep::Sleep::sleep ()\n#2  0x000055555ba4c30b in rayon_core::registry::WorkerThread::wait_until_cold ()\n#3  0x000055555ba4bcd2 in std::sys::backtrace::__rust_begin_short_backtrace ()\n#4  0x000055555ba4ba3c in core::ops::function::FnOnce::call_once{{vtable.shim}} ()\n#5  0x000055555bd7502a in std::sys::thread::unix::Thread::new::thread_start ()\n#6  0x00007ffff7c9cb84 in start_thread (arg=<optimized out>) at ./nptl/pthread_create.c:447\n#7  0x00007ffff7d29ecc in clone3 () at ../sysdeps/unix/sysv/linux/x86_64/clone3.S:78\n"
~"\nThread 9 (Thread 0x7ffff6bb86c0 (LWP 2268717) \"qe-worker-7\"):\n"
~"#0  syscall () at ../sysdeps/unix/sysv/linux/x86_64/syscall.S:38\n#1  0x000055555ba4c877 in rayon_core::sleep::Sleep::sleep ()\n#2  0x000055555ba4c30b in rayon_core::registry::WorkerThread::wait_until_cold ()\n#3  0x000055555ba4bcd2 in std::sys::backtrace::__rust_begin_short_backtrace ()\n#4  0x000055555ba4ba3c in core::ops::function::FnOnce::call_once{{vtable.shim}} ()\n#5  0x000055555bd7502a in std::sys::thread::unix::Thread::new::thread_start ()\n#6  0x00007ffff7c9cb84 in start_thread (arg=<optimized out>) at ./nptl/pthread_create.c:447\n#7  0x00007ffff7d29ecc in clone3 () at ../sysdeps/unix/sysv/linux/x86_64/clone3.S:78\n"
~"\nThread 8 (Thread 0x7ffff6db96c0 (LWP 2268716) \"qe-worker-6\"):\n"
~"#0  syscall () at ../sysdeps/unix/sysv/linux/x86_64/syscall.S:38\n#1  0x000055555ba4c877 in rayon_core::sleep::Sleep::sleep ()\n#2  0x000055555ba4c30b in rayon_core::registry::WorkerThread::wait_until_cold ()\n#3  0x000055555ba4bcd2 in std::sys::backtrace::__rust_begin_short_backtrace ()\n#4  0x000055555ba4ba3c in core::ops::function::FnOnce::call_once{{vtable.shim}} ()\n#5  0x000055555bd7502a in std::sys::thread::unix::Thread::new::thread_start ()\n#6  0x00007ffff7c9cb84 in start_thread (arg=<optimized out>) at ./nptl/pthread_create.c:447\n#7  0x00007ffff7d29ecc in clone3 () at ../sysdeps/unix/sysv/linux/x86_64/clone3.S:78\n"
~"\nThread 7 (Thread 0x7ffff6fba6c0 (LWP 2268715) \"qe-worker-5\"):\n"
~"#0  syscall () at ../sysdeps/unix/sysv/linux/x86_64/syscall.S:38\n#1  0x000055555ba4c877 in rayon_core::sleep::Sleep::sleep ()\n#2  0x000055555ba4c30b in rayon_core::registry::WorkerThread::wait_until_cold ()\n#3  0x000055555ba4bcd2 in std::sys::backtrace::__rust_begin_short_backtrace ()\n#4  0x000055555ba4ba3c in core::ops::function::FnOnce::call_once{{vtable.shim}} ()\n#5  0x000055555bd7502a in std::sys::thread::unix::Thread::new::thread_start ()\n#6  0x00007ffff7c9cb84 in start_thread (arg=<optimized out>) at ./nptl/pthread_create.c:447\n#7  0x00007ffff7d29ecc in clone3 () at ../sysdeps/unix/sysv/linux/x86_64/clone3.S:78\n"
~"\nThread 6 (Thread 0x7ffff71bb6c0 (LWP 2268714) \"qe-worker-4\"):\n"
~"#0  syscall () at ../sysdeps/unix/sysv/linux/x86_64/syscall.S:38\n#1  0x000055555ba4c877 in rayon_core::sleep::Sleep::sleep ()\n#2  0x000055555ba4c30b in rayon_core::registry::WorkerThread::wait_until_cold ()\n#3  0x000055555ba4bcd2 in std::sys::backtrace::__rust_begin_short_backtrace ()\n#4  0x000055555ba4ba3c in core::ops::function::FnOnce::call_once{{vtable.shim}} ()\n#5  0x000055555bd7502a in std::sys::thread::unix::Thread::new::thread_start ()\n#6  0x00007ffff7c9cb84 in start_thread (arg=<optimized out>) at ./nptl/pthread_create.c:447\n#7  0x00007ffff7d29ecc in clone3 () at ../sysdeps/unix/sysv/linux/x86_64/clone3.S:78\n"
~"\nThread 5 (Thread 0x7ffff73bc6c0 (LWP 2268713) \"qe-worker-3\"):\n"
~"#0  syscall () at ../sysdeps/unix/sysv/linux/x86_64/syscall.S:38\n#1  0x000055555ba4c877 in rayon_core::sleep::Sleep::sleep ()\n#2  0x000055555ba4c30b in rayon_core::registry::WorkerThread::wait_until_cold ()\n#3  0x000055555ba4bcd2 in std::sys::backtrace::__rust_begin_short_backtrace ()\n#4  0x000055555ba4ba3c in core::ops::function::FnOnce::call_once{{vtable.shim}} ()\n#5  0x000055555bd7502a in std::sys::thread::unix::Thread::new::thread_start ()\n#6  0x00007ffff7c9cb84 in start_thread (arg=<optimized out>) at ./nptl/pthread_create.c:447\n#7  0x00007ffff7d29ecc in clone3 () at ../sysdeps/unix/sysv/linux/x86_64/clone3.S:78\n"
~"\nThread 4 (Thread 0x7ffff75bd6c0 (LWP 2268712) \"qe-worker-2\"):\n"
~"#0  syscall () at ../sysdeps/unix/sysv/linux/x86_64/syscall.S:38\n#1  0x000055555ba4c877 in rayon_core::sleep::Sleep::sleep ()\n#2  0x000055555ba4c30b in rayon_core::registry::WorkerThread::wait_until_cold ()\n#3  0x000055555ba4bcd2 in std::sys::backtrace::__rust_begin_short_backtrace ()\n#4  0x000055555ba4ba3c in core::ops::function::FnOnce::call_once{{vtable.shim}} ()\n#5  0x000055555bd7502a in std::sys::thread::unix::Thread::new::thread_start ()\n#6  0x00007ffff7c9cb84 in start_thread (arg=<optimized out>) at ./nptl/pthread_create.c:447\n#7  0x00007ffff7d29ecc in clone3 () at ../sysdeps/unix/sysv/linux/x86_64/clone3.S:78\n"
~"\nThread 3 (Thread 0x7ffff77be6c0 (LWP 2268711) \"qe-worker-1\"):\n"
~"#0  syscall () at ../sysdeps/unix/sysv/linux/x86_64/syscall.S:38\n#1  0x000055555ba4c877 in rayon_core::sleep::Sleep::sleep ()\n#2  0x000055555ba4c30b in rayon_core::registry::WorkerThread::wait_until_cold ()\n#3  0x000055555ba4bcd2 in std::sys::backtrace::__rust_begin_short_backtrace ()\n#4  0x000055555ba4ba3c in core::ops::function::FnOnce::call_once{{vtable.shim}} ()\n#5  0x000055555bd7502a in std::sys::thread::unix::Thread::new::thread_start ()\n#6  0x00007ffff7c9cb84 in start_thread (arg=<optimized out>) at ./nptl/pthread_create.c:447\n#7  0x00007ffff7d29ecc in clone3 () at ../sysdeps/unix/sysv/linux/x86_64/clone3.S:78\n"
~"\nThread 2 (Thread 0x7ffff79bf6c0 (LWP 2268710) \"qe-worker-0\"):\n"
~"#0  syscall () at ../sysdeps/unix/sysv/linux/x86_64/syscall.S:38\n#1  0x000055555ba4c877 in rayon_core::sleep::Sleep::sleep ()\n#2  0x000055555ba4c30b in rayon_core::registry::WorkerThread::wait_until_cold ()\n#3  0x000055555ba4bcd2 in std::sys::backtrace::__rust_begin_short_backtrace ()\n#4  0x000055555ba4ba3c in core::ops::function::FnOnce::call_once{{vtable.shim}} ()\n#5  0x000055555bd7502a in std::sys::thread::unix::Thread::new::thread_start ()\n#6  0x00007ffff7c9cb84 in start_thread (arg=<optimized out>) at ./nptl/pthread_create.c:447\n#7  0x00007ffff7d29ecc in clone3 () at ../sysdeps/unix/sysv/linux/x86_64/clone3.S:78\n"
~"\nThread 1 (Thread 0x7ffff7e8d100 (LWP 2268699) \"serial_frontier\"):\n"
~"#0  __memcpy_avx_unaligned_erms () at ../sysdeps/x86_64/multiarch/memmove-vec-unaligned-erms.S:660\n#1  0x00005555575a4589 in arrow_select::filter::filter_native ()\n#2  0x0000555557587160 in arrow_select::filter::filter_primitive ()\n#3  0x0000555557582183 in arrow_select::filter::filter_array ()\n#4  0x000055555758134e in arrow_select::filter::filter ()\n#5  0x000055555b678f94 in <core::iter::adapters::GenericShunt<I,R> as core::iter::traits::iterator::Iterator>::next ()\n#6  0x000055555b678061 in <futures_util::stream::try_stream::and_then::AndThen<St,Fut,F> as futures_core::stream::Stream>::poll_next ()\n#7  0x000055555b63268c in <futures_util::stream::try_stream::and_then::AndThen<St,Fut,F> as futures_core::stream::Stream>::poll_next ()\n(More stack frames follow...)\n"
50^done
(gdb) 
51^running
*running,thread-id="all"
(gdb) 
52^done
(gdb) 
~"\nThread "
~"1 \"serial_frontier\" received signal SIGINT, Interrupt.\n"
~"syscall () at ../sysdeps/unix/sysv/linux/x86_64/syscall.S:38\n"
&"warning: 38\t../sysdeps/unix/sysv/linux/x86_64/syscall.S: No such file or directory\n"
*stopped,reason="signal-received",signal-name="SIGINT",signal-meaning="Interrupt",frame={addr="0x00007ffff7d2752d",func="syscall",args=[],file="../sysdeps/unix/sysv/linux/x86_64/syscall.S",fullname="./misc/../sysdeps/unix/sysv/linux/x86_64/syscall.S",line="38",arch="i386:x86-64"},thread-id="1",stopped-threads="all",core="6"
~"\nThread 34 (Thread 0x7fff877fb6c0 (LWP 2268742) \"tokio-rt-worker\"):\n"
~"#0  syscall () at ../sysdeps/unix/sysv/linux/x86_64/syscall.S:38\n#1  0x000055555afdfe97 in parking_lot::condvar::Condvar::wait_until_internal ()\n#2  0x000055555bd86bfa in std::sys::backtrace::__rust_begin_short_backtrace ()\n#3  0x000055555bd89aea in core::ops::function::FnOnce::call_once{{vtable.shim}} ()\n#4  0x000055555bd7502a in std::sys::thread::unix::Thread::new::thread_start ()\n#5  0x00007ffff7c9cb84 in start_thread (arg=<optimized out>) at ./nptl/pthread_create.c:447\n#6  0x00007ffff7d29ecc in clone3 () at ../sysdeps/unix/sysv/linux/x86_64/clone3.S:78\n"
~"\nThread 33 (Thread 0x7fff879fc6c0 (LWP 2268741) \"tokio-rt-worker\"):\n"
~"#0  syscall () at ../sysdeps/unix/sysv/linux/x86_64/syscall.S:38\n#1  0x000055555afdfe39 in parking_lot::condvar::Condvar::wait_until_internal ()\n#2  0x000055555bd97d50 in tokio::runtime::scheduler::multi_thread::worker::Context::park_internal ()\n#3  0x000055555bd96fec in tokio::runtime::scheduler::multi_thread::worker::run ()\n#4  0x000055555bd9506d in tokio::runtime::task::raw::poll ()\n#5  0x000055555bd86b52 in std::sys::backtrace::__rust_begin_short_backtrace ()\n#6  0x000055555bd89aea in core::ops::function::FnOnce::call_once{{vtable.shim}} ()\n#7  0x000055555bd7502a in std::sys::thread::unix::Thread::new::thread_start ()\n(More stack frames follow...)\n"
~"\nThread 32 (Thread 0x7fff87bfd6c0 (LWP 2268740) \"tokio-rt-worker\"):\n"
~"#0  syscall () at ../sysdeps/unix/sysv/linux/x86_64/syscall.S:38\n#1  0x000055555afdfe39 in parking_lot::condvar::Condvar::wait_until_internal ()\n#2  0x000055555bd97d50 in tokio::runtime::scheduler::multi_thread::worker::Context::park_internal ()\n#3  0x000055555bd96fec in tokio::runtime::scheduler::multi_thread::worker::run ()\n#4  0x000055555bd9506d in tokio::runtime::task::raw::poll ()\n#5  0x000055555bd86b52 in std::sys::backtrace::__rust_begin_short_backtrace ()\n#6  0x000055555bd89aea in core::ops::function::FnOnce::call_once{{vtable.shim}} ()\n#7  0x000055555bd7502a in std::sys::thread::unix::Thread::new::thread_start ()\n(More stack frames follow...)\n"
~"\nThread 31 (Thread 0x7fff87dfe6c0 (LWP 2268739) \"tokio-rt-worker\"):\n"
~"#0  syscall () at ../sysdeps/unix/sysv/linux/x86_64/syscall.S:38\n#1  0x000055555afdfe39 in parking_lot::condvar::Condvar::wait_until_internal ()\n#2  0x000055555bd97d50 in tokio::runtime::scheduler::multi_thread::worker::Context::park_internal ()\n#3  0x000055555bd96fec in tokio::runtime::scheduler::multi_thread::worker::run ()\n#4  0x000055555bd9506d in tokio::runtime::task::raw::poll ()\n#5  0x000055555bd86b52 in std::sys::backtrace::__rust_begin_short_backtrace ()\n#6  0x000055555bd89aea in core::ops::function::FnOnce::call_once{{vtable.shim}} ()\n#7  0x000055555bd7502a in std::sys::thread::unix::Thread::new::thread_start ()\n(More stack frames follow...)\n"
~"\nThread 30 (Thread 0x7fff87fff6c0 (LWP 2268738) \"tokio-rt-worker\"):\n"
~"#0  syscall () at ../sysdeps/unix/sysv/linux/x86_64/syscall.S:38\n#1  0x000055555afdfe39 in parking_lot::condvar::Condvar::wait_until_internal ()\n#2  0x000055555bd97d50 in tokio::runtime::scheduler::multi_thread::worker::Context::park_internal ()\n#3  0x000055555bd96fec in tokio::runtime::scheduler::multi_thread::worker::run ()\n#4  0x000055555bd9506d in tokio::runtime::task::raw::poll ()\n#5  0x000055555bd86b52 in std::sys::backtrace::__rust_begin_short_backtrace ()\n#6  0x000055555bd89aea in core::ops::function::FnOnce::call_once{{vtable.shim}} ()\n#7  0x000055555bd7502a in std::sys::thread::unix::Thread::new::thread_start ()\n(More stack frames follow...)\n"
~"\nThread 29 (Thread 0x7ffff43a46c0 (LWP 2268737) \"tokio-rt-worker\"):\n"
~"#0  syscall () at ../sysdeps/unix/sysv/linux/x86_64/syscall.S:38\n#1  0x000055555afdfe39 in parking_lot::condvar::Condvar::wait_until_internal ()\n#2  0x000055555bd97d50 in tokio::runtime::scheduler::multi_thread::worker::Context::park_internal ()\n#3  0x000055555bd96fec in tokio::runtime::scheduler::multi_thread::worker::run ()\n#4  0x000055555bd9506d in tokio::runtime::task::raw::poll ()\n#5  0x000055555bd86b52 in std::sys::backtrace::__rust_begin_short_backtrace ()\n#6  0x000055555bd89aea in core::ops::function::FnOnce::call_once{{vtable.shim}} ()\n#7  0x000055555bd7502a in std::sys::thread::unix::Thread::new::thread_start ()\n(More stack frames follow...)\n"
~"\nThread 28 (Thread 0x7ffff45a56c0 (LWP 2268736) \"tokio-rt-worker\"):\n"
~"#0  syscall () at ../sysdeps/unix/sysv/linux/x86_64/syscall.S:38\n#1  0x000055555afdfe39 in parking_lot::condvar::Condvar::wait_until_internal ()\n#2  0x000055555bd97d50 in tokio::runtime::scheduler::multi_thread::worker::Context::park_internal ()\n#3  0x000055555bd96fec in tokio::runtime::scheduler::multi_thread::worker::run ()\n#4  0x000055555bd9506d in tokio::runtime::task::raw::poll ()\n#5  0x000055555bd86b52 in std::sys::backtrace::__rust_begin_short_backtrace ()\n#6  0x000055555bd89aea in core::ops::function::FnOnce::call_once{{vtable.shim}} ()\n#7  0x000055555bd7502a in std::sys::thread::unix::Thread::new::thread_start ()\n(More stack frames follow...)\n"
~"\nThread 27 (Thread 0x7ffff47a66c0 (LWP 2268735) \"tokio-rt-worker\"):\n"
~"#0  syscall () at ../sysdeps/unix/sysv/linux/x86_64/syscall.S:38\n#1  0x000055555afdfe39 in parking_lot::condvar::Condvar::wait_until_internal ()\n#2  0x000055555bd97d50 in tokio::runtime::scheduler::multi_thread::worker::Context::park_internal ()\n#3  0x000055555bd96fec in tokio::runtime::scheduler::multi_thread::worker::run ()\n#4  0x000055555bd9506d in tokio::runtime::task::raw::poll ()\n#5  0x000055555bd86b52 in std::sys::backtrace::__rust_begin_short_backtrace ()\n#6  0x000055555bd89aea in core::ops::function::FnOnce::call_once{{vtable.shim}} ()\n#7  0x000055555bd7502a in std::sys::thread::unix::Thread::new::thread_start ()\n(More stack frames follow...)\n"
~"\nThread 26 (Thread 0x7ffff49a76c0 (LWP 2268734) \"tokio-rt-worker\"):\n"
~"#0  syscall () at ../sysdeps/unix/sysv/linux/x86_64/syscall.S:38\n#1  0x000055555afdfe39 in parking_lot::condvar::Condvar::wait_until_internal ()\n#2  0x000055555bd97d50 in tokio::runtime::scheduler::multi_thread::worker::Context::park_internal ()\n#3  0x000055555bd96fec in tokio::runtime::scheduler::multi_thread::worker::run ()\n#4  0x000055555bd9506d in tokio::runtime::task::raw::poll ()\n#5  0x000055555bd86b52 in std::sys::backtrace::__rust_begin_short_backtrace ()\n#6  0x000055555bd89aea in core::ops::function::FnOnce::call_once{{vtable.shim}} ()\n#7  0x000055555bd7502a in std::sys::thread::unix::Thread::new::thread_start ()\n(More stack frames follow...)\n"
~"\nThread 25 (Thread 0x7ffff4ba86c0 (LWP 2268733) \"tokio-rt-worker\"):\n"
~"#0  syscall () at ../sysdeps/unix/sysv/linux/x86_64/syscall.S:38\n#1  0x000055555afdfe39 in parking_lot::condvar::Condvar::wait_until_internal ()\n#2  0x000055555bd97d50 in tokio::runtime::scheduler::multi_thread::worker::Context::park_internal ()\n#3  0x000055555bd96fec in tokio::runtime::scheduler::multi_thread::worker::run ()\n#4  0x000055555bd9506d in tokio::runtime::task::raw::poll ()\n#5  0x000055555bd86b52 in std::sys::backtrace::__rust_begin_short_backtrace ()\n#6  0x000055555bd89aea in core::ops::function::FnOnce::call_once{{vtable.shim}} ()\n#7  0x000055555bd7502a in std::sys::thread::unix::Thread::new::thread_start ()\n(More stack frames follow...)\n"
~"\nThread 24 (Thread 0x7ffff4da96c0 (LWP 2268732) \"tokio-rt-worker\"):\n"
~"#0  syscall () at ../sysdeps/unix/sysv/linux/x86_64/syscall.S:38\n#1  0x000055555afdfe39 in parking_lot::condvar::Condvar::wait_until_internal ()\n#2  0x000055555bd97d50 in tokio::runtime::scheduler::multi_thread::worker::Context::park_internal ()\n#3  0x000055555bd96fec in tokio::runtime::scheduler::multi_thread::worker::run ()\n#4  0x000055555bd9506d in tokio::runtime::task::raw::poll ()\n#5  0x000055555bd86b52 in std::sys::backtrace::__rust_begin_short_backtrace ()\n#6  0x000055555bd89aea in core::ops::function::FnOnce::call_once{{vtable.shim}} ()\n#7  0x000055555bd7502a in std::sys::thread::unix::Thread::new::thread_start ()\n(More stack frames follow...)\n"
~"\nThread 23 (Thread 0x7ffff4faa6c0 (LWP 2268731) \"tokio-rt-worker\"):\n"
~"#0  syscall () at ../sysdeps/unix/sysv/linux/x86_64/syscall.S:38\n#1  0x000055555afdfe39 in parking_lot::condvar::Condvar::wait_until_internal ()\n#2  0x000055555bd97d50 in tokio::runtime::scheduler::multi_thread::worker::Context::park_internal ()\n#3  0x000055555bd96fec in tokio::runtime::scheduler::multi_thread::worker::run ()\n#4  0x000055555bd9506d in tokio::runtime::task::raw::poll ()\n#5  0x000055555bd86b52 in std::sys::backtrace::__rust_begin_short_backtrace ()\n#6  0x000055555bd89aea in core::ops::function::FnOnce::call_once{{vtable.shim}} ()\n#7  0x000055555bd7502a in std::sys::thread::unix::Thread::new::thread_start ()\n(More stack frames follow...)\n"
~"\nThread 22 (Thread 0x7ffff51ab6c0 (LWP 2268730) \"tokio-rt-worker\"):\n"
~"#0  syscall () at ../sysdeps/unix/sysv/linux/x86_64/syscall.S:38\n#1  0x000055555afdfe39 in parking_lot::condvar::Condvar::wait_until_internal ()\n#2  0x000055555bd97d50 in tokio::runtime::scheduler::multi_thread::worker::Context::park_internal ()\n#3  0x000055555bd96fec in tokio::runtime::scheduler::multi_thread::worker::run ()\n#4  0x000055555bd9506d in tokio::runtime::task::raw::poll ()\n#5  0x000055555bd86b52 in std::sys::backtrace::__rust_begin_short_backtrace ()\n#6  0x000055555bd89aea in core::ops::function::FnOnce::call_once{{vtable.shim}} ()\n#7  0x000055555bd7502a in std::sys::thread::unix::Thread::new::thread_start ()\n(More stack frames follow...)\n"
~"\nThread 21 (Thread 0x7ffff53ac6c0 (LWP 2268729) \"tokio-rt-worker\"):\n"
~"#0  syscall () at ../sysdeps/unix/sysv/linux/x86_64/syscall.S:38\n#1  0x000055555afdfe39 in parking_lot::condvar::Condvar::wait_until_internal ()\n#2  0x000055555bd97d50 in tokio::runtime::scheduler::multi_thread::worker::Context::park_internal ()\n#3  0x000055555bd96fec in tokio::runtime::scheduler::multi_thread::worker::run ()\n#4  0x000055555bd9506d in tokio::runtime::task::raw::poll ()\n#5  0x000055555bd86b52 in std::sys::backtrace::__rust_begin_short_backtrace ()\n#6  0x000055555bd89aea in core::ops::function::FnOnce::call_once{{vtable.shim}} ()\n#7  0x000055555bd7502a in std::sys::thread::unix::Thread::new::thread_start ()\n(More stack frames follow...)\n"
~"\nThread 20 (Thread 0x7ffff55ad6c0 (LWP 2268728) \"tokio-rt-worker\"):\n"
~"#0  syscall () at ../sysdeps/unix/sysv/linux/x86_64/syscall.S:38\n#1  0x000055555afdfe39 in parking_lot::condvar::Condvar::wait_until_internal ()\n#2  0x000055555bd97d50 in tokio::runtime::scheduler::multi_thread::worker::Context::park_internal ()\n#3  0x000055555bd96fec in tokio::runtime::scheduler::multi_thread::worker::run ()\n#4  0x000055555bd9506d in tokio::runtime::task::raw::poll ()\n#5  0x000055555bd86b52 in std::sys::backtrace::__rust_begin_short_backtrace ()\n#6  0x000055555bd89aea in core::ops::function::FnOnce::call_once{{vtable.shim}} ()\n#7  0x000055555bd7502a in std::sys::thread::unix::Thread::new::thread_start ()\n(More stack frames follow...)\n"
~"\nThread 19 (Thread 0x7ffff57ae6c0 (LWP 2268727) \"tokio-rt-worker\"):\n"
~"#0  syscall () at ../sysdeps/unix/sysv/linux/x86_64/syscall.S:38\n#1  0x000055555afdfe39 in parking_lot::condvar::Condvar::wait_until_internal ()\n#2  0x000055555bd97d50 in tokio::runtime::scheduler::multi_thread::worker::Context::park_internal ()\n#3  0x000055555bd96fec in tokio::runtime::scheduler::multi_thread::worker::run ()\n#4  0x000055555bd9506d in tokio::runtime::task::raw::poll ()\n#5  0x000055555bd86b52 in std::sys::backtrace::__rust_begin_short_backtrace ()\n#6  0x000055555bd89aea in core::ops::function::FnOnce::call_once{{vtable.shim}} ()\n#7  0x000055555bd7502a in std::sys::thread::unix::Thread::new::thread_start ()\n(More stack frames follow...)\n"
~"\nThread 18 (Thread 0x7ffff59af6c0 (LWP 2268726) \"tokio-rt-worker\"):\n"
~"#0  0x00007ffff7d2a2d2 in epoll_wait (epfd=3, events=0x36f6e300000, maxevents=1024, timeout=-1) at ../sysdeps/unix/sysv/linux/epoll_wait.c:30\n#1  0x000055555bd994ae in tokio::runtime::io::driver::Driver::turn ()\n#2  0x000055555bd9919d in tokio::runtime::time::Driver::park_internal ()\n#3  0x000055555bd97b94 in tokio::runtime::scheduler::multi_thread::worker::Context::park_internal ()\n#4  0x000055555bd96fec in tokio::runtime::scheduler::multi_thread::worker::run ()\n#5  0x000055555bd9506d in tokio::runtime::task::raw::poll ()\n#6  0x000055555bd86b52 in std::sys::backtrace::__rust_begin_short_backtrace ()\n#7  0x000055555bd89aea in core::ops::function::FnOnce::call_once{{vtable.shim}} ()\n(More stack frames follow...)\n"
~"\nThread 17 (Thread 0x7ffff5bb06c0 (LWP 2268725) \"qe-worker-15\"):\n"
~"#0  syscall () at ../sysdeps/unix/sysv/linux/x86_64/syscall.S:38\n#1  0x000055555ba4c877 in rayon_core::sleep::Sleep::sleep ()\n#2  0x000055555ba4c30b in rayon_core::registry::WorkerThread::wait_until_cold ()\n#3  0x000055555ba4bcd2 in std::sys::backtrace::__rust_begin_short_backtrace ()\n#4  0x000055555ba4ba3c in core::ops::function::FnOnce::call_once{{vtable.shim}} ()\n#5  0x000055555bd7502a in std::sys::thread::unix::Thread::new::thread_start ()\n#6  0x00007ffff7c9cb84 in start_thread (arg=<optimized out>) at ./nptl/pthread_create.c:447\n#7  0x00007ffff7d29ecc in clone3 () at ../sysdeps/unix/sysv/linux/x86_64/clone3.S:78\n"
~"\nThread 16 (Thread 0x7ffff5db16c0 (LWP 2268724) \"qe-worker-14\"):\n"
~"#0  syscall () at ../sysdeps/unix/sysv/linux/x86_64/syscall.S:38\n#1  0x000055555ba4c877 in rayon_core::sleep::Sleep::sleep ()\n#2  0x000055555ba4c30b in rayon_core::registry::WorkerThread::wait_until_cold ()\n#3  0x000055555ba4bcd2 in std::sys::backtrace::__rust_begin_short_backtrace ()\n#4  0x000055555ba4ba3c in core::ops::function::FnOnce::call_once{{vtable.shim}} ()\n#5  0x000055555bd7502a in std::sys::thread::unix::Thread::new::thread_start ()\n#6  0x00007ffff7c9cb84 in start_thread (arg=<optimized out>) at ./nptl/pthread_create.c:447\n#7  0x00007ffff7d29ecc in clone3 () at ../sysdeps/unix/sysv/linux/x86_64/clone3.S:78\n"
~"\nThread 15 (Thread 0x7ffff5fb26c0 (LWP 2268723) \"qe-worker-13\"):\n"
~"#0  syscall () at ../sysdeps/unix/sysv/linux/x86_64/syscall.S:38\n#1  0x000055555ba4c877 in rayon_core::sleep::Sleep::sleep ()\n#2  0x000055555ba4c30b in rayon_core::registry::WorkerThread::wait_until_cold ()\n#3  0x000055555ba4bcd2 in std::sys::backtrace::__rust_begin_short_backtrace ()\n#4  0x000055555ba4ba3c in core::ops::function::FnOnce::call_once{{vtable.shim}} ()\n#5  0x000055555bd7502a in std::sys::thread::unix::Thread::new::thread_start ()\n#6  0x00007ffff7c9cb84 in start_thread (arg=<optimized out>) at ./nptl/pthread_create.c:447\n#7  0x00007ffff7d29ecc in clone3 () at ../sysdeps/unix/sysv/linux/x86_64/clone3.S:78\n"
~"\nThread 14 (Thread 0x7ffff61b36c0 (LWP 2268722) \"qe-worker-12\"):\n"
~"#0  syscall () at ../sysdeps/unix/sysv/linux/x86_64/syscall.S:38\n#1  0x000055555ba4c877 in rayon_core::sleep::Sleep::sleep ()\n#2  0x000055555ba4c30b in rayon_core::registry::WorkerThread::wait_until_cold ()\n#3  0x000055555ba4bcd2 in std::sys::backtrace::__rust_begin_short_backtrace ()\n#4  0x000055555ba4ba3c in core::ops::function::FnOnce::call_once{{vtable.shim}} ()\n#5  0x000055555bd7502a in std::sys::thread::unix::Thread::new::thread_start ()\n#6  0x00007ffff7c9cb84 in start_thread (arg=<optimized out>) at ./nptl/pthread_create.c:447\n#7  0x00007ffff7d29ecc in clone3 () at ../sysdeps/unix/sysv/linux/x86_64/clone3.S:78\n"
~"\nThread 13 (Thread 0x7ffff63b46c0 (LWP 2268721) \"qe-worker-11\"):\n"
~"#0  syscall () at ../sysdeps/unix/sysv/linux/x86_64/syscall.S:38\n#1  0x000055555ba4c877 in rayon_core::sleep::Sleep::sleep ()\n#2  0x000055555ba4c30b in rayon_core::registry::WorkerThread::wait_until_cold ()\n#3  0x000055555ba4bcd2 in std::sys::backtrace::__rust_begin_short_backtrace ()\n#4  0x000055555ba4ba3c in core::ops::function::FnOnce::call_once{{vtable.shim}} ()\n#5  0x000055555bd7502a in std::sys::thread::unix::Thread::new::thread_start ()\n#6  0x00007ffff7c9cb84 in start_thread (arg=<optimized out>) at ./nptl/pthread_create.c:447\n#7  0x00007ffff7d29ecc in clone3 () at ../sysdeps/unix/sysv/linux/x86_64/clone3.S:78\n"
~"\nThread 12 (Thread 0x7ffff65b56c0 (LWP 2268720) \"qe-worker-10\"):\n"
~"#0  syscall () at ../sysdeps/unix/sysv/linux/x86_64/syscall.S:38\n#1  0x000055555ba4c877 in rayon_core::sleep::Sleep::sleep ()\n#2  0x000055555ba4c30b in rayon_core::registry::WorkerThread::wait_until_cold ()\n#3  0x000055555ba4bcd2 in std::sys::backtrace::__rust_begin_short_backtrace ()\n#4  0x000055555ba4ba3c in core::ops::function::FnOnce::call_once{{vtable.shim}} ()\n#5  0x000055555bd7502a in std::sys::thread::unix::Thread::new::thread_start ()\n#6  0x00007ffff7c9cb84 in start_thread (arg=<optimized out>) at ./nptl/pthread_create.c:447\n#7  0x00007ffff7d29ecc in clone3 () at ../sysdeps/unix/sysv/linux/x86_64/clone3.S:78\n"
~"\nThread 11 (Thread 0x7ffff67b66c0 (LWP 2268719) \"qe-worker-9\"):\n"
~"#0  syscall () at ../sysdeps/unix/sysv/linux/x86_64/syscall.S:38\n#1  0x000055555ba4c877 in rayon_core::sleep::Sleep::sleep ()\n#2  0x000055555ba4c30b in rayon_core::registry::WorkerThread::wait_until_cold ()\n#3  0x000055555ba4bcd2 in std::sys::backtrace::__rust_begin_short_backtrace ()\n#4  0x000055555ba4ba3c in core::ops::function::FnOnce::call_once{{vtable.shim}} ()\n#5  0x000055555bd7502a in std::sys::thread::unix::Thread::new::thread_start ()\n#6  0x00007ffff7c9cb84 in start_thread (arg=<optimized out>) at ./nptl/pthread_create.c:447\n#7  0x00007ffff7d29ecc in clone3 () at ../sysdeps/unix/sysv/linux/x86_64/clone3.S:78\n"
~"\nThread 10 (Thread 0x7ffff69b76c0 (LWP 2268718) \"qe-worker-8\"):\n"
~"#0  syscall () at ../sysdeps/unix/sysv/linux/x86_64/syscall.S:38\n#1  0x000055555ba4c877 in rayon_core::sleep::Sleep::sleep ()\n#2  0x000055555ba4c30b in rayon_core::registry::WorkerThread::wait_until_cold ()\n#3  0x000055555ba4bcd2 in std::sys::backtrace::__rust_begin_short_backtrace ()\n#4  0x000055555ba4ba3c in core::ops::function::FnOnce::call_once{{vtable.shim}} ()\n#5  0x000055555bd7502a in std::sys::thread::unix::Thread::new::thread_start ()\n#6  0x00007ffff7c9cb84 in start_thread (arg=<optimized out>) at ./nptl/pthread_create.c:447\n#7  0x00007ffff7d29ecc in clone3 () at ../sysdeps/unix/sysv/linux/x86_64/clone3.S:78\n"
~"\nThread 9 (Thread 0x7ffff6bb86c0 (LWP 2268717) \"qe-worker-7\"):\n"
~"#0  syscall () at ../sysdeps/unix/sysv/linux/x86_64/syscall.S:38\n#1  0x000055555ba4c877 in rayon_core::sleep::Sleep::sleep ()\n#2  0x000055555ba4c30b in rayon_core::registry::WorkerThread::wait_until_cold ()\n#3  0x000055555ba4bcd2 in std::sys::backtrace::__rust_begin_short_backtrace ()\n#4  0x000055555ba4ba3c in core::ops::function::FnOnce::call_once{{vtable.shim}} ()\n#5  0x000055555bd7502a in std::sys::thread::unix::Thread::new::thread_start ()\n#6  0x00007ffff7c9cb84 in start_thread (arg=<optimized out>) at ./nptl/pthread_create.c:447\n#7  0x00007ffff7d29ecc in clone3 () at ../sysdeps/unix/sysv/linux/x86_64/clone3.S:78\n"
~"\nThread 8 (Thread 0x7ffff6db96c0 (LWP 2268716) \"qe-worker-6\"):\n"
~"#0  syscall () at ../sysdeps/unix/sysv/linux/x86_64/syscall.S:38\n#1  0x000055555ba4c877 in rayon_core::sleep::Sleep::sleep ()\n#2  0x000055555ba4c30b in rayon_core::registry::WorkerThread::wait_until_cold ()\n#3  0x000055555ba4bcd2 in std::sys::backtrace::__rust_begin_short_backtrace ()\n#4  0x000055555ba4ba3c in core::ops::function::FnOnce::call_once{{vtable.shim}} ()\n#5  0x000055555bd7502a in std::sys::thread::unix::Thread::new::thread_start ()\n#6  0x00007ffff7c9cb84 in start_thread (arg=<optimized out>) at ./nptl/pthread_create.c:447\n#7  0x00007ffff7d29ecc in clone3 () at ../sysdeps/unix/sysv/linux/x86_64/clone3.S:78\n"
~"\nThread 7 (Thread 0x7ffff6fba6c0 (LWP 2268715) \"qe-worker-5\"):\n"
~"#0  syscall () at ../sysdeps/unix/sysv/linux/x86_64/syscall.S:38\n#1  0x000055555ba4c877 in rayon_core::sleep::Sleep::sleep ()\n#2  0x000055555ba4c30b in rayon_core::registry::WorkerThread::wait_until_cold ()\n#3  0x000055555ba4bcd2 in std::sys::backtrace::__rust_begin_short_backtrace ()\n#4  0x000055555ba4ba3c in core::ops::function::FnOnce::call_once{{vtable.shim}} ()\n#5  0x000055555bd7502a in std::sys::thread::unix::Thread::new::thread_start ()\n#6  0x00007ffff7c9cb84 in start_thread (arg=<optimized out>) at ./nptl/pthread_create.c:447\n#7  0x00007ffff7d29ecc in clone3 () at ../sysdeps/unix/sysv/linux/x86_64/clone3.S:78\n"
~"\nThread 6 (Thread 0x7ffff71bb6c0 (LWP 2268714) \"qe-worker-4\"):\n"
~"#0  syscall () at ../sysdeps/unix/sysv/linux/x86_64/syscall.S:38\n#1  0x000055555ba4c877 in rayon_core::sleep::Sleep::sleep ()\n#2  0x000055555ba4c30b in rayon_core::registry::WorkerThread::wait_until_cold ()\n#3  0x000055555ba4bcd2 in std::sys::backtrace::__rust_begin_short_backtrace ()\n#4  0x000055555ba4ba3c in core::ops::function::FnOnce::call_once{{vtable.shim}} ()\n#5  0x000055555bd7502a in std::sys::thread::unix::Thread::new::thread_start ()\n#6  0x00007ffff7c9cb84 in start_thread (arg=<optimized out>) at ./nptl/pthread_create.c:447\n#7  0x00007ffff7d29ecc in clone3 () at ../sysdeps/unix/sysv/linux/x86_64/clone3.S:78\n"
~"\nThread 5 (Thread 0x7ffff73bc6c0 (LWP 2268713) \"qe-worker-3\"):\n"
~"#0  syscall () at ../sysdeps/unix/sysv/linux/x86_64/syscall.S:38\n#1  0x000055555ba4c877 in rayon_core::sleep::Sleep::sleep ()\n#2  0x000055555ba4c30b in rayon_core::registry::WorkerThread::wait_until_cold ()\n#3  0x000055555ba4bcd2 in std::sys::backtrace::__rust_begin_short_backtrace ()\n#4  0x000055555ba4ba3c in core::ops::function::FnOnce::call_once{{vtable.shim}} ()\n#5  0x000055555bd7502a in std::sys::thread::unix::Thread::new::thread_start ()\n#6  0x00007ffff7c9cb84 in start_thread (arg=<optimized out>) at ./nptl/pthread_create.c:447\n#7  0x00007ffff7d29ecc in clone3 () at ../sysdeps/unix/sysv/linux/x86_64/clone3.S:78\n"
~"\nThread 4 (Thread 0x7ffff75bd6c0 (LWP 2268712) \"qe-worker-2\"):\n"
~"#0  syscall () at ../sysdeps/unix/sysv/linux/x86_64/syscall.S:38\n#1  0x000055555ba4c877 in rayon_core::sleep::Sleep::sleep ()\n#2  0x000055555ba4c30b in rayon_core::registry::WorkerThread::wait_until_cold ()\n#3  0x000055555ba4bcd2 in std::sys::backtrace::__rust_begin_short_backtrace ()\n#4  0x000055555ba4ba3c in core::ops::function::FnOnce::call_once{{vtable.shim}} ()\n#5  0x000055555bd7502a in std::sys::thread::unix::Thread::new::thread_start ()\n#6  0x00007ffff7c9cb84 in start_thread (arg=<optimized out>) at ./nptl/pthread_create.c:447\n#7  0x00007ffff7d29ecc in clone3 () at ../sysdeps/unix/sysv/linux/x86_64/clone3.S:78\n"
~"\nThread 3 (Thread 0x7ffff77be6c0 (LWP 2268711) \"qe-worker-1\"):\n"
~"#0  syscall () at ../sysdeps/unix/sysv/linux/x86_64/syscall.S:38\n#1  0x000055555ba4c877 in rayon_core::sleep::Sleep::sleep ()\n#2  0x000055555ba4c30b in rayon_core::registry::WorkerThread::wait_until_cold ()\n#3  0x000055555ba4bcd2 in std::sys::backtrace::__rust_begin_short_backtrace ()\n#4  0x000055555ba4ba3c in core::ops::function::FnOnce::call_once{{vtable.shim}} ()\n#5  0x000055555bd7502a in std::sys::thread::unix::Thread::new::thread_start ()\n#6  0x00007ffff7c9cb84 in start_thread (arg=<optimized out>) at ./nptl/pthread_create.c:447\n#7  0x00007ffff7d29ecc in clone3 () at ../sysdeps/unix/sysv/linux/x86_64/clone3.S:78\n"
~"\nThread 2 (Thread 0x7ffff79bf6c0 (LWP 2268710) \"qe-worker-0\"):\n"
~"#0  syscall () at ../sysdeps/unix/sysv/linux/x86_64/syscall.S:38\n#1  0x000055555ba4c877 in rayon_core::sleep::Sleep::sleep ()\n#2  0x000055555ba4c30b in rayon_core::registry::WorkerThread::wait_until_cold ()\n#3  0x000055555ba4bcd2 in std::sys::backtrace::__rust_begin_short_backtrace ()\n#4  0x000055555ba4ba3c in core::ops::function::FnOnce::call_once{{vtable.shim}} ()\n#5  0x000055555bd7502a in std::sys::thread::unix::Thread::new::thread_start ()\n#6  0x00007ffff7c9cb84 in start_thread (arg=<optimized out>) at ./nptl/pthread_create.c:447\n#7  0x00007ffff7d29ecc in clone3 () at ../sysdeps/unix/sysv/linux/x86_64/clone3.S:78\n"
~"\nThread 1 (Thread 0x7ffff7e8d100 (LWP 2268699) \"serial_frontier\"):\n"
~"#0  syscall () at ../sysdeps/unix/sysv/linux/x86_64/syscall.S:38\n#1  0x000055555ba4d835 in rayon_core::latch::LockLatch::wait_and_reset ()\n#2  0x000055555b5304f3 in rayon_core::registry::Registry::in_worker_cold ()\n#3  0x000055555b526cfa in rayon::iter::plumbing::bridge_producer_consumer::helper ()\n#4  0x000055555b4a2d45 in query_engine::physical::morsel_agg::live_spill::execute::{{closure}} ()\n#5  0x000055555b4930c1 in <query_engine::physical::operators::spillable::SpillableHashAggregateExec as query_engine::physical::plan::PhysicalOperator>::execute::{{closure}} ()\n#6  0x000055555b632182 in <query_engine::physical::operators::project::ProjectExec as query_engine::physical::plan::PhysicalOperator>::execute::{{closure}} ()\n#7  0x000055555b4a7680 in query_engine::physical::operators::spillable::stream_merge_input_partitions::{{closure}} ()\n(More stack frames follow...)\n"
53^done
(gdb) 
54^running
*running,thread-id="all"
(gdb) 
55^done
(gdb) 
~"\nThread "
~"1 \"serial_frontier\" received signal SIGINT, Interrupt.\n"
~"syscall () at ../sysdeps/unix/sysv/linux/x86_64/syscall.S:38\n"
~"38\tin ../sysdeps/unix/sysv/linux/x86_64/syscall.S\n"
*stopped,reason="signal-received",signal-name="SIGINT",signal-meaning="Interrupt",frame={addr="0x00007ffff7d2752d",func="syscall",args=[],file="../sysdeps/unix/sysv/linux/x86_64/syscall.S",fullname="./misc/../sysdeps/unix/sysv/linux/x86_64/syscall.S",line="38",arch="i386:x86-64"},thread-id="1",stopped-threads="all",core="7"
~"\nThread 34 (Thread 0x7fff877fb6c0 (LWP 2268742) \"tokio-rt-worker\"):\n"
~"#0  syscall () at ../sysdeps/unix/sysv/linux/x86_64/syscall.S:38\n#1  0x000055555afdfe97 in parking_lot::condvar::Condvar::wait_until_internal ()\n#2  0x000055555bd86bfa in std::sys::backtrace::__rust_begin_short_backtrace ()\n#3  0x000055555bd89aea in core::ops::function::FnOnce::call_once{{vtable.shim}} ()\n#4  0x000055555bd7502a in std::sys::thread::unix::Thread::new::thread_start ()\n#5  0x00007ffff7c9cb84 in start_thread (arg=<optimized out>) at ./nptl/pthread_create.c:447\n#6  0x00007ffff7d29ecc in clone3 () at ../sysdeps/unix/sysv/linux/x86_64/clone3.S:78\n"
~"\nThread 33 (Thread 0x7fff879fc6c0 (LWP 2268741) \"tokio-rt-worker\"):\n"
~"#0  syscall () at ../sysdeps/unix/sysv/linux/x86_64/syscall.S:38\n#1  0x000055555afdfe39 in parking_lot::condvar::Condvar::wait_until_internal ()\n#2  0x000055555bd97d50 in tokio::runtime::scheduler::multi_thread::worker::Context::park_internal ()\n#3  0x000055555bd96fec in tokio::runtime::scheduler::multi_thread::worker::run ()\n#4  0x000055555bd9506d in tokio::runtime::task::raw::poll ()\n#5  0x000055555bd86b52 in std::sys::backtrace::__rust_begin_short_backtrace ()\n#6  0x000055555bd89aea in core::ops::function::FnOnce::call_once{{vtable.shim}} ()\n#7  0x000055555bd7502a in std::sys::thread::unix::Thread::new::thread_start ()\n(More stack frames follow...)\n"
~"\nThread 32 (Thread 0x7fff87bfd6c0 (LWP 2268740) \"tokio-rt-worker\"):\n"
~"#0  syscall () at ../sysdeps/unix/sysv/linux/x86_64/syscall.S:38\n#1  0x000055555afdfe39 in parking_lot::condvar::Condvar::wait_until_internal ()\n#2  0x000055555bd97d50 in tokio::runtime::scheduler::multi_thread::worker::Context::park_internal ()\n#3  0x000055555bd96fec in tokio::runtime::scheduler::multi_thread::worker::run ()\n#4  0x000055555bd9506d in tokio::runtime::task::raw::poll ()\n#5  0x000055555bd86b52 in std::sys::backtrace::__rust_begin_short_backtrace ()\n#6  0x000055555bd89aea in core::ops::function::FnOnce::call_once{{vtable.shim}} ()\n#7  0x000055555bd7502a in std::sys::thread::unix::Thread::new::thread_start ()\n(More stack frames follow...)\n"
~"\nThread 31 (Thread 0x7fff87dfe6c0 (LWP 2268739) \"tokio-rt-worker\"):\n"
~"#0  syscall () at ../sysdeps/unix/sysv/linux/x86_64/syscall.S:38\n#1  0x000055555afdfe39 in parking_lot::condvar::Condvar::wait_until_internal ()\n#2  0x000055555bd97d50 in tokio::runtime::scheduler::multi_thread::worker::Context::park_internal ()\n#3  0x000055555bd96fec in tokio::runtime::scheduler::multi_thread::worker::run ()\n#4  0x000055555bd9506d in tokio::runtime::task::raw::poll ()\n#5  0x000055555bd86b52 in std::sys::backtrace::__rust_begin_short_backtrace ()\n#6  0x000055555bd89aea in core::ops::function::FnOnce::call_once{{vtable.shim}} ()\n#7  0x000055555bd7502a in std::sys::thread::unix::Thread::new::thread_start ()\n(More stack frames follow...)\n"
~"\nThread 30 (Thread 0x7fff87fff6c0 (LWP 2268738) \"tokio-rt-worker\"):\n"
~"#0  syscall () at ../sysdeps/unix/sysv/linux/x86_64/syscall.S:38\n#1  0x000055555afdfe39 in parking_lot::condvar::Condvar::wait_until_internal ()\n#2  0x000055555bd97d50 in tokio::runtime::scheduler::multi_thread::worker::Context::park_internal ()\n#3  0x000055555bd96fec in tokio::runtime::scheduler::multi_thread::worker::run ()\n#4  0x000055555bd9506d in tokio::runtime::task::raw::poll ()\n#5  0x000055555bd86b52 in std::sys::backtrace::__rust_begin_short_backtrace ()\n#6  0x000055555bd89aea in core::ops::function::FnOnce::call_once{{vtable.shim}} ()\n#7  0x000055555bd7502a in std::sys::thread::unix::Thread::new::thread_start ()\n(More stack frames follow...)\n"
~"\nThread 29 (Thread 0x7ffff43a46c0 (LWP 2268737) \"tokio-rt-worker\"):\n"
~"#0  syscall () at ../sysdeps/unix/sysv/linux/x86_64/syscall.S:38\n#1  0x000055555afdfe39 in parking_lot::condvar::Condvar::wait_until_internal ()\n#2  0x000055555bd97d50 in tokio::runtime::scheduler::multi_thread::worker::Context::park_internal ()\n#3  0x000055555bd96fec in tokio::runtime::scheduler::multi_thread::worker::run ()\n#4  0x000055555bd9506d in tokio::runtime::task::raw::poll ()\n#5  0x000055555bd86b52 in std::sys::backtrace::__rust_begin_short_backtrace ()\n#6  0x000055555bd89aea in core::ops::function::FnOnce::call_once{{vtable.shim}} ()\n#7  0x000055555bd7502a in std::sys::thread::unix::Thread::new::thread_start ()\n(More stack frames follow...)\n"
~"\nThread 28 (Thread 0x7ffff45a56c0 (LWP 2268736) \"tokio-rt-worker\"):\n"
~"#0  syscall () at ../sysdeps/unix/sysv/linux/x86_64/syscall.S:38\n#1  0x000055555afdfe39 in parking_lot::condvar::Condvar::wait_until_internal ()\n#2  0x000055555bd97d50 in tokio::runtime::scheduler::multi_thread::worker::Context::park_internal ()\n#3  0x000055555bd96fec in tokio::runtime::scheduler::multi_thread::worker::run ()\n#4  0x000055555bd9506d in tokio::runtime::task::raw::poll ()\n#5  0x000055555bd86b52 in std::sys::backtrace::__rust_begin_short_backtrace ()\n#6  0x000055555bd89aea in core::ops::function::FnOnce::call_once{{vtable.shim}} ()\n#7  0x000055555bd7502a in std::sys::thread::unix::Thread::new::thread_start ()\n(More stack frames follow...)\n"
~"\nThread 27 (Thread 0x7ffff47a66c0 (LWP 2268735) \"tokio-rt-worker\"):\n"
~"#0  syscall () at ../sysdeps/unix/sysv/linux/x86_64/syscall.S:38\n#1  0x000055555afdfe39 in parking_lot::condvar::Condvar::wait_until_internal ()\n#2  0x000055555bd97d50 in tokio::runtime::scheduler::multi_thread::worker::Context::park_internal ()\n#3  0x000055555bd96fec in tokio::runtime::scheduler::multi_thread::worker::run ()\n#4  0x000055555bd9506d in tokio::runtime::task::raw::poll ()\n#5  0x000055555bd86b52 in std::sys::backtrace::__rust_begin_short_backtrace ()\n#6  0x000055555bd89aea in core::ops::function::FnOnce::call_once{{vtable.shim}} ()\n#7  0x000055555bd7502a in std::sys::thread::unix::Thread::new::thread_start ()\n(More stack frames follow...)\n"
~"\nThread 26 (Thread 0x7ffff49a76c0 (LWP 2268734) \"tokio-rt-worker\"):\n"
~"#0  syscall () at ../sysdeps/unix/sysv/linux/x86_64/syscall.S:38\n#1  0x000055555afdfe39 in parking_lot::condvar::Condvar::wait_until_internal ()\n#2  0x000055555bd97d50 in tokio::runtime::scheduler::multi_thread::worker::Context::park_internal ()\n#3  0x000055555bd96fec in tokio::runtime::scheduler::multi_thread::worker::run ()\n#4  0x000055555bd9506d in tokio::runtime::task::raw::poll ()\n#5  0x000055555bd86b52 in std::sys::backtrace::__rust_begin_short_backtrace ()\n#6  0x000055555bd89aea in core::ops::function::FnOnce::call_once{{vtable.shim}} ()\n#7  0x000055555bd7502a in std::sys::thread::unix::Thread::new::thread_start ()\n(More stack frames follow...)\n"
~"\nThread 25 (Thread 0x7ffff4ba86c0 (LWP 2268733) \"tokio-rt-worker\"):\n"
~"#0  syscall () at ../sysdeps/unix/sysv/linux/x86_64/syscall.S:38\n#1  0x000055555afdfe39 in parking_lot::condvar::Condvar::wait_until_internal ()\n#2  0x000055555bd97d50 in tokio::runtime::scheduler::multi_thread::worker::Context::park_internal ()\n#3  0x000055555bd96fec in tokio::runtime::scheduler::multi_thread::worker::run ()\n#4  0x000055555bd9506d in tokio::runtime::task::raw::poll ()\n#5  0x000055555bd86b52 in std::sys::backtrace::__rust_begin_short_backtrace ()\n#6  0x000055555bd89aea in core::ops::function::FnOnce::call_once{{vtable.shim}} ()\n#7  0x000055555bd7502a in std::sys::thread::unix::Thread::new::thread_start ()\n(More stack frames follow...)\n"
~"\nThread 24 (Thread 0x7ffff4da96c0 (LWP 2268732) \"tokio-rt-worker\"):\n"
~"#0  syscall () at ../sysdeps/unix/sysv/linux/x86_64/syscall.S:38\n#1  0x000055555afdfe39 in parking_lot::condvar::Condvar::wait_until_internal ()\n#2  0x000055555bd97d50 in tokio::runtime::scheduler::multi_thread::worker::Context::park_internal ()\n#3  0x000055555bd96fec in tokio::runtime::scheduler::multi_thread::worker::run ()\n#4  0x000055555bd9506d in tokio::runtime::task::raw::poll ()\n#5  0x000055555bd86b52 in std::sys::backtrace::__rust_begin_short_backtrace ()\n#6  0x000055555bd89aea in core::ops::function::FnOnce::call_once{{vtable.shim}} ()\n#7  0x000055555bd7502a in std::sys::thread::unix::Thread::new::thread_start ()\n(More stack frames follow...)\n"
~"\nThread 23 (Thread 0x7ffff4faa6c0 (LWP 2268731) \"tokio-rt-worker\"):\n"
~"#0  syscall () at ../sysdeps/unix/sysv/linux/x86_64/syscall.S:38\n#1  0x000055555afdfe39 in parking_lot::condvar::Condvar::wait_until_internal ()\n#2  0x000055555bd97d50 in tokio::runtime::scheduler::multi_thread::worker::Context::park_internal ()\n#3  0x000055555bd96fec in tokio::runtime::scheduler::multi_thread::worker::run ()\n#4  0x000055555bd9506d in tokio::runtime::task::raw::poll ()\n#5  0x000055555bd86b52 in std::sys::backtrace::__rust_begin_short_backtrace ()\n#6  0x000055555bd89aea in core::ops::function::FnOnce::call_once{{vtable.shim}} ()\n#7  0x000055555bd7502a in std::sys::thread::unix::Thread::new::thread_start ()\n(More stack frames follow...)\n"
~"\nThread 22 (Thread 0x7ffff51ab6c0 (LWP 2268730) \"tokio-rt-worker\"):\n"
~"#0  syscall () at ../sysdeps/unix/sysv/linux/x86_64/syscall.S:38\n#1  0x000055555afdfe39 in parking_lot::condvar::Condvar::wait_until_internal ()\n#2  0x000055555bd97d50 in tokio::runtime::scheduler::multi_thread::worker::Context::park_internal ()\n#3  0x000055555bd96fec in tokio::runtime::scheduler::multi_thread::worker::run ()\n#4  0x000055555bd9506d in tokio::runtime::task::raw::poll ()\n#5  0x000055555bd86b52 in std::sys::backtrace::__rust_begin_short_backtrace ()\n#6  0x000055555bd89aea in core::ops::function::FnOnce::call_once{{vtable.shim}} ()\n#7  0x000055555bd7502a in std::sys::thread::unix::Thread::new::thread_start ()\n(More stack frames follow...)\n"
~"\nThread 21 (Thread 0x7ffff53ac6c0 (LWP 2268729) \"tokio-rt-worker\"):\n"
~"#0  syscall () at ../sysdeps/unix/sysv/linux/x86_64/syscall.S:38\n#1  0x000055555afdfe39 in parking_lot::condvar::Condvar::wait_until_internal ()\n#2  0x000055555bd97d50 in tokio::runtime::scheduler::multi_thread::worker::Context::park_internal ()\n#3  0x000055555bd96fec in tokio::runtime::scheduler::multi_thread::worker::run ()\n#4  0x000055555bd9506d in tokio::runtime::task::raw::poll ()\n#5  0x000055555bd86b52 in std::sys::backtrace::__rust_begin_short_backtrace ()\n#6  0x000055555bd89aea in core::ops::function::FnOnce::call_once{{vtable.shim}} ()\n#7  0x000055555bd7502a in std::sys::thread::unix::Thread::new::thread_start ()\n(More stack frames follow...)\n"
~"\nThread 20 (Thread 0x7ffff55ad6c0 (LWP 2268728) \"tokio-rt-worker\"):\n"
~"#0  syscall () at ../sysdeps/unix/sysv/linux/x86_64/syscall.S:38\n#1  0x000055555afdfe39 in parking_lot::condvar::Condvar::wait_until_internal ()\n#2  0x000055555bd97d50 in tokio::runtime::scheduler::multi_thread::worker::Context::park_internal ()\n#3  0x000055555bd96fec in tokio::runtime::scheduler::multi_thread::worker::run ()\n#4  0x000055555bd9506d in tokio::runtime::task::raw::poll ()\n#5  0x000055555bd86b52 in std::sys::backtrace::__rust_begin_short_backtrace ()\n#6  0x000055555bd89aea in core::ops::function::FnOnce::call_once{{vtable.shim}} ()\n#7  0x000055555bd7502a in std::sys::thread::unix::Thread::new::thread_start ()\n(More stack frames follow...)\n"
~"\nThread 19 (Thread 0x7ffff57ae6c0 (LWP 2268727) \"tokio-rt-worker\"):\n"
~"#0  syscall () at ../sysdeps/unix/sysv/linux/x86_64/syscall.S:38\n#1  0x000055555afdfe39 in parking_lot::condvar::Condvar::wait_until_internal ()\n#2  0x000055555bd97d50 in tokio::runtime::scheduler::multi_thread::worker::Context::park_internal ()\n#3  0x000055555bd96fec in tokio::runtime::scheduler::multi_thread::worker::run ()\n#4  0x000055555bd9506d in tokio::runtime::task::raw::poll ()\n#5  0x000055555bd86b52 in std::sys::backtrace::__rust_begin_short_backtrace ()\n#6  0x000055555bd89aea in core::ops::function::FnOnce::call_once{{vtable.shim}} ()\n#7  0x000055555bd7502a in std::sys::thread::unix::Thread::new::thread_start ()\n(More stack frames follow...)\n"
~"\nThread 18 (Thread 0x7ffff59af6c0 (LWP 2268726) \"tokio-rt-worker\"):\n"
~"#0  0x00007ffff7d2a2d2 in epoll_wait (epfd=3, events=0x36f6e300000, maxevents=1024, timeout=-1) at ../sysdeps/unix/sysv/linux/epoll_wait.c:30\n#1  0x000055555bd994ae in tokio::runtime::io::driver::Driver::turn ()\n#2  0x000055555bd9919d in tokio::runtime::time::Driver::park_internal ()\n#3  0x000055555bd97b94 in tokio::runtime::scheduler::multi_thread::worker::Context::park_internal ()\n#4  0x000055555bd96fec in tokio::runtime::scheduler::multi_thread::worker::run ()\n#5  0x000055555bd9506d in tokio::runtime::task::raw::poll ()\n#6  0x000055555bd86b52 in std::sys::backtrace::__rust_begin_short_backtrace ()\n#7  0x000055555bd89aea in core::ops::function::FnOnce::call_once{{vtable.shim}} ()\n(More stack frames follow...)\n"
~"\nThread 17 (Thread 0x7ffff5bb06c0 (LWP 2268725) \"qe-worker-15\"):\n"
~"#0  syscall () at ../sysdeps/unix/sysv/linux/x86_64/syscall.S:38\n#1  0x000055555ba4c877 in rayon_core::sleep::Sleep::sleep ()\n#2  0x000055555ba4c30b in rayon_core::registry::WorkerThread::wait_until_cold ()\n#3  0x000055555ba4bcd2 in std::sys::backtrace::__rust_begin_short_backtrace ()\n#4  0x000055555ba4ba3c in core::ops::function::FnOnce::call_once{{vtable.shim}} ()\n#5  0x000055555bd7502a in std::sys::thread::unix::Thread::new::thread_start ()\n#6  0x00007ffff7c9cb84 in start_thread (arg=<optimized out>) at ./nptl/pthread_create.c:447\n#7  0x00007ffff7d29ecc in clone3 () at ../sysdeps/unix/sysv/linux/x86_64/clone3.S:78\n"
~"\nThread 16 (Thread 0x7ffff5db16c0 (LWP 2268724) \"qe-worker-14\"):\n"
~"#0  syscall () at ../sysdeps/unix/sysv/linux/x86_64/syscall.S:38\n#1  0x000055555ba4c877 in rayon_core::sleep::Sleep::sleep ()\n#2  0x000055555ba4c30b in rayon_core::registry::WorkerThread::wait_until_cold ()\n#3  0x000055555ba4bcd2 in std::sys::backtrace::__rust_begin_short_backtrace ()\n#4  0x000055555ba4ba3c in core::ops::function::FnOnce::call_once{{vtable.shim}} ()\n#5  0x000055555bd7502a in std::sys::thread::unix::Thread::new::thread_start ()\n#6  0x00007ffff7c9cb84 in start_thread (arg=<optimized out>) at ./nptl/pthread_create.c:447\n#7  0x00007ffff7d29ecc in clone3 () at ../sysdeps/unix/sysv/linux/x86_64/clone3.S:78\n"
~"\nThread 15 (Thread 0x7ffff5fb26c0 (LWP 2268723) \"qe-worker-13\"):\n"
~"#0  syscall () at ../sysdeps/unix/sysv/linux/x86_64/syscall.S:38\n#1  0x000055555ba4c877 in rayon_core::sleep::Sleep::sleep ()\n#2  0x000055555ba4c30b in rayon_core::registry::WorkerThread::wait_until_cold ()\n#3  0x000055555ba4bcd2 in std::sys::backtrace::__rust_begin_short_backtrace ()\n#4  0x000055555ba4ba3c in core::ops::function::FnOnce::call_once{{vtable.shim}} ()\n#5  0x000055555bd7502a in std::sys::thread::unix::Thread::new::thread_start ()\n#6  0x00007ffff7c9cb84 in start_thread (arg=<optimized out>) at ./nptl/pthread_create.c:447\n#7  0x00007ffff7d29ecc in clone3 () at ../sysdeps/unix/sysv/linux/x86_64/clone3.S:78\n"
~"\nThread 14 (Thread 0x7ffff61b36c0 (LWP 2268722) \"qe-worker-12\"):\n"
~"#0  syscall () at ../sysdeps/unix/sysv/linux/x86_64/syscall.S:38\n#1  0x000055555ba4c877 in rayon_core::sleep::Sleep::sleep ()\n#2  0x000055555ba4c30b in rayon_core::registry::WorkerThread::wait_until_cold ()\n#3  0x000055555ba4bcd2 in std::sys::backtrace::__rust_begin_short_backtrace ()\n#4  0x000055555ba4ba3c in core::ops::function::FnOnce::call_once{{vtable.shim}} ()\n#5  0x000055555bd7502a in std::sys::thread::unix::Thread::new::thread_start ()\n#6  0x00007ffff7c9cb84 in start_thread (arg=<optimized out>) at ./nptl/pthread_create.c:447\n#7  0x00007ffff7d29ecc in clone3 () at ../sysdeps/unix/sysv/linux/x86_64/clone3.S:78\n"
~"\nThread 13 (Thread 0x7ffff63b46c0 (LWP 2268721) \"qe-worker-11\"):\n"
~"#0  syscall () at ../sysdeps/unix/sysv/linux/x86_64/syscall.S:38\n#1  0x000055555ba4c877 in rayon_core::sleep::Sleep::sleep ()\n#2  0x000055555ba4c30b in rayon_core::registry::WorkerThread::wait_until_cold ()\n#3  0x000055555ba4bcd2 in std::sys::backtrace::__rust_begin_short_backtrace ()\n#4  0x000055555ba4ba3c in core::ops::function::FnOnce::call_once{{vtable.shim}} ()\n#5  0x000055555bd7502a in std::sys::thread::unix::Thread::new::thread_start ()\n#6  0x00007ffff7c9cb84 in start_thread (arg=<optimized out>) at ./nptl/pthread_create.c:447\n#7  0x00007ffff7d29ecc in clone3 () at ../sysdeps/unix/sysv/linux/x86_64/clone3.S:78\n"
~"\nThread 12 (Thread 0x7ffff65b56c0 (LWP 2268720) \"qe-worker-10\"):\n"
~"#0  syscall () at ../sysdeps/unix/sysv/linux/x86_64/syscall.S:38\n#1  0x000055555ba4c877 in rayon_core::sleep::Sleep::sleep ()\n#2  0x000055555ba4c30b in rayon_core::registry::WorkerThread::wait_until_cold ()\n#3  0x000055555ba4bcd2 in std::sys::backtrace::__rust_begin_short_backtrace ()\n#4  0x000055555ba4ba3c in core::ops::function::FnOnce::call_once{{vtable.shim}} ()\n#5  0x000055555bd7502a in std::sys::thread::unix::Thread::new::thread_start ()\n#6  0x00007ffff7c9cb84 in start_thread (arg=<optimized out>) at ./nptl/pthread_create.c:447\n#7  0x00007ffff7d29ecc in clone3 () at ../sysdeps/unix/sysv/linux/x86_64/clone3.S:78\n"
~"\nThread 11 (Thread 0x7ffff67b66c0 (LWP 2268719) \"qe-worker-9\"):\n"
~"#0  syscall () at ../sysdeps/unix/sysv/linux/x86_64/syscall.S:38\n#1  0x000055555ba4c877 in rayon_core::sleep::Sleep::sleep ()\n#2  0x000055555ba4c30b in rayon_core::registry::WorkerThread::wait_until_cold ()\n#3  0x000055555ba4bcd2 in std::sys::backtrace::__rust_begin_short_backtrace ()\n#4  0x000055555ba4ba3c in core::ops::function::FnOnce::call_once{{vtable.shim}} ()\n#5  0x000055555bd7502a in std::sys::thread::unix::Thread::new::thread_start ()\n#6  0x00007ffff7c9cb84 in start_thread (arg=<optimized out>) at ./nptl/pthread_create.c:447\n#7  0x00007ffff7d29ecc in clone3 () at ../sysdeps/unix/sysv/linux/x86_64/clone3.S:78\n"
~"\nThread 10 (Thread 0x7ffff69b76c0 (LWP 2268718) \"qe-worker-8\"):\n"
~"#0  syscall () at ../sysdeps/unix/sysv/linux/x86_64/syscall.S:38\n#1  0x000055555ba4c877 in rayon_core::sleep::Sleep::sleep ()\n#2  0x000055555ba4c30b in rayon_core::registry::WorkerThread::wait_until_cold ()\n#3  0x000055555ba4bcd2 in std::sys::backtrace::__rust_begin_short_backtrace ()\n#4  0x000055555ba4ba3c in core::ops::function::FnOnce::call_once{{vtable.shim}} ()\n#5  0x000055555bd7502a in std::sys::thread::unix::Thread::new::thread_start ()\n#6  0x00007ffff7c9cb84 in start_thread (arg=<optimized out>) at ./nptl/pthread_create.c:447\n#7  0x00007ffff7d29ecc in clone3 () at ../sysdeps/unix/sysv/linux/x86_64/clone3.S:78\n"
~"\nThread 9 (Thread 0x7ffff6bb86c0 (LWP 2268717) \"qe-worker-7\"):\n"
~"#0  syscall () at ../sysdeps/unix/sysv/linux/x86_64/syscall.S:38\n#1  0x000055555ba4c877 in rayon_core::sleep::Sleep::sleep ()\n#2  0x000055555ba4c30b in rayon_core::registry::WorkerThread::wait_until_cold ()\n#3  0x000055555ba4bcd2 in std::sys::backtrace::__rust_begin_short_backtrace ()\n#4  0x000055555ba4ba3c in core::ops::function::FnOnce::call_once{{vtable.shim}} ()\n#5  0x000055555bd7502a in std::sys::thread::unix::Thread::new::thread_start ()\n#6  0x00007ffff7c9cb84 in start_thread (arg=<optimized out>) at ./nptl/pthread_create.c:447\n#7  0x00007ffff7d29ecc in clone3 () at ../sysdeps/unix/sysv/linux/x86_64/clone3.S:78\n"
~"\nThread 8 (Thread 0x7ffff6db96c0 (LWP 2268716) \"qe-worker-6\"):\n"
~"#0  syscall () at ../sysdeps/unix/sysv/linux/x86_64/syscall.S:38\n#1  0x000055555ba4c877 in rayon_core::sleep::Sleep::sleep ()\n#2  0x000055555ba4c30b in rayon_core::registry::WorkerThread::wait_until_cold ()\n#3  0x000055555ba4bcd2 in std::sys::backtrace::__rust_begin_short_backtrace ()\n#4  0x000055555ba4ba3c in core::ops::function::FnOnce::call_once{{vtable.shim}} ()\n#5  0x000055555bd7502a in std::sys::thread::unix::Thread::new::thread_start ()\n#6  0x00007ffff7c9cb84 in start_thread (arg=<optimized out>) at ./nptl/pthread_create.c:447\n#7  0x00007ffff7d29ecc in clone3 () at ../sysdeps/unix/sysv/linux/x86_64/clone3.S:78\n"
~"\nThread 7 (Thread 0x7ffff6fba6c0 (LWP 2268715) \"qe-worker-5\"):\n"
~"#0  syscall () at ../sysdeps/unix/sysv/linux/x86_64/syscall.S:38\n#1  0x000055555ba4c877 in rayon_core::sleep::Sleep::sleep ()\n#2  0x000055555ba4c30b in rayon_core::registry::WorkerThread::wait_until_cold ()\n#3  0x000055555ba4bcd2 in std::sys::backtrace::__rust_begin_short_backtrace ()\n#4  0x000055555ba4ba3c in core::ops::function::FnOnce::call_once{{vtable.shim}} ()\n#5  0x000055555bd7502a in std::sys::thread::unix::Thread::new::thread_start ()\n#6  0x00007ffff7c9cb84 in start_thread (arg=<optimized out>) at ./nptl/pthread_create.c:447\n#7  0x00007ffff7d29ecc in clone3 () at ../sysdeps/unix/sysv/linux/x86_64/clone3.S:78\n"
~"\nThread 6 (Thread 0x7ffff71bb6c0 (LWP 2268714) \"qe-worker-4\"):\n"
~"#0  syscall () at ../sysdeps/unix/sysv/linux/x86_64/syscall.S:38\n#1  0x000055555ba4c877 in rayon_core::sleep::Sleep::sleep ()\n#2  0x000055555ba4c30b in rayon_core::registry::WorkerThread::wait_until_cold ()\n#3  0x000055555ba4bcd2 in std::sys::backtrace::__rust_begin_short_backtrace ()\n#4  0x000055555ba4ba3c in core::ops::function::FnOnce::call_once{{vtable.shim}} ()\n#5  0x000055555bd7502a in std::sys::thread::unix::Thread::new::thread_start ()\n#6  0x00007ffff7c9cb84 in start_thread (arg=<optimized out>) at ./nptl/pthread_create.c:447\n#7  0x00007ffff7d29ecc in clone3 () at ../sysdeps/unix/sysv/linux/x86_64/clone3.S:78\n"
~"\nThread 5 (Thread 0x7ffff73bc6c0 (LWP 2268713) \"qe-worker-3\"):\n"
~"#0  syscall () at ../sysdeps/unix/sysv/linux/x86_64/syscall.S:38\n#1  0x000055555ba4c877 in rayon_core::sleep::Sleep::sleep ()\n#2  0x000055555ba4c30b in rayon_core::registry::WorkerThread::wait_until_cold ()\n#3  0x000055555ba4bcd2 in std::sys::backtrace::__rust_begin_short_backtrace ()\n#4  0x000055555ba4ba3c in core::ops::function::FnOnce::call_once{{vtable.shim}} ()\n#5  0x000055555bd7502a in std::sys::thread::unix::Thread::new::thread_start ()\n#6  0x00007ffff7c9cb84 in start_thread (arg=<optimized out>) at ./nptl/pthread_create.c:447\n#7  0x00007ffff7d29ecc in clone3 () at ../sysdeps/unix/sysv/linux/x86_64/clone3.S:78\n"
~"\nThread 4 (Thread 0x7ffff75bd6c0 (LWP 2268712) \"qe-worker-2\"):\n"
~"#0  syscall () at ../sysdeps/unix/sysv/linux/x86_64/syscall.S:38\n#1  0x000055555ba4c877 in rayon_core::sleep::Sleep::sleep ()\n#2  0x000055555ba4c30b in rayon_core::registry::WorkerThread::wait_until_cold ()\n#3  0x000055555ba4bcd2 in std::sys::backtrace::__rust_begin_short_backtrace ()\n#4  0x000055555ba4ba3c in core::ops::function::FnOnce::call_once{{vtable.shim}} ()\n#5  0x000055555bd7502a in std::sys::thread::unix::Thread::new::thread_start ()\n#6  0x00007ffff7c9cb84 in start_thread (arg=<optimized out>) at ./nptl/pthread_create.c:447\n#7  0x00007ffff7d29ecc in clone3 () at ../sysdeps/unix/sysv/linux/x86_64/clone3.S:78\n"
~"\nThread 3 (Thread 0x7ffff77be6c0 (LWP 2268711) \"qe-worker-1\"):\n"
~"#0  syscall () at ../sysdeps/unix/sysv/linux/x86_64/syscall.S:38\n#1  0x000055555ba4c877 in rayon_core::sleep::Sleep::sleep ()\n#2  0x000055555ba4c30b in rayon_core::registry::WorkerThread::wait_until_cold ()\n#3  0x000055555ba4bcd2 in std::sys::backtrace::__rust_begin_short_backtrace ()\n#4  0x000055555ba4ba3c in core::ops::function::FnOnce::call_once{{vtable.shim}} ()\n#5  0x000055555bd7502a in std::sys::thread::unix::Thread::new::thread_start ()\n#6  0x00007ffff7c9cb84 in start_thread (arg=<optimized out>) at ./nptl/pthread_create.c:447\n#7  0x00007ffff7d29ecc in clone3 () at ../sysdeps/unix/sysv/linux/x86_64/clone3.S:78\n"
~"\nThread 2 (Thread 0x7ffff79bf6c0 (LWP 2268710) \"qe-worker-0\"):\n"
~"#0  syscall () at ../sysdeps/unix/sysv/linux/x86_64/syscall.S:38\n#1  0x000055555ba4c877 in rayon_core::sleep::Sleep::sleep ()\n#2  0x000055555ba4c30b in rayon_core::registry::WorkerThread::wait_until_cold ()\n#3  0x000055555ba4bcd2 in std::sys::backtrace::__rust_begin_short_backtrace ()\n#4  0x000055555ba4ba3c in core::ops::function::FnOnce::call_once{{vtable.shim}} ()\n#5  0x000055555bd7502a in std::sys::thread::unix::Thread::new::thread_start ()\n#6  0x00007ffff7c9cb84 in start_thread (arg=<optimized out>) at ./nptl/pthread_create.c:447\n#7  0x00007ffff7d29ecc in clone3 () at ../sysdeps/unix/sysv/linux/x86_64/clone3.S:78\n"
~"\nThread 1 (Thread 0x7ffff7e8d100 (LWP 2268699) \"serial_frontier\"):\n"
~"#0  syscall () at ../sysdeps/unix/sysv/linux/x86_64/syscall.S:38\n#1  0x000055555ba4d835 in rayon_core::latch::LockLatch::wait_and_reset ()\n#2  0x000055555b531e43 in rayon_core::registry::Registry::in_worker_cold ()\n#3  0x000055555b523e4e in rayon::iter::plumbing::bridge_producer_consumer::helper ()\n#4  0x000055555b4a1e2a in query_engine::physical::morsel_agg::live_spill::execute::{{closure}} ()\n#5  0x000055555b4930c1 in <query_engine::physical::operators::spillable::SpillableHashAggregateExec as query_engine::physical::plan::PhysicalOperator>::execute::{{closure}} ()\n#6  0x000055555b632182 in <query_engine::physical::operators::project::ProjectExec as query_engine::physical::plan::PhysicalOperator>::execute::{{closure}} ()\n#7  0x000055555b4a7680 in query_engine::physical::operators::spillable::stream_merge_input_partitions::{{closure}} ()\n(More stack frames follow...)\n"
56^done
(gdb) 
57^running
*running,thread-id="all"
(gdb) 
58^done
(gdb) 
~"\nThread "
~"1 \"serial_frontier\" received signal SIGINT, Interrupt.\n"
~"syscall () at ../sysdeps/unix/sysv/linux/x86_64/syscall.S:38\n"
~"38\tin ../sysdeps/unix/sysv/linux/x86_64/syscall.S\n"
*stopped,reason="signal-received",signal-name="SIGINT",signal-meaning="Interrupt",frame={addr="0x00007ffff7d2752d",func="syscall",args=[],file="../sysdeps/unix/sysv/linux/x86_64/syscall.S",fullname="./misc/../sysdeps/unix/sysv/linux/x86_64/syscall.S",line="38",arch="i386:x86-64"},thread-id="1",stopped-threads="all",core="9"
~"\nThread 34 (Thread 0x7fff877fb6c0 (LWP 2268742) \"tokio-rt-worker\"):\n"
~"#0  syscall () at ../sysdeps/unix/sysv/linux/x86_64/syscall.S:38\n#1  0x000055555afdfe97 in parking_lot::condvar::Condvar::wait_until_internal ()\n#2  0x000055555bd86bfa in std::sys::backtrace::__rust_begin_short_backtrace ()\n#3  0x000055555bd89aea in core::ops::function::FnOnce::call_once{{vtable.shim}} ()\n#4  0x000055555bd7502a in std::sys::thread::unix::Thread::new::thread_start ()\n#5  0x00007ffff7c9cb84 in start_thread (arg=<optimized out>) at ./nptl/pthread_create.c:447\n#6  0x00007ffff7d29ecc in clone3 () at ../sysdeps/unix/sysv/linux/x86_64/clone3.S:78\n"
~"\nThread 33 (Thread 0x7fff879fc6c0 (LWP 2268741) \"tokio-rt-worker\"):\n"
~"#0  syscall () at ../sysdeps/unix/sysv/linux/x86_64/syscall.S:38\n#1  0x000055555afdfe39 in parking_lot::condvar::Condvar::wait_until_internal ()\n#2  0x000055555bd97d50 in tokio::runtime::scheduler::multi_thread::worker::Context::park_internal ()\n#3  0x000055555bd96fec in tokio::runtime::scheduler::multi_thread::worker::run ()\n#4  0x000055555bd9506d in tokio::runtime::task::raw::poll ()\n#5  0x000055555bd86b52 in std::sys::backtrace::__rust_begin_short_backtrace ()\n#6  0x000055555bd89aea in core::ops::function::FnOnce::call_once{{vtable.shim}} ()\n#7  0x000055555bd7502a in std::sys::thread::unix::Thread::new::thread_start ()\n(More stack frames follow...)\n"
~"\nThread 32 (Thread 0x7fff87bfd6c0 (LWP 2268740) \"tokio-rt-worker\"):\n"
~"#0  syscall () at ../sysdeps/unix/sysv/linux/x86_64/syscall.S:38\n#1  0x000055555afdfe39 in parking_lot::condvar::Condvar::wait_until_internal ()\n#2  0x000055555bd97d50 in tokio::runtime::scheduler::multi_thread::worker::Context::park_internal ()\n#3  0x000055555bd96fec in tokio::runtime::scheduler::multi_thread::worker::run ()\n#4  0x000055555bd9506d in tokio::runtime::task::raw::poll ()\n#5  0x000055555bd86b52 in std::sys::backtrace::__rust_begin_short_backtrace ()\n#6  0x000055555bd89aea in core::ops::function::FnOnce::call_once{{vtable.shim}} ()\n#7  0x000055555bd7502a in std::sys::thread::unix::Thread::new::thread_start ()\n(More stack frames follow...)\n"
~"\nThread 31 (Thread 0x7fff87dfe6c0 (LWP 2268739) \"tokio-rt-worker\"):\n"
~"#0  syscall () at ../sysdeps/unix/sysv/linux/x86_64/syscall.S:38\n#1  0x000055555afdfe39 in parking_lot::condvar::Condvar::wait_until_internal ()\n#2  0x000055555bd97d50 in tokio::runtime::scheduler::multi_thread::worker::Context::park_internal ()\n#3  0x000055555bd96fec in tokio::runtime::scheduler::multi_thread::worker::run ()\n#4  0x000055555bd9506d in tokio::runtime::task::raw::poll ()\n#5  0x000055555bd86b52 in std::sys::backtrace::__rust_begin_short_backtrace ()\n#6  0x000055555bd89aea in core::ops::function::FnOnce::call_once{{vtable.shim}} ()\n#7  0x000055555bd7502a in std::sys::thread::unix::Thread::new::thread_start ()\n(More stack frames follow...)\n"
~"\nThread 30 (Thread 0x7fff87fff6c0 (LWP 2268738) \"tokio-rt-worker\"):\n"
~"#0  syscall () at ../sysdeps/unix/sysv/linux/x86_64/syscall.S:38\n#1  0x000055555afdfe39 in parking_lot::condvar::Condvar::wait_until_internal ()\n#2  0x000055555bd97d50 in tokio::runtime::scheduler::multi_thread::worker::Context::park_internal ()\n#3  0x000055555bd96fec in tokio::runtime::scheduler::multi_thread::worker::run ()\n#4  0x000055555bd9506d in tokio::runtime::task::raw::poll ()\n#5  0x000055555bd86b52 in std::sys::backtrace::__rust_begin_short_backtrace ()\n#6  0x000055555bd89aea in core::ops::function::FnOnce::call_once{{vtable.shim}} ()\n#7  0x000055555bd7502a in std::sys::thread::unix::Thread::new::thread_start ()\n(More stack frames follow...)\n"
~"\nThread 29 (Thread 0x7ffff43a46c0 (LWP 2268737) \"tokio-rt-worker\"):\n"
~"#0  syscall () at ../sysdeps/unix/sysv/linux/x86_64/syscall.S:38\n#1  0x000055555afdfe39 in parking_lot::condvar::Condvar::wait_until_internal ()\n#2  0x000055555bd97d50 in tokio::runtime::scheduler::multi_thread::worker::Context::park_internal ()\n#3  0x000055555bd96fec in tokio::runtime::scheduler::multi_thread::worker::run ()\n#4  0x000055555bd9506d in tokio::runtime::task::raw::poll ()\n#5  0x000055555bd86b52 in std::sys::backtrace::__rust_begin_short_backtrace ()\n#6  0x000055555bd89aea in core::ops::function::FnOnce::call_once{{vtable.shim}} ()\n#7  0x000055555bd7502a in std::sys::thread::unix::Thread::new::thread_start ()\n(More stack frames follow...)\n"
~"\nThread 28 (Thread 0x7ffff45a56c0 (LWP 2268736) \"tokio-rt-worker\"):\n"
~"#0  syscall () at ../sysdeps/unix/sysv/linux/x86_64/syscall.S:38\n#1  0x000055555afdfe39 in parking_lot::condvar::Condvar::wait_until_internal ()\n#2  0x000055555bd97d50 in tokio::runtime::scheduler::multi_thread::worker::Context::park_internal ()\n#3  0x000055555bd96fec in tokio::runtime::scheduler::multi_thread::worker::run ()\n#4  0x000055555bd9506d in tokio::runtime::task::raw::poll ()\n#5  0x000055555bd86b52 in std::sys::backtrace::__rust_begin_short_backtrace ()\n#6  0x000055555bd89aea in core::ops::function::FnOnce::call_once{{vtable.shim}} ()\n#7  0x000055555bd7502a in std::sys::thread::unix::Thread::new::thread_start ()\n(More stack frames follow...)\n"
~"\nThread 27 (Thread 0x7ffff47a66c0 (LWP 2268735) \"tokio-rt-worker\"):\n"
~"#0  syscall () at ../sysdeps/unix/sysv/linux/x86_64/syscall.S:38\n#1  0x000055555afdfe39 in parking_lot::condvar::Condvar::wait_until_internal ()\n#2  0x000055555bd97d50 in tokio::runtime::scheduler::multi_thread::worker::Context::park_internal ()\n#3  0x000055555bd96fec in tokio::runtime::scheduler::multi_thread::worker::run ()\n#4  0x000055555bd9506d in tokio::runtime::task::raw::poll ()\n#5  0x000055555bd86b52 in std::sys::backtrace::__rust_begin_short_backtrace ()\n#6  0x000055555bd89aea in core::ops::function::FnOnce::call_once{{vtable.shim}} ()\n#7  0x000055555bd7502a in std::sys::thread::unix::Thread::new::thread_start ()\n(More stack frames follow...)\n"
~"\nThread 26 (Thread 0x7ffff49a76c0 (LWP 2268734) \"tokio-rt-worker\"):\n"
~"#0  syscall () at ../sysdeps/unix/sysv/linux/x86_64/syscall.S:38\n#1  0x000055555afdfe39 in parking_lot::condvar::Condvar::wait_until_internal ()\n#2  0x000055555bd97d50 in tokio::runtime::scheduler::multi_thread::worker::Context::park_internal ()\n#3  0x000055555bd96fec in tokio::runtime::scheduler::multi_thread::worker::run ()\n#4  0x000055555bd9506d in tokio::runtime::task::raw::poll ()\n#5  0x000055555bd86b52 in std::sys::backtrace::__rust_begin_short_backtrace ()\n#6  0x000055555bd89aea in core::ops::function::FnOnce::call_once{{vtable.shim}} ()\n#7  0x000055555bd7502a in std::sys::thread::unix::Thread::new::thread_start ()\n(More stack frames follow...)\n"
~"\nThread 25 (Thread 0x7ffff4ba86c0 (LWP 2268733) \"tokio-rt-worker\"):\n"
~"#0  syscall () at ../sysdeps/unix/sysv/linux/x86_64/syscall.S:38\n#1  0x000055555afdfe39 in parking_lot::condvar::Condvar::wait_until_internal ()\n#2  0x000055555bd97d50 in tokio::runtime::scheduler::multi_thread::worker::Context::park_internal ()\n#3  0x000055555bd96fec in tokio::runtime::scheduler::multi_thread::worker::run ()\n#4  0x000055555bd9506d in tokio::runtime::task::raw::poll ()\n#5  0x000055555bd86b52 in std::sys::backtrace::__rust_begin_short_backtrace ()\n#6  0x000055555bd89aea in core::ops::function::FnOnce::call_once{{vtable.shim}} ()\n#7  0x000055555bd7502a in std::sys::thread::unix::Thread::new::thread_start ()\n(More stack frames follow...)\n"
~"\nThread 24 (Thread 0x7ffff4da96c0 (LWP 2268732) \"tokio-rt-worker\"):\n"
~"#0  syscall () at ../sysdeps/unix/sysv/linux/x86_64/syscall.S:38\n#1  0x000055555afdfe39 in parking_lot::condvar::Condvar::wait_until_internal ()\n#2  0x000055555bd97d50 in tokio::runtime::scheduler::multi_thread::worker::Context::park_internal ()\n#3  0x000055555bd96fec in tokio::runtime::scheduler::multi_thread::worker::run ()\n#4  0x000055555bd9506d in tokio::runtime::task::raw::poll ()\n#5  0x000055555bd86b52 in std::sys::backtrace::__rust_begin_short_backtrace ()\n#6  0x000055555bd89aea in core::ops::function::FnOnce::call_once{{vtable.shim}} ()\n#7  0x000055555bd7502a in std::sys::thread::unix::Thread::new::thread_start ()\n(More stack frames follow...)\n"
~"\nThread 23 (Thread 0x7ffff4faa6c0 (LWP 2268731) \"tokio-rt-worker\"):\n"
~"#0  syscall () at ../sysdeps/unix/sysv/linux/x86_64/syscall.S:38\n#1  0x000055555afdfe39 in parking_lot::condvar::Condvar::wait_until_internal ()\n#2  0x000055555bd97d50 in tokio::runtime::scheduler::multi_thread::worker::Context::park_internal ()\n#3  0x000055555bd96fec in tokio::runtime::scheduler::multi_thread::worker::run ()\n#4  0x000055555bd9506d in tokio::runtime::task::raw::poll ()\n#5  0x000055555bd86b52 in std::sys::backtrace::__rust_begin_short_backtrace ()\n#6  0x000055555bd89aea in core::ops::function::FnOnce::call_once{{vtable.shim}} ()\n#7  0x000055555bd7502a in std::sys::thread::unix::Thread::new::thread_start ()\n(More stack frames follow...)\n"
~"\nThread 22 (Thread 0x7ffff51ab6c0 (LWP 2268730) \"tokio-rt-worker\"):\n"
~"#0  syscall () at ../sysdeps/unix/sysv/linux/x86_64/syscall.S:38\n#1  0x000055555afdfe39 in parking_lot::condvar::Condvar::wait_until_internal ()\n#2  0x000055555bd97d50 in tokio::runtime::scheduler::multi_thread::worker::Context::park_internal ()\n#3  0x000055555bd96fec in tokio::runtime::scheduler::multi_thread::worker::run ()\n#4  0x000055555bd9506d in tokio::runtime::task::raw::poll ()\n#5  0x000055555bd86b52 in std::sys::backtrace::__rust_begin_short_backtrace ()\n#6  0x000055555bd89aea in core::ops::function::FnOnce::call_once{{vtable.shim}} ()\n#7  0x000055555bd7502a in std::sys::thread::unix::Thread::new::thread_start ()\n(More stack frames follow...)\n"
~"\nThread 21 (Thread 0x7ffff53ac6c0 (LWP 2268729) \"tokio-rt-worker\"):\n"
~"#0  syscall () at ../sysdeps/unix/sysv/linux/x86_64/syscall.S:38\n#1  0x000055555afdfe39 in parking_lot::condvar::Condvar::wait_until_internal ()\n#2  0x000055555bd97d50 in tokio::runtime::scheduler::multi_thread::worker::Context::park_internal ()\n#3  0x000055555bd96fec in tokio::runtime::scheduler::multi_thread::worker::run ()\n#4  0x000055555bd9506d in tokio::runtime::task::raw::poll ()\n#5  0x000055555bd86b52 in std::sys::backtrace::__rust_begin_short_backtrace ()\n#6  0x000055555bd89aea in core::ops::function::FnOnce::call_once{{vtable.shim}} ()\n#7  0x000055555bd7502a in std::sys::thread::unix::Thread::new::thread_start ()\n(More stack frames follow...)\n"
~"\nThread 20 (Thread 0x7ffff55ad6c0 (LWP 2268728) \"tokio-rt-worker\"):\n"
~"#0  syscall () at ../sysdeps/unix/sysv/linux/x86_64/syscall.S:38\n#1  0x000055555afdfe39 in parking_lot::condvar::Condvar::wait_until_internal ()\n#2  0x000055555bd97d50 in tokio::runtime::scheduler::multi_thread::worker::Context::park_internal ()\n#3  0x000055555bd96fec in tokio::runtime::scheduler::multi_thread::worker::run ()\n#4  0x000055555bd9506d in tokio::runtime::task::raw::poll ()\n#5  0x000055555bd86b52 in std::sys::backtrace::__rust_begin_short_backtrace ()\n#6  0x000055555bd89aea in core::ops::function::FnOnce::call_once{{vtable.shim}} ()\n#7  0x000055555bd7502a in std::sys::thread::unix::Thread::new::thread_start ()\n(More stack frames follow...)\n"
~"\nThread 19 (Thread 0x7ffff57ae6c0 (LWP 2268727) \"tokio-rt-worker\"):\n"
~"#0  syscall () at ../sysdeps/unix/sysv/linux/x86_64/syscall.S:38\n#1  0x000055555afdfe39 in parking_lot::condvar::Condvar::wait_until_internal ()\n#2  0x000055555bd97d50 in tokio::runtime::scheduler::multi_thread::worker::Context::park_internal ()\n#3  0x000055555bd96fec in tokio::runtime::scheduler::multi_thread::worker::run ()\n#4  0x000055555bd9506d in tokio::runtime::task::raw::poll ()\n#5  0x000055555bd86b52 in std::sys::backtrace::__rust_begin_short_backtrace ()\n#6  0x000055555bd89aea in core::ops::function::FnOnce::call_once{{vtable.shim}} ()\n#7  0x000055555bd7502a in std::sys::thread::unix::Thread::new::thread_start ()\n(More stack frames follow...)\n"
~"\nThread 18 (Thread 0x7ffff59af6c0 (LWP 2268726) \"tokio-rt-worker\"):\n"
~"#0  0x00007ffff7d2a2d2 in epoll_wait (epfd=3, events=0x36f6e300000, maxevents=1024, timeout=-1) at ../sysdeps/unix/sysv/linux/epoll_wait.c:30\n#1  0x000055555bd994ae in tokio::runtime::io::driver::Driver::turn ()\n#2  0x000055555bd9919d in tokio::runtime::time::Driver::park_internal ()\n#3  0x000055555bd97b94 in tokio::runtime::scheduler::multi_thread::worker::Context::park_internal ()\n#4  0x000055555bd96fec in tokio::runtime::scheduler::multi_thread::worker::run ()\n#5  0x000055555bd9506d in tokio::runtime::task::raw::poll ()\n#6  0x000055555bd86b52 in std::sys::backtrace::__rust_begin_short_backtrace ()\n#7  0x000055555bd89aea in core::ops::function::FnOnce::call_once{{vtable.shim}} ()\n(More stack frames follow...)\n"
~"\nThread 17 (Thread 0x7ffff5bb06c0 (LWP 2268725) \"qe-worker-15\"):\n"
~"#0  syscall () at ../sysdeps/unix/sysv/linux/x86_64/syscall.S:38\n#1  0x000055555ba4c877 in rayon_core::sleep::Sleep::sleep ()\n#2  0x000055555ba4c30b in rayon_core::registry::WorkerThread::wait_until_cold ()\n#3  0x000055555ba4bcd2 in std::sys::backtrace::__rust_begin_short_backtrace ()\n#4  0x000055555ba4ba3c in core::ops::function::FnOnce::call_once{{vtable.shim}} ()\n#5  0x000055555bd7502a in std::sys::thread::unix::Thread::new::thread_start ()\n#6  0x00007ffff7c9cb84 in start_thread (arg=<optimized out>) at ./nptl/pthread_create.c:447\n#7  0x00007ffff7d29ecc in clone3 () at ../sysdeps/unix/sysv/linux/x86_64/clone3.S:78\n"
~"\nThread 16 (Thread 0x7ffff5db16c0 (LWP 2268724) \"qe-worker-14\"):\n"
~"#0  syscall () at ../sysdeps/unix/sysv/linux/x86_64/syscall.S:38\n#1  0x000055555ba4c877 in rayon_core::sleep::Sleep::sleep ()\n#2  0x000055555ba4c30b in rayon_core::registry::WorkerThread::wait_until_cold ()\n#3  0x000055555ba4bcd2 in std::sys::backtrace::__rust_begin_short_backtrace ()\n#4  0x000055555ba4ba3c in core::ops::function::FnOnce::call_once{{vtable.shim}} ()\n#5  0x000055555bd7502a in std::sys::thread::unix::Thread::new::thread_start ()\n#6  0x00007ffff7c9cb84 in start_thread (arg=<optimized out>) at ./nptl/pthread_create.c:447\n#7  0x00007ffff7d29ecc in clone3 () at ../sysdeps/unix/sysv/linux/x86_64/clone3.S:78\n"
~"\nThread 15 (Thread 0x7ffff5fb26c0 (LWP 2268723) \"qe-worker-13\"):\n"
~"#0  syscall () at ../sysdeps/unix/sysv/linux/x86_64/syscall.S:38\n#1  0x000055555ba4c877 in rayon_core::sleep::Sleep::sleep ()\n#2  0x000055555ba4c30b in rayon_core::registry::WorkerThread::wait_until_cold ()\n#3  0x000055555ba4bcd2 in std::sys::backtrace::__rust_begin_short_backtrace ()\n#4  0x000055555ba4ba3c in core::ops::function::FnOnce::call_once{{vtable.shim}} ()\n#5  0x000055555bd7502a in std::sys::thread::unix::Thread::new::thread_start ()\n#6  0x00007ffff7c9cb84 in start_thread (arg=<optimized out>) at ./nptl/pthread_create.c:447\n#7  0x00007ffff7d29ecc in clone3 () at ../sysdeps/unix/sysv/linux/x86_64/clone3.S:78\n"
~"\nThread 14 (Thread 0x7ffff61b36c0 (LWP 2268722) \"qe-worker-12\"):\n"
~"#0  syscall () at ../sysdeps/unix/sysv/linux/x86_64/syscall.S:38\n#1  0x000055555ba4c877 in rayon_core::sleep::Sleep::sleep ()\n#2  0x000055555ba4c30b in rayon_core::registry::WorkerThread::wait_until_cold ()\n#3  0x000055555ba4bcd2 in std::sys::backtrace::__rust_begin_short_backtrace ()\n#4  0x000055555ba4ba3c in core::ops::function::FnOnce::call_once{{vtable.shim}} ()\n#5  0x000055555bd7502a in std::sys::thread::unix::Thread::new::thread_start ()\n#6  0x00007ffff7c9cb84 in start_thread (arg=<optimized out>) at ./nptl/pthread_create.c:447\n#7  0x00007ffff7d29ecc in clone3 () at ../sysdeps/unix/sysv/linux/x86_64/clone3.S:78\n"
~"\nThread 13 (Thread 0x7ffff63b46c0 (LWP 2268721) \"qe-worker-11\"):\n"
~"#0  syscall () at ../sysdeps/unix/sysv/linux/x86_64/syscall.S:38\n#1  0x000055555ba4c877 in rayon_core::sleep::Sleep::sleep ()\n#2  0x000055555ba4c30b in rayon_core::registry::WorkerThread::wait_until_cold ()\n#3  0x000055555ba4bcd2 in std::sys::backtrace::__rust_begin_short_backtrace ()\n#4  0x000055555ba4ba3c in core::ops::function::FnOnce::call_once{{vtable.shim}} ()\n#5  0x000055555bd7502a in std::sys::thread::unix::Thread::new::thread_start ()\n#6  0x00007ffff7c9cb84 in start_thread (arg=<optimized out>) at ./nptl/pthread_create.c:447\n#7  0x00007ffff7d29ecc in clone3 () at ../sysdeps/unix/sysv/linux/x86_64/clone3.S:78\n"
~"\nThread 12 (Thread 0x7ffff65b56c0 (LWP 2268720) \"qe-worker-10\"):\n"
~"#0  syscall () at ../sysdeps/unix/sysv/linux/x86_64/syscall.S:38\n#1  0x000055555ba4c877 in rayon_core::sleep::Sleep::sleep ()\n#2  0x000055555ba4c30b in rayon_core::registry::WorkerThread::wait_until_cold ()\n#3  0x000055555ba4bcd2 in std::sys::backtrace::__rust_begin_short_backtrace ()\n#4  0x000055555ba4ba3c in core::ops::function::FnOnce::call_once{{vtable.shim}} ()\n#5  0x000055555bd7502a in std::sys::thread::unix::Thread::new::thread_start ()\n#6  0x00007ffff7c9cb84 in start_thread (arg=<optimized out>) at ./nptl/pthread_create.c:447\n#7  0x00007ffff7d29ecc in clone3 () at ../sysdeps/unix/sysv/linux/x86_64/clone3.S:78\n"
~"\nThread 11 (Thread 0x7ffff67b66c0 (LWP 2268719) \"qe-worker-9\"):\n"
~"#0  syscall () at ../sysdeps/unix/sysv/linux/x86_64/syscall.S:38\n#1  0x000055555ba4c877 in rayon_core::sleep::Sleep::sleep ()\n#2  0x000055555ba4c30b in rayon_core::registry::WorkerThread::wait_until_cold ()\n#3  0x000055555ba4bcd2 in std::sys::backtrace::__rust_begin_short_backtrace ()\n#4  0x000055555ba4ba3c in core::ops::function::FnOnce::call_once{{vtable.shim}} ()\n#5  0x000055555bd7502a in std::sys::thread::unix::Thread::new::thread_start ()\n#6  0x00007ffff7c9cb84 in start_thread (arg=<optimized out>) at ./nptl/pthread_create.c:447\n#7  0x00007ffff7d29ecc in clone3 () at ../sysdeps/unix/sysv/linux/x86_64/clone3.S:78\n"
~"\nThread 10 (Thread 0x7ffff69b76c0 (LWP 2268718) \"qe-worker-8\"):\n"
~"#0  syscall () at ../sysdeps/unix/sysv/linux/x86_64/syscall.S:38\n#1  0x000055555ba4c877 in rayon_core::sleep::Sleep::sleep ()\n#2  0x000055555ba4c30b in rayon_core::registry::WorkerThread::wait_until_cold ()\n#3  0x000055555ba4bcd2 in std::sys::backtrace::__rust_begin_short_backtrace ()\n#4  0x000055555ba4ba3c in core::ops::function::FnOnce::call_once{{vtable.shim}} ()\n#5  0x000055555bd7502a in std::sys::thread::unix::Thread::new::thread_start ()\n#6  0x00007ffff7c9cb84 in start_thread (arg=<optimized out>) at ./nptl/pthread_create.c:447\n#7  0x00007ffff7d29ecc in clone3 () at ../sysdeps/unix/sysv/linux/x86_64/clone3.S:78\n"
~"\nThread 9 (Thread 0x7ffff6bb86c0 (LWP 2268717) \"qe-worker-7\"):\n"
~"#0  syscall () at ../sysdeps/unix/sysv/linux/x86_64/syscall.S:38\n#1  0x000055555ba4c877 in rayon_core::sleep::Sleep::sleep ()\n#2  0x000055555ba4c30b in rayon_core::registry::WorkerThread::wait_until_cold ()\n#3  0x000055555ba4bcd2 in std::sys::backtrace::__rust_begin_short_backtrace ()\n#4  0x000055555ba4ba3c in core::ops::function::FnOnce::call_once{{vtable.shim}} ()\n#5  0x000055555bd7502a in std::sys::thread::unix::Thread::new::thread_start ()\n#6  0x00007ffff7c9cb84 in start_thread (arg=<optimized out>) at ./nptl/pthread_create.c:447\n#7  0x00007ffff7d29ecc in clone3 () at ../sysdeps/unix/sysv/linux/x86_64/clone3.S:78\n"
~"\nThread 8 (Thread 0x7ffff6db96c0 (LWP 2268716) \"qe-worker-6\"):\n"
~"#0  syscall () at ../sysdeps/unix/sysv/linux/x86_64/syscall.S:38\n#1  0x000055555ba4c877 in rayon_core::sleep::Sleep::sleep ()\n#2  0x000055555ba4c30b in rayon_core::registry::WorkerThread::wait_until_cold ()\n#3  0x000055555ba4bcd2 in std::sys::backtrace::__rust_begin_short_backtrace ()\n#4  0x000055555ba4ba3c in core::ops::function::FnOnce::call_once{{vtable.shim}} ()\n#5  0x000055555bd7502a in std::sys::thread::unix::Thread::new::thread_start ()\n#6  0x00007ffff7c9cb84 in start_thread (arg=<optimized out>) at ./nptl/pthread_create.c:447\n#7  0x00007ffff7d29ecc in clone3 () at ../sysdeps/unix/sysv/linux/x86_64/clone3.S:78\n"
~"\nThread 7 (Thread 0x7ffff6fba6c0 (LWP 2268715) \"qe-worker-5\"):\n"
~"#0  syscall () at ../sysdeps/unix/sysv/linux/x86_64/syscall.S:38\n#1  0x000055555ba4c877 in rayon_core::sleep::Sleep::sleep ()\n#2  0x000055555ba4c30b in rayon_core::registry::WorkerThread::wait_until_cold ()\n#3  0x000055555ba4bcd2 in std::sys::backtrace::__rust_begin_short_backtrace ()\n#4  0x000055555ba4ba3c in core::ops::function::FnOnce::call_once{{vtable.shim}} ()\n#5  0x000055555bd7502a in std::sys::thread::unix::Thread::new::thread_start ()\n#6  0x00007ffff7c9cb84 in start_thread (arg=<optimized out>) at ./nptl/pthread_create.c:447\n#7  0x00007ffff7d29ecc in clone3 () at ../sysdeps/unix/sysv/linux/x86_64/clone3.S:78\n"
~"\nThread 6 (Thread 0x7ffff71bb6c0 (LWP 2268714) \"qe-worker-4\"):\n"
~"#0  syscall () at ../sysdeps/unix/sysv/linux/x86_64/syscall.S:38\n#1  0x000055555ba4c877 in rayon_core::sleep::Sleep::sleep ()\n#2  0x000055555ba4c30b in rayon_core::registry::WorkerThread::wait_until_cold ()\n#3  0x000055555ba4bcd2 in std::sys::backtrace::__rust_begin_short_backtrace ()\n#4  0x000055555ba4ba3c in core::ops::function::FnOnce::call_once{{vtable.shim}} ()\n#5  0x000055555bd7502a in std::sys::thread::unix::Thread::new::thread_start ()\n#6  0x00007ffff7c9cb84 in start_thread (arg=<optimized out>) at ./nptl/pthread_create.c:447\n#7  0x00007ffff7d29ecc in clone3 () at ../sysdeps/unix/sysv/linux/x86_64/clone3.S:78\n"
~"\nThread 5 (Thread 0x7ffff73bc6c0 (LWP 2268713) \"qe-worker-3\"):\n"
~"#0  syscall () at ../sysdeps/unix/sysv/linux/x86_64/syscall.S:38\n#1  0x000055555ba4c877 in rayon_core::sleep::Sleep::sleep ()\n#2  0x000055555ba4c30b in rayon_core::registry::WorkerThread::wait_until_cold ()\n#3  0x000055555ba4bcd2 in std::sys::backtrace::__rust_begin_short_backtrace ()\n#4  0x000055555ba4ba3c in core::ops::function::FnOnce::call_once{{vtable.shim}} ()\n#5  0x000055555bd7502a in std::sys::thread::unix::Thread::new::thread_start ()\n#6  0x00007ffff7c9cb84 in start_thread (arg=<optimized out>) at ./nptl/pthread_create.c:447\n#7  0x00007ffff7d29ecc in clone3 () at ../sysdeps/unix/sysv/linux/x86_64/clone3.S:78\n"
~"\nThread 4 (Thread 0x7ffff75bd6c0 (LWP 2268712) \"qe-worker-2\"):\n"
~"#0  syscall () at ../sysdeps/unix/sysv/linux/x86_64/syscall.S:38\n#1  0x000055555ba4c877 in rayon_core::sleep::Sleep::sleep ()\n#2  0x000055555ba4c30b in rayon_core::registry::WorkerThread::wait_until_cold ()\n#3  0x000055555ba4bcd2 in std::sys::backtrace::__rust_begin_short_backtrace ()\n#4  0x000055555ba4ba3c in core::ops::function::FnOnce::call_once{{vtable.shim}} ()\n#5  0x000055555bd7502a in std::sys::thread::unix::Thread::new::thread_start ()\n#6  0x00007ffff7c9cb84 in start_thread (arg=<optimized out>) at ./nptl/pthread_create.c:447\n#7  0x00007ffff7d29ecc in clone3 () at ../sysdeps/unix/sysv/linux/x86_64/clone3.S:78\n"
~"\nThread 3 (Thread 0x7ffff77be6c0 (LWP 2268711) \"qe-worker-1\"):\n"
~"#0  0x000055555b4f8156 in query_engine::physical::morsel_agg::group_rows::GroupRows::find_hashed ()\n#1  0x000055555b5260d9 in query_engine::physical::morsel_agg::parallel_controllers::ParallelControllers::ingest::{{closure}}::{{closure}}::{{closure}} ()\n#2  0x000055555b526819 in rayon::iter::plumbing::bridge_producer_consumer::helper ()\n#3  0x000055555b530123 in rayon_core::join::join_context::{{closure}} ()\n#4  0x000055555b526ae6 in rayon::iter::plumbing::bridge_producer_consumer::helper ()\n#5  0x000055555b530d81 in <rayon_core::job::StackJob<L,F,R> as rayon_core::job::Job>::execute ()\n#6  0x000055555ba4c3c4 in rayon_core::registry::WorkerThread::wait_until_cold ()\n#7  0x000055555ba4bcd2 in std::sys::backtrace::__rust_begin_short_backtrace ()\n(More stack frames follow...)\n"
~"\nThread 2 (Thread 0x7ffff79bf6c0 (LWP 2268710) \"qe-worker-0\"):\n"
~"#0  0x000055555b52b8e8 in query_engine::physical::morsel_agg::state_rows::update_fixed ()\n#1  0x000055555b52a41f in query_engine::physical::morsel_agg::state_rows::StateRows::prepare_arrays_indexed ()\n#2  0x000055555b526306 in query_engine::physical::morsel_agg::parallel_controllers::ParallelControllers::ingest::{{closure}}::{{closure}}::{{closure}} ()\n#3  0x000055555b526819 in rayon::iter::plumbing::bridge_producer_consumer::helper ()\n#4  0x000055555b530123 in rayon_core::join::join_context::{{closure}} ()\n#5  0x000055555b526ae6 in rayon::iter::plumbing::bridge_producer_consumer::helper ()\n#6  0x000055555b530123 in rayon_core::join::join_context::{{closure}} ()\n#7  0x000055555b530b42 in <rayon_core::job::StackJob<L,F,R> as rayon_core::job::Job>::execute ()\n(More stack frames follow...)\n"
~"\nThread 1 (Thread 0x7ffff7e8d100 (LWP 2268699) \"serial_frontier\"):\n"
~"#0  syscall () at ../sysdeps/unix/sysv/linux/x86_64/syscall.S:38\n#1  0x000055555ba4d835 in rayon_core::latch::LockLatch::wait_and_reset ()\n#2  0x000055555b5304f3 in rayon_core::registry::Registry::in_worker_cold ()\n#3  0x000055555b526cfa in rayon::iter::plumbing::bridge_producer_consumer::helper ()\n#4  0x000055555b4a2d45 in query_engine::physical::morsel_agg::live_spill::execute::{{closure}} ()\n#5  0x000055555b4930c1 in <query_engine::physical::operators::spillable::SpillableHashAggregateExec as query_engine::physical::plan::PhysicalOperator>::execute::{{closure}} ()\n#6  0x000055555b632182 in <query_engine::physical::operators::project::ProjectExec as query_engine::physical::plan::PhysicalOperator>::execute::{{closure}} ()\n#7  0x000055555b4a7680 in query_engine::physical::operators::spillable::stream_merge_input_partitions::{{closure}} ()\n(More stack frames follow...)\n"
59^done
(gdb) 
60^running
*running,thread-id="all"
(gdb) 
61^done
(gdb) 
~"\nThread "
~"1 \"serial_frontier\" received signal SIGINT, Interrupt.\n"
~"0x000055555b642880 in query_engine::execution::reserved_vec::ReservedVec<T>::try_extend_reserved ()\n"
*stopped,reason="signal-received",signal-name="SIGINT",signal-meaning="Interrupt",frame={addr="0x000055555b642880",func="query_engine::execution::reserved_vec::ReservedVec<T>::try_extend_reserved",args=[],arch="i386:x86-64"},thread-id="1",stopped-threads="all",core="12"
~"\nThread 34 (Thread 0x7fff877fb6c0 (LWP 2268742) \"tokio-rt-worker\"):\n"
~"#0  syscall () at ../sysdeps/unix/sysv/linux/x86_64/syscall.S:38\n#1  0x000055555afdfe97 in parking_lot::condvar::Condvar::wait_until_internal ()\n#2  0x000055555bd86bfa in std::sys::backtrace::__rust_begin_short_backtrace ()\n#3  0x000055555bd89aea in core::ops::function::FnOnce::call_once{{vtable.shim}} ()\n#4  0x000055555bd7502a in std::sys::thread::unix::Thread::new::thread_start ()\n#5  0x00007ffff7c9cb84 in start_thread (arg=<optimized out>) at ./nptl/pthread_create.c:447\n#6  0x00007ffff7d29ecc in clone3 () at ../sysdeps/unix/sysv/linux/x86_64/clone3.S:78\n"
~"\nThread 33 (Thread 0x7fff879fc6c0 (LWP 2268741) \"tokio-rt-worker\"):\n"
~"#0  syscall () at ../sysdeps/unix/sysv/linux/x86_64/syscall.S:38\n#1  0x000055555afdfe39 in parking_lot::condvar::Condvar::wait_until_internal ()\n#2  0x000055555bd97d50 in tokio::runtime::scheduler::multi_thread::worker::Context::park_internal ()\n#3  0x000055555bd96fec in tokio::runtime::scheduler::multi_thread::worker::run ()\n#4  0x000055555bd9506d in tokio::runtime::task::raw::poll ()\n#5  0x000055555bd86b52 in std::sys::backtrace::__rust_begin_short_backtrace ()\n#6  0x000055555bd89aea in core::ops::function::FnOnce::call_once{{vtable.shim}} ()\n#7  0x000055555bd7502a in std::sys::thread::unix::Thread::new::thread_start ()\n(More stack frames follow...)\n"
~"\nThread 32 (Thread 0x7fff87bfd6c0 (LWP 2268740) \"tokio-rt-worker\"):\n"
~"#0  syscall () at ../sysdeps/unix/sysv/linux/x86_64/syscall.S:38\n#1  0x000055555afdfe39 in parking_lot::condvar::Condvar::wait_until_internal ()\n#2  0x000055555bd97d50 in tokio::runtime::scheduler::multi_thread::worker::Context::park_internal ()\n#3  0x000055555bd96fec in tokio::runtime::scheduler::multi_thread::worker::run ()\n#4  0x000055555bd9506d in tokio::runtime::task::raw::poll ()\n#5  0x000055555bd86b52 in std::sys::backtrace::__rust_begin_short_backtrace ()\n#6  0x000055555bd89aea in core::ops::function::FnOnce::call_once{{vtable.shim}} ()\n#7  0x000055555bd7502a in std::sys::thread::unix::Thread::new::thread_start ()\n(More stack frames follow...)\n"
~"\nThread 31 (Thread 0x7fff87dfe6c0 (LWP 2268739) \"tokio-rt-worker\"):\n"
~"#0  syscall () at ../sysdeps/unix/sysv/linux/x86_64/syscall.S:38\n#1  0x000055555afdfe39 in parking_lot::condvar::Condvar::wait_until_internal ()\n#2  0x000055555bd97d50 in tokio::runtime::scheduler::multi_thread::worker::Context::park_internal ()\n#3  0x000055555bd96fec in tokio::runtime::scheduler::multi_thread::worker::run ()\n#4  0x000055555bd9506d in tokio::runtime::task::raw::poll ()\n#5  0x000055555bd86b52 in std::sys::backtrace::__rust_begin_short_backtrace ()\n#6  0x000055555bd89aea in core::ops::function::FnOnce::call_once{{vtable.shim}} ()\n#7  0x000055555bd7502a in std::sys::thread::unix::Thread::new::thread_start ()\n(More stack frames follow...)\n"
~"\nThread 30 (Thread 0x7fff87fff6c0 (LWP 2268738) \"tokio-rt-worker\"):\n"
~"#0  syscall () at ../sysdeps/unix/sysv/linux/x86_64/syscall.S:38\n#1  0x000055555afdfe39 in parking_lot::condvar::Condvar::wait_until_internal ()\n#2  0x000055555bd97d50 in tokio::runtime::scheduler::multi_thread::worker::Context::park_internal ()\n#3  0x000055555bd96fec in tokio::runtime::scheduler::multi_thread::worker::run ()\n#4  0x000055555bd9506d in tokio::runtime::task::raw::poll ()\n#5  0x000055555bd86b52 in std::sys::backtrace::__rust_begin_short_backtrace ()\n#6  0x000055555bd89aea in core::ops::function::FnOnce::call_once{{vtable.shim}} ()\n#7  0x000055555bd7502a in std::sys::thread::unix::Thread::new::thread_start ()\n(More stack frames follow...)\n"
~"\nThread 29 (Thread 0x7ffff43a46c0 (LWP 2268737) \"tokio-rt-worker\"):\n"
~"#0  syscall () at ../sysdeps/unix/sysv/linux/x86_64/syscall.S:38\n#1  0x000055555afdfe39 in parking_lot::condvar::Condvar::wait_until_internal ()\n#2  0x000055555bd97d50 in tokio::runtime::scheduler::multi_thread::worker::Context::park_internal ()\n#3  0x000055555bd96fec in tokio::runtime::scheduler::multi_thread::worker::run ()\n#4  0x000055555bd9506d in tokio::runtime::task::raw::poll ()\n#5  0x000055555bd86b52 in std::sys::backtrace::__rust_begin_short_backtrace ()\n#6  0x000055555bd89aea in core::ops::function::FnOnce::call_once{{vtable.shim}} ()\n#7  0x000055555bd7502a in std::sys::thread::unix::Thread::new::thread_start ()\n(More stack frames follow...)\n"
~"\nThread 28 (Thread 0x7ffff45a56c0 (LWP 2268736) \"tokio-rt-worker\"):\n"
~"#0  syscall () at ../sysdeps/unix/sysv/linux/x86_64/syscall.S:38\n#1  0x000055555afdfe39 in parking_lot::condvar::Condvar::wait_until_internal ()\n#2  0x000055555bd97d50 in tokio::runtime::scheduler::multi_thread::worker::Context::park_internal ()\n#3  0x000055555bd96fec in tokio::runtime::scheduler::multi_thread::worker::run ()\n#4  0x000055555bd9506d in tokio::runtime::task::raw::poll ()\n#5  0x000055555bd86b52 in std::sys::backtrace::__rust_begin_short_backtrace ()\n#6  0x000055555bd89aea in core::ops::function::FnOnce::call_once{{vtable.shim}} ()\n#7  0x000055555bd7502a in std::sys::thread::unix::Thread::new::thread_start ()\n(More stack frames follow...)\n"
~"\nThread 27 (Thread 0x7ffff47a66c0 (LWP 2268735) \"tokio-rt-worker\"):\n"
~"#0  syscall () at ../sysdeps/unix/sysv/linux/x86_64/syscall.S:38\n#1  0x000055555afdfe39 in parking_lot::condvar::Condvar::wait_until_internal ()\n#2  0x000055555bd97d50 in tokio::runtime::scheduler::multi_thread::worker::Context::park_internal ()\n#3  0x000055555bd96fec in tokio::runtime::scheduler::multi_thread::worker::run ()\n#4  0x000055555bd9506d in tokio::runtime::task::raw::poll ()\n#5  0x000055555bd86b52 in std::sys::backtrace::__rust_begin_short_backtrace ()\n#6  0x000055555bd89aea in core::ops::function::FnOnce::call_once{{vtable.shim}} ()\n#7  0x000055555bd7502a in std::sys::thread::unix::Thread::new::thread_start ()\n(More stack frames follow...)\n"
~"\nThread 26 (Thread 0x7ffff49a76c0 (LWP 2268734) \"tokio-rt-worker\"):\n"
~"#0  syscall () at ../sysdeps/unix/sysv/linux/x86_64/syscall.S:38\n#1  0x000055555afdfe39 in parking_lot::condvar::Condvar::wait_until_internal ()\n#2  0x000055555bd97d50 in tokio::runtime::scheduler::multi_thread::worker::Context::park_internal ()\n#3  0x000055555bd96fec in tokio::runtime::scheduler::multi_thread::worker::run ()\n#4  0x000055555bd9506d in tokio::runtime::task::raw::poll ()\n#5  0x000055555bd86b52 in std::sys::backtrace::__rust_begin_short_backtrace ()\n#6  0x000055555bd89aea in core::ops::function::FnOnce::call_once{{vtable.shim}} ()\n#7  0x000055555bd7502a in std::sys::thread::unix::Thread::new::thread_start ()\n(More stack frames follow...)\n"
~"\nThread 25 (Thread 0x7ffff4ba86c0 (LWP 2268733) \"tokio-rt-worker\"):\n"
~"#0  syscall () at ../sysdeps/unix/sysv/linux/x86_64/syscall.S:38\n#1  0x000055555afdfe39 in parking_lot::condvar::Condvar::wait_until_internal ()\n#2  0x000055555bd97d50 in tokio::runtime::scheduler::multi_thread::worker::Context::park_internal ()\n#3  0x000055555bd96fec in tokio::runtime::scheduler::multi_thread::worker::run ()\n#4  0x000055555bd9506d in tokio::runtime::task::raw::poll ()\n#5  0x000055555bd86b52 in std::sys::backtrace::__rust_begin_short_backtrace ()\n#6  0x000055555bd89aea in core::ops::function::FnOnce::call_once{{vtable.shim}} ()\n#7  0x000055555bd7502a in std::sys::thread::unix::Thread::new::thread_start ()\n(More stack frames follow...)\n"
~"\nThread 24 (Thread 0x7ffff4da96c0 (LWP 2268732) \"tokio-rt-worker\"):\n"
~"#0  syscall () at ../sysdeps/unix/sysv/linux/x86_64/syscall.S:38\n#1  0x000055555afdfe39 in parking_lot::condvar::Condvar::wait_until_internal ()\n#2  0x000055555bd97d50 in tokio::runtime::scheduler::multi_thread::worker::Context::park_internal ()\n#3  0x000055555bd96fec in tokio::runtime::scheduler::multi_thread::worker::run ()\n#4  0x000055555bd9506d in tokio::runtime::task::raw::poll ()\n#5  0x000055555bd86b52 in std::sys::backtrace::__rust_begin_short_backtrace ()\n#6  0x000055555bd89aea in core::ops::function::FnOnce::call_once{{vtable.shim}} ()\n#7  0x000055555bd7502a in std::sys::thread::unix::Thread::new::thread_start ()\n(More stack frames follow...)\n"
~"\nThread 23 (Thread 0x7ffff4faa6c0 (LWP 2268731) \"tokio-rt-worker\"):\n"
~"#0  syscall () at ../sysdeps/unix/sysv/linux/x86_64/syscall.S:38\n#1  0x000055555afdfe39 in parking_lot::condvar::Condvar::wait_until_internal ()\n#2  0x000055555bd97d50 in tokio::runtime::scheduler::multi_thread::worker::Context::park_internal ()\n#3  0x000055555bd96fec in tokio::runtime::scheduler::multi_thread::worker::run ()\n#4  0x000055555bd9506d in tokio::runtime::task::raw::poll ()\n#5  0x000055555bd86b52 in std::sys::backtrace::__rust_begin_short_backtrace ()\n#6  0x000055555bd89aea in core::ops::function::FnOnce::call_once{{vtable.shim}} ()\n#7  0x000055555bd7502a in std::sys::thread::unix::Thread::new::thread_start ()\n(More stack frames follow...)\n"
~"\nThread 22 (Thread 0x7ffff51ab6c0 (LWP 2268730) \"tokio-rt-worker\"):\n"
~"#0  syscall () at ../sysdeps/unix/sysv/linux/x86_64/syscall.S:38\n#1  0x000055555afdfe39 in parking_lot::condvar::Condvar::wait_until_internal ()\n#2  0x000055555bd97d50 in tokio::runtime::scheduler::multi_thread::worker::Context::park_internal ()\n#3  0x000055555bd96fec in tokio::runtime::scheduler::multi_thread::worker::run ()\n#4  0x000055555bd9506d in tokio::runtime::task::raw::poll ()\n#5  0x000055555bd86b52 in std::sys::backtrace::__rust_begin_short_backtrace ()\n#6  0x000055555bd89aea in core::ops::function::FnOnce::call_once{{vtable.shim}} ()\n#7  0x000055555bd7502a in std::sys::thread::unix::Thread::new::thread_start ()\n(More stack frames follow...)\n"
~"\nThread 21 (Thread 0x7ffff53ac6c0 (LWP 2268729) \"tokio-rt-worker\"):\n"
~"#0  syscall () at ../sysdeps/unix/sysv/linux/x86_64/syscall.S:38\n#1  0x000055555afdfe39 in parking_lot::condvar::Condvar::wait_until_internal ()\n#2  0x000055555bd97d50 in tokio::runtime::scheduler::multi_thread::worker::Context::park_internal ()\n#3  0x000055555bd96fec in tokio::runtime::scheduler::multi_thread::worker::run ()\n#4  0x000055555bd9506d in tokio::runtime::task::raw::poll ()\n#5  0x000055555bd86b52 in std::sys::backtrace::__rust_begin_short_backtrace ()\n#6  0x000055555bd89aea in core::ops::function::FnOnce::call_once{{vtable.shim}} ()\n#7  0x000055555bd7502a in std::sys::thread::unix::Thread::new::thread_start ()\n(More stack frames follow...)\n"
~"\nThread 20 (Thread 0x7ffff55ad6c0 (LWP 2268728) \"tokio-rt-worker\"):\n"
~"#0  syscall () at ../sysdeps/unix/sysv/linux/x86_64/syscall.S:38\n#1  0x000055555afdfe39 in parking_lot::condvar::Condvar::wait_until_internal ()\n#2  0x000055555bd97d50 in tokio::runtime::scheduler::multi_thread::worker::Context::park_internal ()\n#3  0x000055555bd96fec in tokio::runtime::scheduler::multi_thread::worker::run ()\n#4  0x000055555bd9506d in tokio::runtime::task::raw::poll ()\n#5  0x000055555bd86b52 in std::sys::backtrace::__rust_begin_short_backtrace ()\n#6  0x000055555bd89aea in core::ops::function::FnOnce::call_once{{vtable.shim}} ()\n#7  0x000055555bd7502a in std::sys::thread::unix::Thread::new::thread_start ()\n(More stack frames follow...)\n"
~"\nThread 19 (Thread 0x7ffff57ae6c0 (LWP 2268727) \"tokio-rt-worker\"):\n"
~"#0  syscall () at ../sysdeps/unix/sysv/linux/x86_64/syscall.S:38\n#1  0x000055555afdfe39 in parking_lot::condvar::Condvar::wait_until_internal ()\n#2  0x000055555bd97d50 in tokio::runtime::scheduler::multi_thread::worker::Context::park_internal ()\n#3  0x000055555bd96fec in tokio::runtime::scheduler::multi_thread::worker::run ()\n#4  0x000055555bd9506d in tokio::runtime::task::raw::poll ()\n#5  0x000055555bd86b52 in std::sys::backtrace::__rust_begin_short_backtrace ()\n#6  0x000055555bd89aea in core::ops::function::FnOnce::call_once{{vtable.shim}} ()\n#7  0x000055555bd7502a in std::sys::thread::unix::Thread::new::thread_start ()\n(More stack frames follow...)\n"
~"\nThread 18 (Thread 0x7ffff59af6c0 (LWP 2268726) \"tokio-rt-worker\"):\n"
~"#0  0x00007ffff7d2a2d2 in epoll_wait (epfd=3, events=0x36f6e300000, maxevents=1024, timeout=-1) at ../sysdeps/unix/sysv/linux/epoll_wait.c:30\n#1  0x000055555bd994ae in tokio::runtime::io::driver::Driver::turn ()\n#2  0x000055555bd9919d in tokio::runtime::time::Driver::park_internal ()\n#3  0x000055555bd97b94 in tokio::runtime::scheduler::multi_thread::worker::Context::park_internal ()\n#4  0x000055555bd96fec in tokio::runtime::scheduler::multi_thread::worker::run ()\n#5  0x000055555bd9506d in tokio::runtime::task::raw::poll ()\n#6  0x000055555bd86b52 in std::sys::backtrace::__rust_begin_short_backtrace ()\n#7  0x000055555bd89aea in core::ops::function::FnOnce::call_once{{vtable.shim}} ()\n(More stack frames follow...)\n"
~"\nThread 17 (Thread 0x7ffff5bb06c0 (LWP 2268725) \"qe-worker-15\"):\n"
~"#0  syscall () at ../sysdeps/unix/sysv/linux/x86_64/syscall.S:38\n#1  0x000055555ba4c877 in rayon_core::sleep::Sleep::sleep ()\n#2  0x000055555ba4c30b in rayon_core::registry::WorkerThread::wait_until_cold ()\n#3  0x000055555ba4bcd2 in std::sys::backtrace::__rust_begin_short_backtrace ()\n#4  0x000055555ba4ba3c in core::ops::function::FnOnce::call_once{{vtable.shim}} ()\n#5  0x000055555bd7502a in std::sys::thread::unix::Thread::new::thread_start ()\n#6  0x00007ffff7c9cb84 in start_thread (arg=<optimized out>) at ./nptl/pthread_create.c:447\n#7  0x00007ffff7d29ecc in clone3 () at ../sysdeps/unix/sysv/linux/x86_64/clone3.S:78\n"
~"\nThread 16 (Thread 0x7ffff5db16c0 (LWP 2268724) \"qe-worker-14\"):\n"
~"#0  syscall () at ../sysdeps/unix/sysv/linux/x86_64/syscall.S:38\n#1  0x000055555ba4c877 in rayon_core::sleep::Sleep::sleep ()\n#2  0x000055555ba4c30b in rayon_core::registry::WorkerThread::wait_until_cold ()\n#3  0x000055555ba4bcd2 in std::sys::backtrace::__rust_begin_short_backtrace ()\n#4  0x000055555ba4ba3c in core::ops::function::FnOnce::call_once{{vtable.shim}} ()\n#5  0x000055555bd7502a in std::sys::thread::unix::Thread::new::thread_start ()\n#6  0x00007ffff7c9cb84 in start_thread (arg=<optimized out>) at ./nptl/pthread_create.c:447\n#7  0x00007ffff7d29ecc in clone3 () at ../sysdeps/unix/sysv/linux/x86_64/clone3.S:78\n"
~"\nThread 15 (Thread 0x7ffff5fb26c0 (LWP 2268723) \"qe-worker-13\"):\n"
~"#0  syscall () at ../sysdeps/unix/sysv/linux/x86_64/syscall.S:38\n#1  0x000055555ba4c877 in rayon_core::sleep::Sleep::sleep ()\n#2  0x000055555ba4c30b in rayon_core::registry::WorkerThread::wait_until_cold ()\n#3  0x000055555ba4bcd2 in std::sys::backtrace::__rust_begin_short_backtrace ()\n#4  0x000055555ba4ba3c in core::ops::function::FnOnce::call_once{{vtable.shim}} ()\n#5  0x000055555bd7502a in std::sys::thread::unix::Thread::new::thread_start ()\n#6  0x00007ffff7c9cb84 in start_thread (arg=<optimized out>) at ./nptl/pthread_create.c:447\n#7  0x00007ffff7d29ecc in clone3 () at ../sysdeps/unix/sysv/linux/x86_64/clone3.S:78\n"
~"\nThread 14 (Thread 0x7ffff61b36c0 (LWP 2268722) \"qe-worker-12\"):\n"
~"#0  syscall () at ../sysdeps/unix/sysv/linux/x86_64/syscall.S:38\n#1  0x000055555ba4c877 in rayon_core::sleep::Sleep::sleep ()\n#2  0x000055555ba4c30b in rayon_core::registry::WorkerThread::wait_until_cold ()\n#3  0x000055555ba4bcd2 in std::sys::backtrace::__rust_begin_short_backtrace ()\n#4  0x000055555ba4ba3c in core::ops::function::FnOnce::call_once{{vtable.shim}} ()\n#5  0x000055555bd7502a in std::sys::thread::unix::Thread::new::thread_start ()\n#6  0x00007ffff7c9cb84 in start_thread (arg=<optimized out>) at ./nptl/pthread_create.c:447\n#7  0x00007ffff7d29ecc in clone3 () at ../sysdeps/unix/sysv/linux/x86_64/clone3.S:78\n"
~"\nThread 13 (Thread 0x7ffff63b46c0 (LWP 2268721) \"qe-worker-11\"):\n"
~"#0  syscall () at ../sysdeps/unix/sysv/linux/x86_64/syscall.S:38\n#1  0x000055555ba4c877 in rayon_core::sleep::Sleep::sleep ()\n#2  0x000055555ba4c30b in rayon_core::registry::WorkerThread::wait_until_cold ()\n#3  0x000055555ba4bcd2 in std::sys::backtrace::__rust_begin_short_backtrace ()\n#4  0x000055555ba4ba3c in core::ops::function::FnOnce::call_once{{vtable.shim}} ()\n#5  0x000055555bd7502a in std::sys::thread::unix::Thread::new::thread_start ()\n#6  0x00007ffff7c9cb84 in start_thread (arg=<optimized out>) at ./nptl/pthread_create.c:447\n#7  0x00007ffff7d29ecc in clone3 () at ../sysdeps/unix/sysv/linux/x86_64/clone3.S:78\n"
~"\nThread 12 (Thread 0x7ffff65b56c0 (LWP 2268720) \"qe-worker-10\"):\n"
~"#0  syscall () at ../sysdeps/unix/sysv/linux/x86_64/syscall.S:38\n#1  0x000055555ba4c877 in rayon_core::sleep::Sleep::sleep ()\n#2  0x000055555ba4c30b in rayon_core::registry::WorkerThread::wait_until_cold ()\n#3  0x000055555ba4bcd2 in std::sys::backtrace::__rust_begin_short_backtrace ()\n#4  0x000055555ba4ba3c in core::ops::function::FnOnce::call_once{{vtable.shim}} ()\n#5  0x000055555bd7502a in std::sys::thread::unix::Thread::new::thread_start ()\n#6  0x00007ffff7c9cb84 in start_thread (arg=<optimized out>) at ./nptl/pthread_create.c:447\n#7  0x00007ffff7d29ecc in clone3 () at ../sysdeps/unix/sysv/linux/x86_64/clone3.S:78\n"
~"\nThread 11 (Thread 0x7ffff67b66c0 (LWP 2268719) \"qe-worker-9\"):\n"
~"#0  syscall () at ../sysdeps/unix/sysv/linux/x86_64/syscall.S:38\n#1  0x000055555ba4c877 in rayon_core::sleep::Sleep::sleep ()\n#2  0x000055555ba4c30b in rayon_core::registry::WorkerThread::wait_until_cold ()\n#3  0x000055555ba4bcd2 in std::sys::backtrace::__rust_begin_short_backtrace ()\n#4  0x000055555ba4ba3c in core::ops::function::FnOnce::call_once{{vtable.shim}} ()\n#5  0x000055555bd7502a in std::sys::thread::unix::Thread::new::thread_start ()\n#6  0x00007ffff7c9cb84 in start_thread (arg=<optimized out>) at ./nptl/pthread_create.c:447\n#7  0x00007ffff7d29ecc in clone3 () at ../sysdeps/unix/sysv/linux/x86_64/clone3.S:78\n"
~"\nThread 10 (Thread 0x7ffff69b76c0 (LWP 2268718) \"qe-worker-8\"):\n"
~"#0  syscall () at ../sysdeps/unix/sysv/linux/x86_64/syscall.S:38\n#1  0x000055555ba4c877 in rayon_core::sleep::Sleep::sleep ()\n#2  0x000055555ba4c30b in rayon_core::registry::WorkerThread::wait_until_cold ()\n#3  0x000055555ba4bcd2 in std::sys::backtrace::__rust_begin_short_backtrace ()\n#4  0x000055555ba4ba3c in core::ops::function::FnOnce::call_once{{vtable.shim}} ()\n#5  0x000055555bd7502a in std::sys::thread::unix::Thread::new::thread_start ()\n#6  0x00007ffff7c9cb84 in start_thread (arg=<optimized out>) at ./nptl/pthread_create.c:447\n#7  0x00007ffff7d29ecc in clone3 () at ../sysdeps/unix/sysv/linux/x86_64/clone3.S:78\n"
~"\nThread 9 (Thread 0x7ffff6bb86c0 (LWP 2268717) \"qe-worker-7\"):\n"
~"#0  syscall () at ../sysdeps/unix/sysv/linux/x86_64/syscall.S:38\n#1  0x000055555ba4c877 in rayon_core::sleep::Sleep::sleep ()\n#2  0x000055555ba4c30b in rayon_core::registry::WorkerThread::wait_until_cold ()\n#3  0x000055555ba4bcd2 in std::sys::backtrace::__rust_begin_short_backtrace ()\n#4  0x000055555ba4ba3c in core::ops::function::FnOnce::call_once{{vtable.shim}} ()\n#5  0x000055555bd7502a in std::sys::thread::unix::Thread::new::thread_start ()\n#6  0x00007ffff7c9cb84 in start_thread (arg=<optimized out>) at ./nptl/pthread_create.c:447\n#7  0x00007ffff7d29ecc in clone3 () at ../sysdeps/unix/sysv/linux/x86_64/clone3.S:78\n"
~"\nThread 8 (Thread 0x7ffff6db96c0 (LWP 2268716) \"qe-worker-6\"):\n"
~"#0  syscall () at ../sysdeps/unix/sysv/linux/x86_64/syscall.S:38\n#1  0x000055555ba4c877 in rayon_core::sleep::Sleep::sleep ()\n#2  0x000055555ba4c30b in rayon_core::registry::WorkerThread::wait_until_cold ()\n#3  0x000055555ba4bcd2 in std::sys::backtrace::__rust_begin_short_backtrace ()\n#4  0x000055555ba4ba3c in core::ops::function::FnOnce::call_once{{vtable.shim}} ()\n#5  0x000055555bd7502a in std::sys::thread::unix::Thread::new::thread_start ()\n#6  0x00007ffff7c9cb84 in start_thread (arg=<optimized out>) at ./nptl/pthread_create.c:447\n#7  0x00007ffff7d29ecc in clone3 () at ../sysdeps/unix/sysv/linux/x86_64/clone3.S:78\n"
~"\nThread 7 (Thread 0x7ffff6fba6c0 (LWP 2268715) \"qe-worker-5\"):\n"
~"#0  syscall () at ../sysdeps/unix/sysv/linux/x86_64/syscall.S:38\n#1  0x000055555ba4c877 in rayon_core::sleep::Sleep::sleep ()\n#2  0x000055555ba4c30b in rayon_core::registry::WorkerThread::wait_until_cold ()\n#3  0x000055555ba4bcd2 in std::sys::backtrace::__rust_begin_short_backtrace ()\n#4  0x000055555ba4ba3c in core::ops::function::FnOnce::call_once{{vtable.shim}} ()\n#5  0x000055555bd7502a in std::sys::thread::unix::Thread::new::thread_start ()\n#6  0x00007ffff7c9cb84 in start_thread (arg=<optimized out>) at ./nptl/pthread_create.c:447\n#7  0x00007ffff7d29ecc in clone3 () at ../sysdeps/unix/sysv/linux/x86_64/clone3.S:78\n"
~"\nThread 6 (Thread 0x7ffff71bb6c0 (LWP 2268714) \"qe-worker-4\"):\n"
~"#0  syscall () at ../sysdeps/unix/sysv/linux/x86_64/syscall.S:38\n#1  0x000055555ba4c877 in rayon_core::sleep::Sleep::sleep ()\n#2  0x000055555ba4c30b in rayon_core::registry::WorkerThread::wait_until_cold ()\n#3  0x000055555ba4bcd2 in std::sys::backtrace::__rust_begin_short_backtrace ()\n#4  0x000055555ba4ba3c in core::ops::function::FnOnce::call_once{{vtable.shim}} ()\n#5  0x000055555bd7502a in std::sys::thread::unix::Thread::new::thread_start ()\n#6  0x00007ffff7c9cb84 in start_thread (arg=<optimized out>) at ./nptl/pthread_create.c:447\n#7  0x00007ffff7d29ecc in clone3 () at ../sysdeps/unix/sysv/linux/x86_64/clone3.S:78\n"
~"\nThread 5 (Thread 0x7ffff73bc6c0 (LWP 2268713) \"qe-worker-3\"):\n"
~"#0  syscall () at ../sysdeps/unix/sysv/linux/x86_64/syscall.S:38\n#1  0x000055555ba4c877 in rayon_core::sleep::Sleep::sleep ()\n#2  0x000055555ba4c30b in rayon_core::registry::WorkerThread::wait_until_cold ()\n#3  0x000055555ba4bcd2 in std::sys::backtrace::__rust_begin_short_backtrace ()\n#4  0x000055555ba4ba3c in core::ops::function::FnOnce::call_once{{vtable.shim}} ()\n#5  0x000055555bd7502a in std::sys::thread::unix::Thread::new::thread_start ()\n#6  0x00007ffff7c9cb84 in start_thread (arg=<optimized out>) at ./nptl/pthread_create.c:447\n#7  0x00007ffff7d29ecc in clone3 () at ../sysdeps/unix/sysv/linux/x86_64/clone3.S:78\n"
~"\nThread 4 (Thread 0x7ffff75bd6c0 (LWP 2268712) \"qe-worker-2\"):\n"
~"#0  syscall () at ../sysdeps/unix/sysv/linux/x86_64/syscall.S:38\n#1  0x000055555ba4c877 in rayon_core::sleep::Sleep::sleep ()\n#2  0x000055555ba4c30b in rayon_core::registry::WorkerThread::wait_until_cold ()\n#3  0x000055555ba4bcd2 in std::sys::backtrace::__rust_begin_short_backtrace ()\n#4  0x000055555ba4ba3c in core::ops::function::FnOnce::call_once{{vtable.shim}} ()\n#5  0x000055555bd7502a in std::sys::thread::unix::Thread::new::thread_start ()\n#6  0x00007ffff7c9cb84 in start_thread (arg=<optimized out>) at ./nptl/pthread_create.c:447\n#7  0x00007ffff7d29ecc in clone3 () at ../sysdeps/unix/sysv/linux/x86_64/clone3.S:78\n"
~"\nThread 3 (Thread 0x7ffff77be6c0 (LWP 2268711) \"qe-worker-1\"):\n"
~"#0  syscall () at ../sysdeps/unix/sysv/linux/x86_64/syscall.S:38\n#1  0x000055555ba4c877 in rayon_core::sleep::Sleep::sleep ()\n#2  0x000055555ba4c30b in rayon_core::registry::WorkerThread::wait_until_cold ()\n#3  0x000055555ba4bcd2 in std::sys::backtrace::__rust_begin_short_backtrace ()\n#4  0x000055555ba4ba3c in core::ops::function::FnOnce::call_once{{vtable.shim}} ()\n#5  0x000055555bd7502a in std::sys::thread::unix::Thread::new::thread_start ()\n#6  0x00007ffff7c9cb84 in start_thread (arg=<optimized out>) at ./nptl/pthread_create.c:447\n#7  0x00007ffff7d29ecc in clone3 () at ../sysdeps/unix/sysv/linux/x86_64/clone3.S:78\n"
~"\nThread 2 (Thread 0x7ffff79bf6c0 (LWP 2268710) \"qe-worker-0\"):\n"
~"#0  syscall () at ../sysdeps/unix/sysv/linux/x86_64/syscall.S:38\n#1  0x000055555ba4c877 in rayon_core::sleep::Sleep::sleep ()\n#2  0x000055555ba4c30b in rayon_core::registry::WorkerThread::wait_until_cold ()\n#3  0x000055555ba4bcd2 in std::sys::backtrace::__rust_begin_short_backtrace ()\n#4  0x000055555ba4ba3c in core::ops::function::FnOnce::call_once{{vtable.shim}} ()\n#5  0x000055555bd7502a in std::sys::thread::unix::Thread::new::thread_start ()\n#6  0x00007ffff7c9cb84 in start_thread (arg=<optimized out>) at ./nptl/pthread_create.c:447\n#7  0x00007ffff7d29ecc in clone3 () at ../sysdeps/unix/sysv/linux/x86_64/clone3.S:78\n"
~"\nThread 1 (Thread 0x7ffff7e8d100 (LWP 2268699) \"serial_frontier\"):\n"
~"#0  0x000055555b642880 in query_engine::execution::reserved_vec::ReservedVec<T>::try_extend_reserved ()\n#1  0x000055555b63fd15 in query_engine::planner::numeric::arithmetic ()\n#2  0x000055555b37a822 in query_engine::physical::operators::filter::evaluate_binary_op ()\n#3  0x000055555b4e4235 in query_engine::physical::operators::filter::evaluate_aggregate_inputs::eval ()\n#4  0x000055555b49f4b5 in query_engine::physical::morsel_agg::live_spill::execute::{{closure}} ()\n#5  0x000055555b4930c1 in <query_engine::physical::operators::spillable::SpillableHashAggregateExec as query_engine::physical::plan::PhysicalOperator>::execute::{{closure}} ()\n#6  0x000055555b632182 in <query_engine::physical::operators::project::ProjectExec as query_engine::physical::plan::PhysicalOperator>::execute::{{closure}} ()\n#7  0x000055555b4a7680 in query_engine::physical::operators::spillable::stream_merge_input_partitions::{{closure}} ()\n(More stack frames follow...)\n"
62^done
(gdb) 
63^running
*running,thread-id="all"
(gdb) 
64^done
(gdb) 
~"\nThread "
~"1 \"serial_frontier\" received signal SIGINT, Interrupt.\n"
~"syscall () at ../sysdeps/unix/sysv/linux/x86_64/syscall.S:38\n"
~"38\tin ../sysdeps/unix/sysv/linux/x86_64/syscall.S\n"
*stopped,reason="signal-received",signal-name="SIGINT",signal-meaning="Interrupt",frame={addr="0x00007ffff7d2752d",func="syscall",args=[],file="../sysdeps/unix/sysv/linux/x86_64/syscall.S",fullname="./misc/../sysdeps/unix/sysv/linux/x86_64/syscall.S",line="38",arch="i386:x86-64"},thread-id="1",stopped-threads="all",core="10"
~"\nThread 34 (Thread 0x7fff877fb6c0 (LWP 2268742) \"tokio-rt-worker\"):\n"
~"#0  syscall () at ../sysdeps/unix/sysv/linux/x86_64/syscall.S:38\n#1  0x000055555afdfe97 in parking_lot::condvar::Condvar::wait_until_internal ()\n#2  0x000055555bd86bfa in std::sys::backtrace::__rust_begin_short_backtrace ()\n#3  0x000055555bd89aea in core::ops::function::FnOnce::call_once{{vtable.shim}} ()\n#4  0x000055555bd7502a in std::sys::thread::unix::Thread::new::thread_start ()\n#5  0x00007ffff7c9cb84 in start_thread (arg=<optimized out>) at ./nptl/pthread_create.c:447\n#6  0x00007ffff7d29ecc in clone3 () at ../sysdeps/unix/sysv/linux/x86_64/clone3.S:78\n"
~"\nThread 33 (Thread 0x7fff879fc6c0 (LWP 2268741) \"tokio-rt-worker\"):\n"
~"#0  syscall () at ../sysdeps/unix/sysv/linux/x86_64/syscall.S:38\n#1  0x000055555afdfe39 in parking_lot::condvar::Condvar::wait_until_internal ()\n#2  0x000055555bd97d50 in tokio::runtime::scheduler::multi_thread::worker::Context::park_internal ()\n#3  0x000055555bd96fec in tokio::runtime::scheduler::multi_thread::worker::run ()\n#4  0x000055555bd9506d in tokio::runtime::task::raw::poll ()\n#5  0x000055555bd86b52 in std::sys::backtrace::__rust_begin_short_backtrace ()\n#6  0x000055555bd89aea in core::ops::function::FnOnce::call_once{{vtable.shim}} ()\n#7  0x000055555bd7502a in std::sys::thread::unix::Thread::new::thread_start ()\n(More stack frames follow...)\n"
~"\nThread 32 (Thread 0x7fff87bfd6c0 (LWP 2268740) \"tokio-rt-worker\"):\n"
~"#0  syscall () at ../sysdeps/unix/sysv/linux/x86_64/syscall.S:38\n#1  0x000055555afdfe39 in parking_lot::condvar::Condvar::wait_until_internal ()\n#2  0x000055555bd97d50 in tokio::runtime::scheduler::multi_thread::worker::Context::park_internal ()\n#3  0x000055555bd96fec in tokio::runtime::scheduler::multi_thread::worker::run ()\n#4  0x000055555bd9506d in tokio::runtime::task::raw::poll ()\n#5  0x000055555bd86b52 in std::sys::backtrace::__rust_begin_short_backtrace ()\n#6  0x000055555bd89aea in core::ops::function::FnOnce::call_once{{vtable.shim}} ()\n#7  0x000055555bd7502a in std::sys::thread::unix::Thread::new::thread_start ()\n(More stack frames follow...)\n"
~"\nThread 31 (Thread 0x7fff87dfe6c0 (LWP 2268739) \"tokio-rt-worker\"):\n"
~"#0  syscall () at ../sysdeps/unix/sysv/linux/x86_64/syscall.S:38\n#1  0x000055555afdfe39 in parking_lot::condvar::Condvar::wait_until_internal ()\n#2  0x000055555bd97d50 in tokio::runtime::scheduler::multi_thread::worker::Context::park_internal ()\n#3  0x000055555bd96fec in tokio::runtime::scheduler::multi_thread::worker::run ()\n#4  0x000055555bd9506d in tokio::runtime::task::raw::poll ()\n#5  0x000055555bd86b52 in std::sys::backtrace::__rust_begin_short_backtrace ()\n#6  0x000055555bd89aea in core::ops::function::FnOnce::call_once{{vtable.shim}} ()\n#7  0x000055555bd7502a in std::sys::thread::unix::Thread::new::thread_start ()\n(More stack frames follow...)\n"
~"\nThread 30 (Thread 0x7fff87fff6c0 (LWP 2268738) \"tokio-rt-worker\"):\n"
~"#0  syscall () at ../sysdeps/unix/sysv/linux/x86_64/syscall.S:38\n#1  0x000055555afdfe39 in parking_lot::condvar::Condvar::wait_until_internal ()\n#2  0x000055555bd97d50 in tokio::runtime::scheduler::multi_thread::worker::Context::park_internal ()\n#3  0x000055555bd96fec in tokio::runtime::scheduler::multi_thread::worker::run ()\n#4  0x000055555bd9506d in tokio::runtime::task::raw::poll ()\n#5  0x000055555bd86b52 in std::sys::backtrace::__rust_begin_short_backtrace ()\n#6  0x000055555bd89aea in core::ops::function::FnOnce::call_once{{vtable.shim}} ()\n#7  0x000055555bd7502a in std::sys::thread::unix::Thread::new::thread_start ()\n(More stack frames follow...)\n"
~"\nThread 29 (Thread 0x7ffff43a46c0 (LWP 2268737) \"tokio-rt-worker\"):\n"
~"#0  syscall () at ../sysdeps/unix/sysv/linux/x86_64/syscall.S:38\n#1  0x000055555afdfe39 in parking_lot::condvar::Condvar::wait_until_internal ()\n#2  0x000055555bd97d50 in tokio::runtime::scheduler::multi_thread::worker::Context::park_internal ()\n#3  0x000055555bd96fec in tokio::runtime::scheduler::multi_thread::worker::run ()\n#4  0x000055555bd9506d in tokio::runtime::task::raw::poll ()\n#5  0x000055555bd86b52 in std::sys::backtrace::__rust_begin_short_backtrace ()\n#6  0x000055555bd89aea in core::ops::function::FnOnce::call_once{{vtable.shim}} ()\n#7  0x000055555bd7502a in std::sys::thread::unix::Thread::new::thread_start ()\n(More stack frames follow...)\n"
~"\nThread 28 (Thread 0x7ffff45a56c0 (LWP 2268736) \"tokio-rt-worker\"):\n"
~"#0  syscall () at ../sysdeps/unix/sysv/linux/x86_64/syscall.S:38\n#1  0x000055555afdfe39 in parking_lot::condvar::Condvar::wait_until_internal ()\n#2  0x000055555bd97d50 in tokio::runtime::scheduler::multi_thread::worker::Context::park_internal ()\n#3  0x000055555bd96fec in tokio::runtime::scheduler::multi_thread::worker::run ()\n#4  0x000055555bd9506d in tokio::runtime::task::raw::poll ()\n#5  0x000055555bd86b52 in std::sys::backtrace::__rust_begin_short_backtrace ()\n#6  0x000055555bd89aea in core::ops::function::FnOnce::call_once{{vtable.shim}} ()\n#7  0x000055555bd7502a in std::sys::thread::unix::Thread::new::thread_start ()\n(More stack frames follow...)\n"
~"\nThread 27 (Thread 0x7ffff47a66c0 (LWP 2268735) \"tokio-rt-worker\"):\n"
~"#0  syscall () at ../sysdeps/unix/sysv/linux/x86_64/syscall.S:38\n#1  0x000055555afdfe39 in parking_lot::condvar::Condvar::wait_until_internal ()\n#2  0x000055555bd97d50 in tokio::runtime::scheduler::multi_thread::worker::Context::park_internal ()\n#3  0x000055555bd96fec in tokio::runtime::scheduler::multi_thread::worker::run ()\n#4  0x000055555bd9506d in tokio::runtime::task::raw::poll ()\n#5  0x000055555bd86b52 in std::sys::backtrace::__rust_begin_short_backtrace ()\n#6  0x000055555bd89aea in core::ops::function::FnOnce::call_once{{vtable.shim}} ()\n#7  0x000055555bd7502a in std::sys::thread::unix::Thread::new::thread_start ()\n(More stack frames follow...)\n"
~"\nThread 26 (Thread 0x7ffff49a76c0 (LWP 2268734) \"tokio-rt-worker\"):\n"
~"#0  syscall () at ../sysdeps/unix/sysv/linux/x86_64/syscall.S:38\n#1  0x000055555afdfe39 in parking_lot::condvar::Condvar::wait_until_internal ()\n#2  0x000055555bd97d50 in tokio::runtime::scheduler::multi_thread::worker::Context::park_internal ()\n#3  0x000055555bd96fec in tokio::runtime::scheduler::multi_thread::worker::run ()\n#4  0x000055555bd9506d in tokio::runtime::task::raw::poll ()\n#5  0x000055555bd86b52 in std::sys::backtrace::__rust_begin_short_backtrace ()\n#6  0x000055555bd89aea in core::ops::function::FnOnce::call_once{{vtable.shim}} ()\n#7  0x000055555bd7502a in std::sys::thread::unix::Thread::new::thread_start ()\n(More stack frames follow...)\n"
~"\nThread 25 (Thread 0x7ffff4ba86c0 (LWP 2268733) \"tokio-rt-worker\"):\n"
~"#0  syscall () at ../sysdeps/unix/sysv/linux/x86_64/syscall.S:38\n#1  0x000055555afdfe39 in parking_lot::condvar::Condvar::wait_until_internal ()\n#2  0x000055555bd97d50 in tokio::runtime::scheduler::multi_thread::worker::Context::park_internal ()\n#3  0x000055555bd96fec in tokio::runtime::scheduler::multi_thread::worker::run ()\n#4  0x000055555bd9506d in tokio::runtime::task::raw::poll ()\n#5  0x000055555bd86b52 in std::sys::backtrace::__rust_begin_short_backtrace ()\n#6  0x000055555bd89aea in core::ops::function::FnOnce::call_once{{vtable.shim}} ()\n#7  0x000055555bd7502a in std::sys::thread::unix::Thread::new::thread_start ()\n(More stack frames follow...)\n"
~"\nThread 24 (Thread 0x7ffff4da96c0 (LWP 2268732) \"tokio-rt-worker\"):\n"
~"#0  syscall () at ../sysdeps/unix/sysv/linux/x86_64/syscall.S:38\n#1  0x000055555afdfe39 in parking_lot::condvar::Condvar::wait_until_internal ()\n#2  0x000055555bd97d50 in tokio::runtime::scheduler::multi_thread::worker::Context::park_internal ()\n#3  0x000055555bd96fec in tokio::runtime::scheduler::multi_thread::worker::run ()\n#4  0x000055555bd9506d in tokio::runtime::task::raw::poll ()\n#5  0x000055555bd86b52 in std::sys::backtrace::__rust_begin_short_backtrace ()\n#6  0x000055555bd89aea in core::ops::function::FnOnce::call_once{{vtable.shim}} ()\n#7  0x000055555bd7502a in std::sys::thread::unix::Thread::new::thread_start ()\n(More stack frames follow...)\n"
~"\nThread 23 (Thread 0x7ffff4faa6c0 (LWP 2268731) \"tokio-rt-worker\"):\n"
~"#0  syscall () at ../sysdeps/unix/sysv/linux/x86_64/syscall.S:38\n#1  0x000055555afdfe39 in parking_lot::condvar::Condvar::wait_until_internal ()\n#2  0x000055555bd97d50 in tokio::runtime::scheduler::multi_thread::worker::Context::park_internal ()\n#3  0x000055555bd96fec in tokio::runtime::scheduler::multi_thread::worker::run ()\n#4  0x000055555bd9506d in tokio::runtime::task::raw::poll ()\n#5  0x000055555bd86b52 in std::sys::backtrace::__rust_begin_short_backtrace ()\n#6  0x000055555bd89aea in core::ops::function::FnOnce::call_once{{vtable.shim}} ()\n#7  0x000055555bd7502a in std::sys::thread::unix::Thread::new::thread_start ()\n(More stack frames follow...)\n"
~"\nThread 22 (Thread 0x7ffff51ab6c0 (LWP 2268730) \"tokio-rt-worker\"):\n"
~"#0  syscall () at ../sysdeps/unix/sysv/linux/x86_64/syscall.S:38\n#1  0x000055555afdfe39 in parking_lot::condvar::Condvar::wait_until_internal ()\n#2  0x000055555bd97d50 in tokio::runtime::scheduler::multi_thread::worker::Context::park_internal ()\n#3  0x000055555bd96fec in tokio::runtime::scheduler::multi_thread::worker::run ()\n#4  0x000055555bd9506d in tokio::runtime::task::raw::poll ()\n#5  0x000055555bd86b52 in std::sys::backtrace::__rust_begin_short_backtrace ()\n#6  0x000055555bd89aea in core::ops::function::FnOnce::call_once{{vtable.shim}} ()\n#7  0x000055555bd7502a in std::sys::thread::unix::Thread::new::thread_start ()\n(More stack frames follow...)\n"
~"\nThread 21 (Thread 0x7ffff53ac6c0 (LWP 2268729) \"tokio-rt-worker\"):\n"
~"#0  syscall () at ../sysdeps/unix/sysv/linux/x86_64/syscall.S:38\n#1  0x000055555afdfe39 in parking_lot::condvar::Condvar::wait_until_internal ()\n#2  0x000055555bd97d50 in tokio::runtime::scheduler::multi_thread::worker::Context::park_internal ()\n#3  0x000055555bd96fec in tokio::runtime::scheduler::multi_thread::worker::run ()\n#4  0x000055555bd9506d in tokio::runtime::task::raw::poll ()\n#5  0x000055555bd86b52 in std::sys::backtrace::__rust_begin_short_backtrace ()\n#6  0x000055555bd89aea in core::ops::function::FnOnce::call_once{{vtable.shim}} ()\n#7  0x000055555bd7502a in std::sys::thread::unix::Thread::new::thread_start ()\n(More stack frames follow...)\n"
~"\nThread 20 (Thread 0x7ffff55ad6c0 (LWP 2268728) \"tokio-rt-worker\"):\n"
~"#0  syscall () at ../sysdeps/unix/sysv/linux/x86_64/syscall.S:38\n#1  0x000055555afdfe39 in parking_lot::condvar::Condvar::wait_until_internal ()\n#2  0x000055555bd97d50 in tokio::runtime::scheduler::multi_thread::worker::Context::park_internal ()\n#3  0x000055555bd96fec in tokio::runtime::scheduler::multi_thread::worker::run ()\n#4  0x000055555bd9506d in tokio::runtime::task::raw::poll ()\n#5  0x000055555bd86b52 in std::sys::backtrace::__rust_begin_short_backtrace ()\n#6  0x000055555bd89aea in core::ops::function::FnOnce::call_once{{vtable.shim}} ()\n#7  0x000055555bd7502a in std::sys::thread::unix::Thread::new::thread_start ()\n(More stack frames follow...)\n"
~"\nThread 19 (Thread 0x7ffff57ae6c0 (LWP 2268727) \"tokio-rt-worker\"):\n"
~"#0  syscall () at ../sysdeps/unix/sysv/linux/x86_64/syscall.S:38\n#1  0x000055555afdfe39 in parking_lot::condvar::Condvar::wait_until_internal ()\n#2  0x000055555bd97d50 in tokio::runtime::scheduler::multi_thread::worker::Context::park_internal ()\n#3  0x000055555bd96fec in tokio::runtime::scheduler::multi_thread::worker::run ()\n#4  0x000055555bd9506d in tokio::runtime::task::raw::poll ()\n#5  0x000055555bd86b52 in std::sys::backtrace::__rust_begin_short_backtrace ()\n#6  0x000055555bd89aea in core::ops::function::FnOnce::call_once{{vtable.shim}} ()\n#7  0x000055555bd7502a in std::sys::thread::unix::Thread::new::thread_start ()\n(More stack frames follow...)\n"
~"\nThread 18 (Thread 0x7ffff59af6c0 (LWP 2268726) \"tokio-rt-worker\"):\n"
~"#0  0x00007ffff7d2a2d2 in epoll_wait (epfd=3, events=0x36f6e300000, maxevents=1024, timeout=-1) at ../sysdeps/unix/sysv/linux/epoll_wait.c:30\n#1  0x000055555bd994ae in tokio::runtime::io::driver::Driver::turn ()\n#2  0x000055555bd9919d in tokio::runtime::time::Driver::park_internal ()\n#3  0x000055555bd97b94 in tokio::runtime::scheduler::multi_thread::worker::Context::park_internal ()\n#4  0x000055555bd96fec in tokio::runtime::scheduler::multi_thread::worker::run ()\n#5  0x000055555bd9506d in tokio::runtime::task::raw::poll ()\n#6  0x000055555bd86b52 in std::sys::backtrace::__rust_begin_short_backtrace ()\n#7  0x000055555bd89aea in core::ops::function::FnOnce::call_once{{vtable.shim}} ()\n(More stack frames follow...)\n"
~"\nThread 17 (Thread 0x7ffff5bb06c0 (LWP 2268725) \"qe-worker-15\"):\n"
~"#0  syscall () at ../sysdeps/unix/sysv/linux/x86_64/syscall.S:38\n#1  0x000055555ba4c877 in rayon_core::sleep::Sleep::sleep ()\n#2  0x000055555ba4c30b in rayon_core::registry::WorkerThread::wait_until_cold ()\n#3  0x000055555ba4bcd2 in std::sys::backtrace::__rust_begin_short_backtrace ()\n#4  0x000055555ba4ba3c in core::ops::function::FnOnce::call_once{{vtable.shim}} ()\n#5  0x000055555bd7502a in std::sys::thread::unix::Thread::new::thread_start ()\n#6  0x00007ffff7c9cb84 in start_thread (arg=<optimized out>) at ./nptl/pthread_create.c:447\n#7  0x00007ffff7d29ecc in clone3 () at ../sysdeps/unix/sysv/linux/x86_64/clone3.S:78\n"
~"\nThread 16 (Thread 0x7ffff5db16c0 (LWP 2268724) \"qe-worker-14\"):\n"
~"#0  syscall () at ../sysdeps/unix/sysv/linux/x86_64/syscall.S:38\n#1  0x000055555ba4c877 in rayon_core::sleep::Sleep::sleep ()\n#2  0x000055555ba4c30b in rayon_core::registry::WorkerThread::wait_until_cold ()\n#3  0x000055555ba4bcd2 in std::sys::backtrace::__rust_begin_short_backtrace ()\n#4  0x000055555ba4ba3c in core::ops::function::FnOnce::call_once{{vtable.shim}} ()\n#5  0x000055555bd7502a in std::sys::thread::unix::Thread::new::thread_start ()\n#6  0x00007ffff7c9cb84 in start_thread (arg=<optimized out>) at ./nptl/pthread_create.c:447\n#7  0x00007ffff7d29ecc in clone3 () at ../sysdeps/unix/sysv/linux/x86_64/clone3.S:78\n"
~"\nThread 15 (Thread 0x7ffff5fb26c0 (LWP 2268723) \"qe-worker-13\"):\n"
~"#0  syscall () at ../sysdeps/unix/sysv/linux/x86_64/syscall.S:38\n#1  0x000055555ba4c877 in rayon_core::sleep::Sleep::sleep ()\n#2  0x000055555ba4c30b in rayon_core::registry::WorkerThread::wait_until_cold ()\n#3  0x000055555ba4bcd2 in std::sys::backtrace::__rust_begin_short_backtrace ()\n#4  0x000055555ba4ba3c in core::ops::function::FnOnce::call_once{{vtable.shim}} ()\n#5  0x000055555bd7502a in std::sys::thread::unix::Thread::new::thread_start ()\n#6  0x00007ffff7c9cb84 in start_thread (arg=<optimized out>) at ./nptl/pthread_create.c:447\n#7  0x00007ffff7d29ecc in clone3 () at ../sysdeps/unix/sysv/linux/x86_64/clone3.S:78\n"
~"\nThread 14 (Thread 0x7ffff61b36c0 (LWP 2268722) \"qe-worker-12\"):\n"
~"#0  syscall () at ../sysdeps/unix/sysv/linux/x86_64/syscall.S:38\n#1  0x000055555ba4c877 in rayon_core::sleep::Sleep::sleep ()\n#2  0x000055555ba4c30b in rayon_core::registry::WorkerThread::wait_until_cold ()\n#3  0x000055555ba4bcd2 in std::sys::backtrace::__rust_begin_short_backtrace ()\n#4  0x000055555ba4ba3c in core::ops::function::FnOnce::call_once{{vtable.shim}} ()\n#5  0x000055555bd7502a in std::sys::thread::unix::Thread::new::thread_start ()\n#6  0x00007ffff7c9cb84 in start_thread (arg=<optimized out>) at ./nptl/pthread_create.c:447\n#7  0x00007ffff7d29ecc in clone3 () at ../sysdeps/unix/sysv/linux/x86_64/clone3.S:78\n"
~"\nThread 13 (Thread 0x7ffff63b46c0 (LWP 2268721) \"qe-worker-11\"):\n"
~"#0  syscall () at ../sysdeps/unix/sysv/linux/x86_64/syscall.S:38\n#1  0x000055555ba4c877 in rayon_core::sleep::Sleep::sleep ()\n#2  0x000055555ba4c30b in rayon_core::registry::WorkerThread::wait_until_cold ()\n#3  0x000055555ba4bcd2 in std::sys::backtrace::__rust_begin_short_backtrace ()\n#4  0x000055555ba4ba3c in core::ops::function::FnOnce::call_once{{vtable.shim}} ()\n#5  0x000055555bd7502a in std::sys::thread::unix::Thread::new::thread_start ()\n#6  0x00007ffff7c9cb84 in start_thread (arg=<optimized out>) at ./nptl/pthread_create.c:447\n#7  0x00007ffff7d29ecc in clone3 () at ../sysdeps/unix/sysv/linux/x86_64/clone3.S:78\n"
~"\nThread 12 (Thread 0x7ffff65b56c0 (LWP 2268720) \"qe-worker-10\"):\n"
~"#0  syscall () at ../sysdeps/unix/sysv/linux/x86_64/syscall.S:38\n#1  0x000055555ba4c877 in rayon_core::sleep::Sleep::sleep ()\n#2  0x000055555ba4c30b in rayon_core::registry::WorkerThread::wait_until_cold ()\n#3  0x000055555ba4bcd2 in std::sys::backtrace::__rust_begin_short_backtrace ()\n#4  0x000055555ba4ba3c in core::ops::function::FnOnce::call_once{{vtable.shim}} ()\n#5  0x000055555bd7502a in std::sys::thread::unix::Thread::new::thread_start ()\n#6  0x00007ffff7c9cb84 in start_thread (arg=<optimized out>) at ./nptl/pthread_create.c:447\n#7  0x00007ffff7d29ecc in clone3 () at ../sysdeps/unix/sysv/linux/x86_64/clone3.S:78\n"
~"\nThread 11 (Thread 0x7ffff67b66c0 (LWP 2268719) \"qe-worker-9\"):\n"
~"#0  syscall () at ../sysdeps/unix/sysv/linux/x86_64/syscall.S:38\n#1  0x000055555ba4c877 in rayon_core::sleep::Sleep::sleep ()\n#2  0x000055555ba4c30b in rayon_core::registry::WorkerThread::wait_until_cold ()\n#3  0x000055555ba4bcd2 in std::sys::backtrace::__rust_begin_short_backtrace ()\n#4  0x000055555ba4ba3c in core::ops::function::FnOnce::call_once{{vtable.shim}} ()\n#5  0x000055555bd7502a in std::sys::thread::unix::Thread::new::thread_start ()\n#6  0x00007ffff7c9cb84 in start_thread (arg=<optimized out>) at ./nptl/pthread_create.c:447\n#7  0x00007ffff7d29ecc in clone3 () at ../sysdeps/unix/sysv/linux/x86_64/clone3.S:78\n"
~"\nThread 10 (Thread 0x7ffff69b76c0 (LWP 2268718) \"qe-worker-8\"):\n"
~"#0  syscall () at ../sysdeps/unix/sysv/linux/x86_64/syscall.S:38\n#1  0x000055555ba4c877 in rayon_core::sleep::Sleep::sleep ()\n#2  0x000055555ba4c30b in rayon_core::registry::WorkerThread::wait_until_cold ()\n#3  0x000055555ba4bcd2 in std::sys::backtrace::__rust_begin_short_backtrace ()\n#4  0x000055555ba4ba3c in core::ops::function::FnOnce::call_once{{vtable.shim}} ()\n#5  0x000055555bd7502a in std::sys::thread::unix::Thread::new::thread_start ()\n#6  0x00007ffff7c9cb84 in start_thread (arg=<optimized out>) at ./nptl/pthread_create.c:447\n#7  0x00007ffff7d29ecc in clone3 () at ../sysdeps/unix/sysv/linux/x86_64/clone3.S:78\n"
~"\nThread 9 (Thread 0x7ffff6bb86c0 (LWP 2268717) \"qe-worker-7\"):\n"
~"#0  syscall () at ../sysdeps/unix/sysv/linux/x86_64/syscall.S:38\n#1  0x000055555ba4c877 in rayon_core::sleep::Sleep::sleep ()\n#2  0x000055555ba4c30b in rayon_core::registry::WorkerThread::wait_until_cold ()\n#3  0x000055555ba4bcd2 in std::sys::backtrace::__rust_begin_short_backtrace ()\n#4  0x000055555ba4ba3c in core::ops::function::FnOnce::call_once{{vtable.shim}} ()\n#5  0x000055555bd7502a in std::sys::thread::unix::Thread::new::thread_start ()\n#6  0x00007ffff7c9cb84 in start_thread (arg=<optimized out>) at ./nptl/pthread_create.c:447\n#7  0x00007ffff7d29ecc in clone3 () at ../sysdeps/unix/sysv/linux/x86_64/clone3.S:78\n"
~"\nThread 8 (Thread 0x7ffff6db96c0 (LWP 2268716) \"qe-worker-6\"):\n"
~"#0  syscall () at ../sysdeps/unix/sysv/linux/x86_64/syscall.S:38\n#1  0x000055555ba4c877 in rayon_core::sleep::Sleep::sleep ()\n#2  0x000055555ba4c30b in rayon_core::registry::WorkerThread::wait_until_cold ()\n#3  0x000055555ba4bcd2 in std::sys::backtrace::__rust_begin_short_backtrace ()\n#4  0x000055555ba4ba3c in core::ops::function::FnOnce::call_once{{vtable.shim}} ()\n#5  0x000055555bd7502a in std::sys::thread::unix::Thread::new::thread_start ()\n#6  0x00007ffff7c9cb84 in start_thread (arg=<optimized out>) at ./nptl/pthread_create.c:447\n#7  0x00007ffff7d29ecc in clone3 () at ../sysdeps/unix/sysv/linux/x86_64/clone3.S:78\n"
~"\nThread 7 (Thread 0x7ffff6fba6c0 (LWP 2268715) \"qe-worker-5\"):\n"
~"#0  syscall () at ../sysdeps/unix/sysv/linux/x86_64/syscall.S:38\n#1  0x000055555ba4c877 in rayon_core::sleep::Sleep::sleep ()\n#2  0x000055555ba4c30b in rayon_core::registry::WorkerThread::wait_until_cold ()\n#3  0x000055555ba4bcd2 in std::sys::backtrace::__rust_begin_short_backtrace ()\n#4  0x000055555ba4ba3c in core::ops::function::FnOnce::call_once{{vtable.shim}} ()\n#5  0x000055555bd7502a in std::sys::thread::unix::Thread::new::thread_start ()\n#6  0x00007ffff7c9cb84 in start_thread (arg=<optimized out>) at ./nptl/pthread_create.c:447\n#7  0x00007ffff7d29ecc in clone3 () at ../sysdeps/unix/sysv/linux/x86_64/clone3.S:78\n"
~"\nThread 6 (Thread 0x7ffff71bb6c0 (LWP 2268714) \"qe-worker-4\"):\n"
~"#0  syscall () at ../sysdeps/unix/sysv/linux/x86_64/syscall.S:38\n#1  0x000055555ba4c877 in rayon_core::sleep::Sleep::sleep ()\n#2  0x000055555ba4c30b in rayon_core::registry::WorkerThread::wait_until_cold ()\n#3  0x000055555ba4bcd2 in std::sys::backtrace::__rust_begin_short_backtrace ()\n#4  0x000055555ba4ba3c in core::ops::function::FnOnce::call_once{{vtable.shim}} ()\n#5  0x000055555bd7502a in std::sys::thread::unix::Thread::new::thread_start ()\n#6  0x00007ffff7c9cb84 in start_thread (arg=<optimized out>) at ./nptl/pthread_create.c:447\n#7  0x00007ffff7d29ecc in clone3 () at ../sysdeps/unix/sysv/linux/x86_64/clone3.S:78\n"
~"\nThread 5 (Thread 0x7ffff73bc6c0 (LWP 2268713) \"qe-worker-3\"):\n"
~"#0  syscall () at ../sysdeps/unix/sysv/linux/x86_64/syscall.S:38\n#1  0x000055555ba4c877 in rayon_core::sleep::Sleep::sleep ()\n#2  0x000055555ba4c30b in rayon_core::registry::WorkerThread::wait_until_cold ()\n#3  0x000055555ba4bcd2 in std::sys::backtrace::__rust_begin_short_backtrace ()\n#4  0x000055555ba4ba3c in core::ops::function::FnOnce::call_once{{vtable.shim}} ()\n#5  0x000055555bd7502a in std::sys::thread::unix::Thread::new::thread_start ()\n#6  0x00007ffff7c9cb84 in start_thread (arg=<optimized out>) at ./nptl/pthread_create.c:447\n#7  0x00007ffff7d29ecc in clone3 () at ../sysdeps/unix/sysv/linux/x86_64/clone3.S:78\n"
~"\nThread 4 (Thread 0x7ffff75bd6c0 (LWP 2268712) \"qe-worker-2\"):\n"
~"#0  syscall () at ../sysdeps/unix/sysv/linux/x86_64/syscall.S:38\n#1  0x000055555ba4c877 in rayon_core::sleep::Sleep::sleep ()\n#2  0x000055555ba4c30b in rayon_core::registry::WorkerThread::wait_until_cold ()\n#3  0x000055555ba4bcd2 in std::sys::backtrace::__rust_begin_short_backtrace ()\n#4  0x000055555ba4ba3c in core::ops::function::FnOnce::call_once{{vtable.shim}} ()\n#5  0x000055555bd7502a in std::sys::thread::unix::Thread::new::thread_start ()\n#6  0x00007ffff7c9cb84 in start_thread (arg=<optimized out>) at ./nptl/pthread_create.c:447\n#7  0x00007ffff7d29ecc in clone3 () at ../sysdeps/unix/sysv/linux/x86_64/clone3.S:78\n"
~"\nThread 3 (Thread 0x7ffff77be6c0 (LWP 2268711) \"qe-worker-1\"):\n"
~"#0  syscall () at ../sysdeps/unix/sysv/linux/x86_64/syscall.S:38\n#1  0x000055555ba4c877 in rayon_core::sleep::Sleep::sleep ()\n#2  0x000055555ba4c30b in rayon_core::registry::WorkerThread::wait_until_cold ()\n#3  0x000055555ba4bcd2 in std::sys::backtrace::__rust_begin_short_backtrace ()\n#4  0x000055555ba4ba3c in core::ops::function::FnOnce::call_once{{vtable.shim}} ()\n#5  0x000055555bd7502a in std::sys::thread::unix::Thread::new::thread_start ()\n#6  0x00007ffff7c9cb84 in start_thread (arg=<optimized out>) at ./nptl/pthread_create.c:447\n#7  0x00007ffff7d29ecc in clone3 () at ../sysdeps/unix/sysv/linux/x86_64/clone3.S:78\n"
~"\nThread 2 (Thread 0x7ffff79bf6c0 (LWP 2268710) \"qe-worker-0\"):\n"
~"#0  syscall () at ../sysdeps/unix/sysv/linux/x86_64/syscall.S:38\n#1  0x000055555ba4c877 in rayon_core::sleep::Sleep::sleep ()\n#2  0x000055555ba4c30b in rayon_core::registry::WorkerThread::wait_until_cold ()\n#3  0x000055555ba4bcd2 in std::sys::backtrace::__rust_begin_short_backtrace ()\n#4  0x000055555ba4ba3c in core::ops::function::FnOnce::call_once{{vtable.shim}} ()\n#5  0x000055555bd7502a in std::sys::thread::unix::Thread::new::thread_start ()\n#6  0x00007ffff7c9cb84 in start_thread (arg=<optimized out>) at ./nptl/pthread_create.c:447\n#7  0x00007ffff7d29ecc in clone3 () at ../sysdeps/unix/sysv/linux/x86_64/clone3.S:78\n"
~"\nThread 1 (Thread 0x7ffff7e8d100 (LWP 2268699) \"serial_frontier\"):\n"
~"#0  syscall () at ../sysdeps/unix/sysv/linux/x86_64/syscall.S:38\n#1  0x000055555ba4d835 in rayon_core::latch::LockLatch::wait_and_reset ()\n#2  0x000055555b531e43 in rayon_core::registry::Registry::in_worker_cold ()\n#3  0x000055555b523e4e in rayon::iter::plumbing::bridge_producer_consumer::helper ()\n#4  0x000055555b4a1e2a in query_engine::physical::morsel_agg::live_spill::execute::{{closure}} ()\n#5  0x000055555b4930c1 in <query_engine::physical::operators::spillable::SpillableHashAggregateExec as query_engine::physical::plan::PhysicalOperator>::execute::{{closure}} ()\n#6  0x000055555b632182 in <query_engine::physical::operators::project::ProjectExec as query_engine::physical::plan::PhysicalOperator>::execute::{{closure}} ()\n#7  0x000055555b4a7680 in query_engine::physical::operators::spillable::stream_merge_input_partitions::{{closure}} ()\n(More stack frames follow...)\n"
65^done
(gdb) 
66^running
*running,thread-id="all"
(gdb) 
67^done
(gdb) 
~"\nThread "
~"1 \"serial_frontier\" received signal SIGINT, Interrupt.\n"
~"syscall () at ../sysdeps/unix/sysv/linux/x86_64/syscall.S:38\n"
~"38\tin ../sysdeps/unix/sysv/linux/x86_64/syscall.S\n"
*stopped,reason="signal-received",signal-name="SIGINT",signal-meaning="Interrupt",frame={addr="0x00007ffff7d2752d",func="syscall",args=[],file="../sysdeps/unix/sysv/linux/x86_64/syscall.S",fullname="./misc/../sysdeps/unix/sysv/linux/x86_64/syscall.S",line="38",arch="i386:x86-64"},thread-id="1",stopped-threads="all",core="2"
~"\nThread 34 (Thread 0x7fff877fb6c0 (LWP 2268742) \"tokio-rt-worker\"):\n"
~"#0  syscall () at ../sysdeps/unix/sysv/linux/x86_64/syscall.S:38\n#1  0x000055555afdfe97 in parking_lot::condvar::Condvar::wait_until_internal ()\n#2  0x000055555bd86bfa in std::sys::backtrace::__rust_begin_short_backtrace ()\n#3  0x000055555bd89aea in core::ops::function::FnOnce::call_once{{vtable.shim}} ()\n#4  0x000055555bd7502a in std::sys::thread::unix::Thread::new::thread_start ()\n#5  0x00007ffff7c9cb84 in start_thread (arg=<optimized out>) at ./nptl/pthread_create.c:447\n#6  0x00007ffff7d29ecc in clone3 () at ../sysdeps/unix/sysv/linux/x86_64/clone3.S:78\n"
~"\nThread 33 (Thread 0x7fff879fc6c0 (LWP 2268741) \"tokio-rt-worker\"):\n"
~"#0  syscall () at ../sysdeps/unix/sysv/linux/x86_64/syscall.S:38\n#1  0x000055555afdfe39 in parking_lot::condvar::Condvar::wait_until_internal ()\n#2  0x000055555bd97d50 in tokio::runtime::scheduler::multi_thread::worker::Context::park_internal ()\n#3  0x000055555bd96fec in tokio::runtime::scheduler::multi_thread::worker::run ()\n#4  0x000055555bd9506d in tokio::runtime::task::raw::poll ()\n#5  0x000055555bd86b52 in std::sys::backtrace::__rust_begin_short_backtrace ()\n#6  0x000055555bd89aea in core::ops::function::FnOnce::call_once{{vtable.shim}} ()\n#7  0x000055555bd7502a in std::sys::thread::unix::Thread::new::thread_start ()\n(More stack frames follow...)\n"
~"\nThread 32 (Thread 0x7fff87bfd6c0 (LWP 2268740) \"tokio-rt-worker\"):\n"
~"#0  syscall () at ../sysdeps/unix/sysv/linux/x86_64/syscall.S:38\n#1  0x000055555afdfe39 in parking_lot::condvar::Condvar::wait_until_internal ()\n#2  0x000055555bd97d50 in tokio::runtime::scheduler::multi_thread::worker::Context::park_internal ()\n#3  0x000055555bd96fec in tokio::runtime::scheduler::multi_thread::worker::run ()\n#4  0x000055555bd9506d in tokio::runtime::task::raw::poll ()\n#5  0x000055555bd86b52 in std::sys::backtrace::__rust_begin_short_backtrace ()\n#6  0x000055555bd89aea in core::ops::function::FnOnce::call_once{{vtable.shim}} ()\n#7  0x000055555bd7502a in std::sys::thread::unix::Thread::new::thread_start ()\n(More stack frames follow...)\n"
~"\nThread 31 (Thread 0x7fff87dfe6c0 (LWP 2268739) \"tokio-rt-worker\"):\n"
~"#0  syscall () at ../sysdeps/unix/sysv/linux/x86_64/syscall.S:38\n#1  0x000055555afdfe39 in parking_lot::condvar::Condvar::wait_until_internal ()\n#2  0x000055555bd97d50 in tokio::runtime::scheduler::multi_thread::worker::Context::park_internal ()\n#3  0x000055555bd96fec in tokio::runtime::scheduler::multi_thread::worker::run ()\n#4  0x000055555bd9506d in tokio::runtime::task::raw::poll ()\n#5  0x000055555bd86b52 in std::sys::backtrace::__rust_begin_short_backtrace ()\n#6  0x000055555bd89aea in core::ops::function::FnOnce::call_once{{vtable.shim}} ()\n#7  0x000055555bd7502a in std::sys::thread::unix::Thread::new::thread_start ()\n(More stack frames follow...)\n"
~"\nThread 30 (Thread 0x7fff87fff6c0 (LWP 2268738) \"tokio-rt-worker\"):\n"
~"#0  syscall () at ../sysdeps/unix/sysv/linux/x86_64/syscall.S:38\n#1  0x000055555afdfe39 in parking_lot::condvar::Condvar::wait_until_internal ()\n#2  0x000055555bd97d50 in tokio::runtime::scheduler::multi_thread::worker::Context::park_internal ()\n#3  0x000055555bd96fec in tokio::runtime::scheduler::multi_thread::worker::run ()\n#4  0x000055555bd9506d in tokio::runtime::task::raw::poll ()\n#5  0x000055555bd86b52 in std::sys::backtrace::__rust_begin_short_backtrace ()\n#6  0x000055555bd89aea in core::ops::function::FnOnce::call_once{{vtable.shim}} ()\n#7  0x000055555bd7502a in std::sys::thread::unix::Thread::new::thread_start ()\n(More stack frames follow...)\n"
~"\nThread 29 (Thread 0x7ffff43a46c0 (LWP 2268737) \"tokio-rt-worker\"):\n"
~"#0  syscall () at ../sysdeps/unix/sysv/linux/x86_64/syscall.S:38\n#1  0x000055555afdfe39 in parking_lot::condvar::Condvar::wait_until_internal ()\n#2  0x000055555bd97d50 in tokio::runtime::scheduler::multi_thread::worker::Context::park_internal ()\n#3  0x000055555bd96fec in tokio::runtime::scheduler::multi_thread::worker::run ()\n#4  0x000055555bd9506d in tokio::runtime::task::raw::poll ()\n#5  0x000055555bd86b52 in std::sys::backtrace::__rust_begin_short_backtrace ()\n#6  0x000055555bd89aea in core::ops::function::FnOnce::call_once{{vtable.shim}} ()\n#7  0x000055555bd7502a in std::sys::thread::unix::Thread::new::thread_start ()\n(More stack frames follow...)\n"
~"\nThread 28 (Thread 0x7ffff45a56c0 (LWP 2268736) \"tokio-rt-worker\"):\n"
~"#0  syscall () at ../sysdeps/unix/sysv/linux/x86_64/syscall.S:38\n#1  0x000055555afdfe39 in parking_lot::condvar::Condvar::wait_until_internal ()\n#2  0x000055555bd97d50 in tokio::runtime::scheduler::multi_thread::worker::Context::park_internal ()\n#3  0x000055555bd96fec in tokio::runtime::scheduler::multi_thread::worker::run ()\n#4  0x000055555bd9506d in tokio::runtime::task::raw::poll ()\n#5  0x000055555bd86b52 in std::sys::backtrace::__rust_begin_short_backtrace ()\n#6  0x000055555bd89aea in core::ops::function::FnOnce::call_once{{vtable.shim}} ()\n#7  0x000055555bd7502a in std::sys::thread::unix::Thread::new::thread_start ()\n(More stack frames follow...)\n"
~"\nThread 27 (Thread 0x7ffff47a66c0 (LWP 2268735) \"tokio-rt-worker\"):\n"
~"#0  syscall () at ../sysdeps/unix/sysv/linux/x86_64/syscall.S:38\n#1  0x000055555afdfe39 in parking_lot::condvar::Condvar::wait_until_internal ()\n#2  0x000055555bd97d50 in tokio::runtime::scheduler::multi_thread::worker::Context::park_internal ()\n#3  0x000055555bd96fec in tokio::runtime::scheduler::multi_thread::worker::run ()\n#4  0x000055555bd9506d in tokio::runtime::task::raw::poll ()\n#5  0x000055555bd86b52 in std::sys::backtrace::__rust_begin_short_backtrace ()\n#6  0x000055555bd89aea in core::ops::function::FnOnce::call_once{{vtable.shim}} ()\n#7  0x000055555bd7502a in std::sys::thread::unix::Thread::new::thread_start ()\n(More stack frames follow...)\n"
~"\nThread 26 (Thread 0x7ffff49a76c0 (LWP 2268734) \"tokio-rt-worker\"):\n"
~"#0  syscall () at ../sysdeps/unix/sysv/linux/x86_64/syscall.S:38\n#1  0x000055555afdfe39 in parking_lot::condvar::Condvar::wait_until_internal ()\n#2  0x000055555bd97d50 in tokio::runtime::scheduler::multi_thread::worker::Context::park_internal ()\n#3  0x000055555bd96fec in tokio::runtime::scheduler::multi_thread::worker::run ()\n#4  0x000055555bd9506d in tokio::runtime::task::raw::poll ()\n#5  0x000055555bd86b52 in std::sys::backtrace::__rust_begin_short_backtrace ()\n#6  0x000055555bd89aea in core::ops::function::FnOnce::call_once{{vtable.shim}} ()\n#7  0x000055555bd7502a in std::sys::thread::unix::Thread::new::thread_start ()\n(More stack frames follow...)\n"
~"\nThread 25 (Thread 0x7ffff4ba86c0 (LWP 2268733) \"tokio-rt-worker\"):\n"
~"#0  syscall () at ../sysdeps/unix/sysv/linux/x86_64/syscall.S:38\n#1  0x000055555afdfe39 in parking_lot::condvar::Condvar::wait_until_internal ()\n#2  0x000055555bd97d50 in tokio::runtime::scheduler::multi_thread::worker::Context::park_internal ()\n#3  0x000055555bd96fec in tokio::runtime::scheduler::multi_thread::worker::run ()\n#4  0x000055555bd9506d in tokio::runtime::task::raw::poll ()\n#5  0x000055555bd86b52 in std::sys::backtrace::__rust_begin_short_backtrace ()\n#6  0x000055555bd89aea in core::ops::function::FnOnce::call_once{{vtable.shim}} ()\n#7  0x000055555bd7502a in std::sys::thread::unix::Thread::new::thread_start ()\n(More stack frames follow...)\n"
~"\nThread 24 (Thread 0x7ffff4da96c0 (LWP 2268732) \"tokio-rt-worker\"):\n"
~"#0  syscall () at ../sysdeps/unix/sysv/linux/x86_64/syscall.S:38\n#1  0x000055555afdfe39 in parking_lot::condvar::Condvar::wait_until_internal ()\n#2  0x000055555bd97d50 in tokio::runtime::scheduler::multi_thread::worker::Context::park_internal ()\n#3  0x000055555bd96fec in tokio::runtime::scheduler::multi_thread::worker::run ()\n#4  0x000055555bd9506d in tokio::runtime::task::raw::poll ()\n#5  0x000055555bd86b52 in std::sys::backtrace::__rust_begin_short_backtrace ()\n#6  0x000055555bd89aea in core::ops::function::FnOnce::call_once{{vtable.shim}} ()\n#7  0x000055555bd7502a in std::sys::thread::unix::Thread::new::thread_start ()\n(More stack frames follow...)\n"
~"\nThread 23 (Thread 0x7ffff4faa6c0 (LWP 2268731) \"tokio-rt-worker\"):\n"
~"#0  syscall () at ../sysdeps/unix/sysv/linux/x86_64/syscall.S:38\n#1  0x000055555afdfe39 in parking_lot::condvar::Condvar::wait_until_internal ()\n#2  0x000055555bd97d50 in tokio::runtime::scheduler::multi_thread::worker::Context::park_internal ()\n#3  0x000055555bd96fec in tokio::runtime::scheduler::multi_thread::worker::run ()\n#4  0x000055555bd9506d in tokio::runtime::task::raw::poll ()\n#5  0x000055555bd86b52 in std::sys::backtrace::__rust_begin_short_backtrace ()\n#6  0x000055555bd89aea in core::ops::function::FnOnce::call_once{{vtable.shim}} ()\n#7  0x000055555bd7502a in std::sys::thread::unix::Thread::new::thread_start ()\n(More stack frames follow...)\n"
~"\nThread 22 (Thread 0x7ffff51ab6c0 (LWP 2268730) \"tokio-rt-worker\"):\n"
~"#0  syscall () at ../sysdeps/unix/sysv/linux/x86_64/syscall.S:38\n#1  0x000055555afdfe39 in parking_lot::condvar::Condvar::wait_until_internal ()\n#2  0x000055555bd97d50 in tokio::runtime::scheduler::multi_thread::worker::Context::park_internal ()\n#3  0x000055555bd96fec in tokio::runtime::scheduler::multi_thread::worker::run ()\n#4  0x000055555bd9506d in tokio::runtime::task::raw::poll ()\n#5  0x000055555bd86b52 in std::sys::backtrace::__rust_begin_short_backtrace ()\n#6  0x000055555bd89aea in core::ops::function::FnOnce::call_once{{vtable.shim}} ()\n#7  0x000055555bd7502a in std::sys::thread::unix::Thread::new::thread_start ()\n(More stack frames follow...)\n"
~"\nThread 21 (Thread 0x7ffff53ac6c0 (LWP 2268729) \"tokio-rt-worker\"):\n"
~"#0  syscall () at ../sysdeps/unix/sysv/linux/x86_64/syscall.S:38\n#1  0x000055555afdfe39 in parking_lot::condvar::Condvar::wait_until_internal ()\n#2  0x000055555bd97d50 in tokio::runtime::scheduler::multi_thread::worker::Context::park_internal ()\n#3  0x000055555bd96fec in tokio::runtime::scheduler::multi_thread::worker::run ()\n#4  0x000055555bd9506d in tokio::runtime::task::raw::poll ()\n#5  0x000055555bd86b52 in std::sys::backtrace::__rust_begin_short_backtrace ()\n#6  0x000055555bd89aea in core::ops::function::FnOnce::call_once{{vtable.shim}} ()\n#7  0x000055555bd7502a in std::sys::thread::unix::Thread::new::thread_start ()\n(More stack frames follow...)\n"
~"\nThread 20 (Thread 0x7ffff55ad6c0 (LWP 2268728) \"tokio-rt-worker\"):\n"
~"#0  syscall () at ../sysdeps/unix/sysv/linux/x86_64/syscall.S:38\n#1  0x000055555afdfe39 in parking_lot::condvar::Condvar::wait_until_internal ()\n#2  0x000055555bd97d50 in tokio::runtime::scheduler::multi_thread::worker::Context::park_internal ()\n#3  0x000055555bd96fec in tokio::runtime::scheduler::multi_thread::worker::run ()\n#4  0x000055555bd9506d in tokio::runtime::task::raw::poll ()\n#5  0x000055555bd86b52 in std::sys::backtrace::__rust_begin_short_backtrace ()\n#6  0x000055555bd89aea in core::ops::function::FnOnce::call_once{{vtable.shim}} ()\n#7  0x000055555bd7502a in std::sys::thread::unix::Thread::new::thread_start ()\n(More stack frames follow...)\n"
~"\nThread 19 (Thread 0x7ffff57ae6c0 (LWP 2268727) \"tokio-rt-worker\"):\n"
~"#0  syscall () at ../sysdeps/unix/sysv/linux/x86_64/syscall.S:38\n#1  0x000055555afdfe39 in parking_lot::condvar::Condvar::wait_until_internal ()\n#2  0x000055555bd97d50 in tokio::runtime::scheduler::multi_thread::worker::Context::park_internal ()\n#3  0x000055555bd96fec in tokio::runtime::scheduler::multi_thread::worker::run ()\n#4  0x000055555bd9506d in tokio::runtime::task::raw::poll ()\n#5  0x000055555bd86b52 in std::sys::backtrace::__rust_begin_short_backtrace ()\n#6  0x000055555bd89aea in core::ops::function::FnOnce::call_once{{vtable.shim}} ()\n#7  0x000055555bd7502a in std::sys::thread::unix::Thread::new::thread_start ()\n(More stack frames follow...)\n"
~"\nThread 18 (Thread 0x7ffff59af6c0 (LWP 2268726) \"tokio-rt-worker\"):\n"
~"#0  0x00007ffff7d2a2d2 in epoll_wait (epfd=3, events=0x36f6e300000, maxevents=1024, timeout=-1) at ../sysdeps/unix/sysv/linux/epoll_wait.c:30\n#1  0x000055555bd994ae in tokio::runtime::io::driver::Driver::turn ()\n#2  0x000055555bd9919d in tokio::runtime::time::Driver::park_internal ()\n#3  0x000055555bd97b94 in tokio::runtime::scheduler::multi_thread::worker::Context::park_internal ()\n#4  0x000055555bd96fec in tokio::runtime::scheduler::multi_thread::worker::run ()\n#5  0x000055555bd9506d in tokio::runtime::task::raw::poll ()\n#6  0x000055555bd86b52 in std::sys::backtrace::__rust_begin_short_backtrace ()\n#7  0x000055555bd89aea in core::ops::function::FnOnce::call_once{{vtable.shim}} ()\n(More stack frames follow...)\n"
~"\nThread 17 (Thread 0x7ffff5bb06c0 (LWP 2268725) \"qe-worker-15\"):\n"
~"#0  syscall () at ../sysdeps/unix/sysv/linux/x86_64/syscall.S:38\n#1  0x000055555ba4c877 in rayon_core::sleep::Sleep::sleep ()\n#2  0x000055555ba4c30b in rayon_core::registry::WorkerThread::wait_until_cold ()\n#3  0x000055555ba4bcd2 in std::sys::backtrace::__rust_begin_short_backtrace ()\n#4  0x000055555ba4ba3c in core::ops::function::FnOnce::call_once{{vtable.shim}} ()\n#5  0x000055555bd7502a in std::sys::thread::unix::Thread::new::thread_start ()\n#6  0x00007ffff7c9cb84 in start_thread (arg=<optimized out>) at ./nptl/pthread_create.c:447\n#7  0x00007ffff7d29ecc in clone3 () at ../sysdeps/unix/sysv/linux/x86_64/clone3.S:78\n"
~"\nThread 16 (Thread 0x7ffff5db16c0 (LWP 2268724) \"qe-worker-14\"):\n"
~"#0  syscall () at ../sysdeps/unix/sysv/linux/x86_64/syscall.S:38\n#1  0x000055555ba4c877 in rayon_core::sleep::Sleep::sleep ()\n#2  0x000055555ba4c30b in rayon_core::registry::WorkerThread::wait_until_cold ()\n#3  0x000055555ba4bcd2 in std::sys::backtrace::__rust_begin_short_backtrace ()\n#4  0x000055555ba4ba3c in core::ops::function::FnOnce::call_once{{vtable.shim}} ()\n#5  0x000055555bd7502a in std::sys::thread::unix::Thread::new::thread_start ()\n#6  0x00007ffff7c9cb84 in start_thread (arg=<optimized out>) at ./nptl/pthread_create.c:447\n#7  0x00007ffff7d29ecc in clone3 () at ../sysdeps/unix/sysv/linux/x86_64/clone3.S:78\n"
~"\nThread 15 (Thread 0x7ffff5fb26c0 (LWP 2268723) \"qe-worker-13\"):\n"
~"#0  syscall () at ../sysdeps/unix/sysv/linux/x86_64/syscall.S:38\n#1  0x000055555ba4c877 in rayon_core::sleep::Sleep::sleep ()\n#2  0x000055555ba4c30b in rayon_core::registry::WorkerThread::wait_until_cold ()\n#3  0x000055555ba4bcd2 in std::sys::backtrace::__rust_begin_short_backtrace ()\n#4  0x000055555ba4ba3c in core::ops::function::FnOnce::call_once{{vtable.shim}} ()\n#5  0x000055555bd7502a in std::sys::thread::unix::Thread::new::thread_start ()\n#6  0x00007ffff7c9cb84 in start_thread (arg=<optimized out>) at ./nptl/pthread_create.c:447\n#7  0x00007ffff7d29ecc in clone3 () at ../sysdeps/unix/sysv/linux/x86_64/clone3.S:78\n"
~"\nThread 14 (Thread 0x7ffff61b36c0 (LWP 2268722) \"qe-worker-12\"):\n"
~"#0  syscall () at ../sysdeps/unix/sysv/linux/x86_64/syscall.S:38\n#1  0x000055555ba4c877 in rayon_core::sleep::Sleep::sleep ()\n#2  0x000055555ba4c30b in rayon_core::registry::WorkerThread::wait_until_cold ()\n#3  0x000055555ba4bcd2 in std::sys::backtrace::__rust_begin_short_backtrace ()\n#4  0x000055555ba4ba3c in core::ops::function::FnOnce::call_once{{vtable.shim}} ()\n#5  0x000055555bd7502a in std::sys::thread::unix::Thread::new::thread_start ()\n#6  0x00007ffff7c9cb84 in start_thread (arg=<optimized out>) at ./nptl/pthread_create.c:447\n#7  0x00007ffff7d29ecc in clone3 () at ../sysdeps/unix/sysv/linux/x86_64/clone3.S:78\n"
~"\nThread 13 (Thread 0x7ffff63b46c0 (LWP 2268721) \"qe-worker-11\"):\n"
~"#0  syscall () at ../sysdeps/unix/sysv/linux/x86_64/syscall.S:38\n#1  0x000055555ba4c877 in rayon_core::sleep::Sleep::sleep ()\n#2  0x000055555ba4c30b in rayon_core::registry::WorkerThread::wait_until_cold ()\n#3  0x000055555ba4bcd2 in std::sys::backtrace::__rust_begin_short_backtrace ()\n#4  0x000055555ba4ba3c in core::ops::function::FnOnce::call_once{{vtable.shim}} ()\n#5  0x000055555bd7502a in std::sys::thread::unix::Thread::new::thread_start ()\n#6  0x00007ffff7c9cb84 in start_thread (arg=<optimized out>) at ./nptl/pthread_create.c:447\n#7  0x00007ffff7d29ecc in clone3 () at ../sysdeps/unix/sysv/linux/x86_64/clone3.S:78\n"
~"\nThread 12 (Thread 0x7ffff65b56c0 (LWP 2268720) \"qe-worker-10\"):\n"
~"#0  syscall () at ../sysdeps/unix/sysv/linux/x86_64/syscall.S:38\n#1  0x000055555ba4c877 in rayon_core::sleep::Sleep::sleep ()\n#2  0x000055555ba4c30b in rayon_core::registry::WorkerThread::wait_until_cold ()\n#3  0x000055555ba4bcd2 in std::sys::backtrace::__rust_begin_short_backtrace ()\n#4  0x000055555ba4ba3c in core::ops::function::FnOnce::call_once{{vtable.shim}} ()\n#5  0x000055555bd7502a in std::sys::thread::unix::Thread::new::thread_start ()\n#6  0x00007ffff7c9cb84 in start_thread (arg=<optimized out>) at ./nptl/pthread_create.c:447\n#7  0x00007ffff7d29ecc in clone3 () at ../sysdeps/unix/sysv/linux/x86_64/clone3.S:78\n"
~"\nThread 11 (Thread 0x7ffff67b66c0 (LWP 2268719) \"qe-worker-9\"):\n"
~"#0  syscall () at ../sysdeps/unix/sysv/linux/x86_64/syscall.S:38\n#1  0x000055555ba4c877 in rayon_core::sleep::Sleep::sleep ()\n#2  0x000055555ba4c30b in rayon_core::registry::WorkerThread::wait_until_cold ()\n#3  0x000055555ba4bcd2 in std::sys::backtrace::__rust_begin_short_backtrace ()\n#4  0x000055555ba4ba3c in core::ops::function::FnOnce::call_once{{vtable.shim}} ()\n#5  0x000055555bd7502a in std::sys::thread::unix::Thread::new::thread_start ()\n#6  0x00007ffff7c9cb84 in start_thread (arg=<optimized out>) at ./nptl/pthread_create.c:447\n#7  0x00007ffff7d29ecc in clone3 () at ../sysdeps/unix/sysv/linux/x86_64/clone3.S:78\n"
~"\nThread 10 (Thread 0x7ffff69b76c0 (LWP 2268718) \"qe-worker-8\"):\n"
~"#0  syscall () at ../sysdeps/unix/sysv/linux/x86_64/syscall.S:38\n#1  0x000055555ba4c877 in rayon_core::sleep::Sleep::sleep ()\n#2  0x000055555ba4c30b in rayon_core::registry::WorkerThread::wait_until_cold ()\n#3  0x000055555ba4bcd2 in std::sys::backtrace::__rust_begin_short_backtrace ()\n#4  0x000055555ba4ba3c in core::ops::function::FnOnce::call_once{{vtable.shim}} ()\n#5  0x000055555bd7502a in std::sys::thread::unix::Thread::new::thread_start ()\n#6  0x00007ffff7c9cb84 in start_thread (arg=<optimized out>) at ./nptl/pthread_create.c:447\n#7  0x00007ffff7d29ecc in clone3 () at ../sysdeps/unix/sysv/linux/x86_64/clone3.S:78\n"
~"\nThread 9 (Thread 0x7ffff6bb86c0 (LWP 2268717) \"qe-worker-7\"):\n"
~"#0  syscall () at ../sysdeps/unix/sysv/linux/x86_64/syscall.S:38\n#1  0x000055555ba4c877 in rayon_core::sleep::Sleep::sleep ()\n#2  0x000055555ba4c30b in rayon_core::registry::WorkerThread::wait_until_cold ()\n#3  0x000055555ba4bcd2 in std::sys::backtrace::__rust_begin_short_backtrace ()\n#4  0x000055555ba4ba3c in core::ops::function::FnOnce::call_once{{vtable.shim}} ()\n#5  0x000055555bd7502a in std::sys::thread::unix::Thread::new::thread_start ()\n#6  0x00007ffff7c9cb84 in start_thread (arg=<optimized out>) at ./nptl/pthread_create.c:447\n#7  0x00007ffff7d29ecc in clone3 () at ../sysdeps/unix/sysv/linux/x86_64/clone3.S:78\n"
~"\nThread 8 (Thread 0x7ffff6db96c0 (LWP 2268716) \"qe-worker-6\"):\n"
~"#0  syscall () at ../sysdeps/unix/sysv/linux/x86_64/syscall.S:38\n#1  0x000055555ba4c877 in rayon_core::sleep::Sleep::sleep ()\n#2  0x000055555ba4c30b in rayon_core::registry::WorkerThread::wait_until_cold ()\n#3  0x000055555ba4bcd2 in std::sys::backtrace::__rust_begin_short_backtrace ()\n#4  0x000055555ba4ba3c in core::ops::function::FnOnce::call_once{{vtable.shim}} ()\n#5  0x000055555bd7502a in std::sys::thread::unix::Thread::new::thread_start ()\n#6  0x00007ffff7c9cb84 in start_thread (arg=<optimized out>) at ./nptl/pthread_create.c:447\n#7  0x00007ffff7d29ecc in clone3 () at ../sysdeps/unix/sysv/linux/x86_64/clone3.S:78\n"
~"\nThread 7 (Thread 0x7ffff6fba6c0 (LWP 2268715) \"qe-worker-5\"):\n"
~"#0  syscall () at ../sysdeps/unix/sysv/linux/x86_64/syscall.S:38\n#1  0x000055555ba4c877 in rayon_core::sleep::Sleep::sleep ()\n#2  0x000055555ba4c30b in rayon_core::registry::WorkerThread::wait_until_cold ()\n#3  0x000055555ba4bcd2 in std::sys::backtrace::__rust_begin_short_backtrace ()\n#4  0x000055555ba4ba3c in core::ops::function::FnOnce::call_once{{vtable.shim}} ()\n#5  0x000055555bd7502a in std::sys::thread::unix::Thread::new::thread_start ()\n#6  0x00007ffff7c9cb84 in start_thread (arg=<optimized out>) at ./nptl/pthread_create.c:447\n#7  0x00007ffff7d29ecc in clone3 () at ../sysdeps/unix/sysv/linux/x86_64/clone3.S:78\n"
~"\nThread 6 (Thread 0x7ffff71bb6c0 (LWP 2268714) \"qe-worker-4\"):\n"
~"#0  syscall () at ../sysdeps/unix/sysv/linux/x86_64/syscall.S:38\n#1  0x000055555ba4c877 in rayon_core::sleep::Sleep::sleep ()\n#2  0x000055555ba4c30b in rayon_core::registry::WorkerThread::wait_until_cold ()\n#3  0x000055555ba4bcd2 in std::sys::backtrace::__rust_begin_short_backtrace ()\n#4  0x000055555ba4ba3c in core::ops::function::FnOnce::call_once{{vtable.shim}} ()\n#5  0x000055555bd7502a in std::sys::thread::unix::Thread::new::thread_start ()\n#6  0x00007ffff7c9cb84 in start_thread (arg=<optimized out>) at ./nptl/pthread_create.c:447\n#7  0x00007ffff7d29ecc in clone3 () at ../sysdeps/unix/sysv/linux/x86_64/clone3.S:78\n"
~"\nThread 5 (Thread 0x7ffff73bc6c0 (LWP 2268713) \"qe-worker-3\"):\n"
~"#0  syscall () at ../sysdeps/unix/sysv/linux/x86_64/syscall.S:38\n#1  0x000055555ba4c877 in rayon_core::sleep::Sleep::sleep ()\n#2  0x000055555ba4c30b in rayon_core::registry::WorkerThread::wait_until_cold ()\n#3  0x000055555ba4bcd2 in std::sys::backtrace::__rust_begin_short_backtrace ()\n#4  0x000055555ba4ba3c in core::ops::function::FnOnce::call_once{{vtable.shim}} ()\n#5  0x000055555bd7502a in std::sys::thread::unix::Thread::new::thread_start ()\n#6  0x00007ffff7c9cb84 in start_thread (arg=<optimized out>) at ./nptl/pthread_create.c:447\n#7  0x00007ffff7d29ecc in clone3 () at ../sysdeps/unix/sysv/linux/x86_64/clone3.S:78\n"
~"\nThread 4 (Thread 0x7ffff75bd6c0 (LWP 2268712) \"qe-worker-2\"):\n"
~"#0  syscall () at ../sysdeps/unix/sysv/linux/x86_64/syscall.S:38\n#1  0x000055555ba4c877 in rayon_core::sleep::Sleep::sleep ()\n#2  0x000055555ba4c30b in rayon_core::registry::WorkerThread::wait_until_cold ()\n#3  0x000055555ba4bcd2 in std::sys::backtrace::__rust_begin_short_backtrace ()\n#4  0x000055555ba4ba3c in core::ops::function::FnOnce::call_once{{vtable.shim}} ()\n#5  0x000055555bd7502a in std::sys::thread::unix::Thread::new::thread_start ()\n#6  0x00007ffff7c9cb84 in start_thread (arg=<optimized out>) at ./nptl/pthread_create.c:447\n#7  0x00007ffff7d29ecc in clone3 () at ../sysdeps/unix/sysv/linux/x86_64/clone3.S:78\n"
~"\nThread 3 (Thread 0x7ffff77be6c0 (LWP 2268711) \"qe-worker-1\"):\n"
~"#0  syscall () at ../sysdeps/unix/sysv/linux/x86_64/syscall.S:38\n#1  0x000055555ba4c877 in rayon_core::sleep::Sleep::sleep ()\n#2  0x000055555ba4c30b in rayon_core::registry::WorkerThread::wait_until_cold ()\n#3  0x000055555ba4bcd2 in std::sys::backtrace::__rust_begin_short_backtrace ()\n#4  0x000055555ba4ba3c in core::ops::function::FnOnce::call_once{{vtable.shim}} ()\n#5  0x000055555bd7502a in std::sys::thread::unix::Thread::new::thread_start ()\n#6  0x00007ffff7c9cb84 in start_thread (arg=<optimized out>) at ./nptl/pthread_create.c:447\n#7  0x00007ffff7d29ecc in clone3 () at ../sysdeps/unix/sysv/linux/x86_64/clone3.S:78\n"
~"\nThread 2 (Thread 0x7ffff79bf6c0 (LWP 2268710) \"qe-worker-0\"):\n"
~"#0  syscall () at ../sysdeps/unix/sysv/linux/x86_64/syscall.S:38\n#1  0x000055555ba4c877 in rayon_core::sleep::Sleep::sleep ()\n#2  0x000055555ba4c30b in rayon_core::registry::WorkerThread::wait_until_cold ()\n#3  0x000055555ba4bcd2 in std::sys::backtrace::__rust_begin_short_backtrace ()\n#4  0x000055555ba4ba3c in core::ops::function::FnOnce::call_once{{vtable.shim}} ()\n#5  0x000055555bd7502a in std::sys::thread::unix::Thread::new::thread_start ()\n#6  0x00007ffff7c9cb84 in start_thread (arg=<optimized out>) at ./nptl/pthread_create.c:447\n#7  0x00007ffff7d29ecc in clone3 () at ../sysdeps/unix/sysv/linux/x86_64/clone3.S:78\n"
~"\nThread 1 (Thread 0x7ffff7e8d100 (LWP 2268699) \"serial_frontier\"):\n"
~"#0  syscall () at ../sysdeps/unix/sysv/linux/x86_64/syscall.S:38\n#1  0x000055555ba4d835 in rayon_core::latch::LockLatch::wait_and_reset ()\n#2  0x000055555b531e43 in rayon_core::registry::Registry::in_worker_cold ()\n#3  0x000055555b523e4e in rayon::iter::plumbing::bridge_producer_consumer::helper ()\n#4  0x000055555b4a1e2a in query_engine::physical::morsel_agg::live_spill::execute::{{closure}} ()\n#5  0x000055555b4930c1 in <query_engine::physical::operators::spillable::SpillableHashAggregateExec as query_engine::physical::plan::PhysicalOperator>::execute::{{closure}} ()\n#6  0x000055555b632182 in <query_engine::physical::operators::project::ProjectExec as query_engine::physical::plan::PhysicalOperator>::execute::{{closure}} ()\n#7  0x000055555b4a7680 in query_engine::physical::operators::spillable::stream_merge_input_partitions::{{closure}} ()\n(More stack frames follow...)\n"
68^done
(gdb) 
69^running
*running,thread-id="all"
(gdb) 
70^done
(gdb) 
~"\nThread "
~"1 \"serial_frontier\" received signal SIGINT, Interrupt.\n"
~"0x000055555b6420fd in query_engine::execution::reserved_vec::ReservedVec<T>::try_extend_reserved ()\n"
*stopped,reason="signal-received",signal-name="SIGINT",signal-meaning="Interrupt",frame={addr="0x000055555b6420fd",func="query_engine::execution::reserved_vec::ReservedVec<T>::try_extend_reserved",args=[],arch="i386:x86-64"},thread-id="1",stopped-threads="all",core="8"
~"\nThread 34 (Thread 0x7fff877fb6c0 (LWP 2268742) \"tokio-rt-worker\"):\n"
~"#0  syscall () at ../sysdeps/unix/sysv/linux/x86_64/syscall.S:38\n#1  0x000055555afdfe97 in parking_lot::condvar::Condvar::wait_until_internal ()\n#2  0x000055555bd86bfa in std::sys::backtrace::__rust_begin_short_backtrace ()\n#3  0x000055555bd89aea in core::ops::function::FnOnce::call_once{{vtable.shim}} ()\n#4  0x000055555bd7502a in std::sys::thread::unix::Thread::new::thread_start ()\n#5  0x00007ffff7c9cb84 in start_thread (arg=<optimized out>) at ./nptl/pthread_create.c:447\n#6  0x00007ffff7d29ecc in clone3 () at ../sysdeps/unix/sysv/linux/x86_64/clone3.S:78\n"
~"\nThread 33 (Thread 0x7fff879fc6c0 (LWP 2268741) \"tokio-rt-worker\"):\n"
~"#0  syscall () at ../sysdeps/unix/sysv/linux/x86_64/syscall.S:38\n#1  0x000055555afdfe39 in parking_lot::condvar::Condvar::wait_until_internal ()\n#2  0x000055555bd97d50 in tokio::runtime::scheduler::multi_thread::worker::Context::park_internal ()\n#3  0x000055555bd96fec in tokio::runtime::scheduler::multi_thread::worker::run ()\n#4  0x000055555bd9506d in tokio::runtime::task::raw::poll ()\n#5  0x000055555bd86b52 in std::sys::backtrace::__rust_begin_short_backtrace ()\n#6  0x000055555bd89aea in core::ops::function::FnOnce::call_once{{vtable.shim}} ()\n#7  0x000055555bd7502a in std::sys::thread::unix::Thread::new::thread_start ()\n(More stack frames follow...)\n"
~"\nThread 32 (Thread 0x7fff87bfd6c0 (LWP 2268740) \"tokio-rt-worker\"):\n"
~"#0  syscall () at ../sysdeps/unix/sysv/linux/x86_64/syscall.S:38\n#1  0x000055555afdfe39 in parking_lot::condvar::Condvar::wait_until_internal ()\n#2  0x000055555bd97d50 in tokio::runtime::scheduler::multi_thread::worker::Context::park_internal ()\n#3  0x000055555bd96fec in tokio::runtime::scheduler::multi_thread::worker::run ()\n#4  0x000055555bd9506d in tokio::runtime::task::raw::poll ()\n#5  0x000055555bd86b52 in std::sys::backtrace::__rust_begin_short_backtrace ()\n#6  0x000055555bd89aea in core::ops::function::FnOnce::call_once{{vtable.shim}} ()\n#7  0x000055555bd7502a in std::sys::thread::unix::Thread::new::thread_start ()\n(More stack frames follow...)\n"
~"\nThread 31 (Thread 0x7fff87dfe6c0 (LWP 2268739) \"tokio-rt-worker\"):\n"
~"#0  syscall () at ../sysdeps/unix/sysv/linux/x86_64/syscall.S:38\n#1  0x000055555afdfe39 in parking_lot::condvar::Condvar::wait_until_internal ()\n#2  0x000055555bd97d50 in tokio::runtime::scheduler::multi_thread::worker::Context::park_internal ()\n#3  0x000055555bd96fec in tokio::runtime::scheduler::multi_thread::worker::run ()\n#4  0x000055555bd9506d in tokio::runtime::task::raw::poll ()\n#5  0x000055555bd86b52 in std::sys::backtrace::__rust_begin_short_backtrace ()\n#6  0x000055555bd89aea in core::ops::function::FnOnce::call_once{{vtable.shim}} ()\n#7  0x000055555bd7502a in std::sys::thread::unix::Thread::new::thread_start ()\n(More stack frames follow...)\n"
~"\nThread 30 (Thread 0x7fff87fff6c0 (LWP 2268738) \"tokio-rt-worker\"):\n"
~"#0  syscall () at ../sysdeps/unix/sysv/linux/x86_64/syscall.S:38\n#1  0x000055555afdfe39 in parking_lot::condvar::Condvar::wait_until_internal ()\n#2  0x000055555bd97d50 in tokio::runtime::scheduler::multi_thread::worker::Context::park_internal ()\n#3  0x000055555bd96fec in tokio::runtime::scheduler::multi_thread::worker::run ()\n#4  0x000055555bd9506d in tokio::runtime::task::raw::poll ()\n#5  0x000055555bd86b52 in std::sys::backtrace::__rust_begin_short_backtrace ()\n#6  0x000055555bd89aea in core::ops::function::FnOnce::call_once{{vtable.shim}} ()\n#7  0x000055555bd7502a in std::sys::thread::unix::Thread::new::thread_start ()\n(More stack frames follow...)\n"
~"\nThread 29 (Thread 0x7ffff43a46c0 (LWP 2268737) \"tokio-rt-worker\"):\n"
~"#0  syscall () at ../sysdeps/unix/sysv/linux/x86_64/syscall.S:38\n#1  0x000055555afdfe39 in parking_lot::condvar::Condvar::wait_until_internal ()\n#2  0x000055555bd97d50 in tokio::runtime::scheduler::multi_thread::worker::Context::park_internal ()\n#3  0x000055555bd96fec in tokio::runtime::scheduler::multi_thread::worker::run ()\n#4  0x000055555bd9506d in tokio::runtime::task::raw::poll ()\n#5  0x000055555bd86b52 in std::sys::backtrace::__rust_begin_short_backtrace ()\n#6  0x000055555bd89aea in core::ops::function::FnOnce::call_once{{vtable.shim}} ()\n#7  0x000055555bd7502a in std::sys::thread::unix::Thread::new::thread_start ()\n(More stack frames follow...)\n"
~"\nThread 28 (Thread 0x7ffff45a56c0 (LWP 2268736) \"tokio-rt-worker\"):\n"
~"#0  syscall () at ../sysdeps/unix/sysv/linux/x86_64/syscall.S:38\n#1  0x000055555afdfe39 in parking_lot::condvar::Condvar::wait_until_internal ()\n#2  0x000055555bd97d50 in tokio::runtime::scheduler::multi_thread::worker::Context::park_internal ()\n#3  0x000055555bd96fec in tokio::runtime::scheduler::multi_thread::worker::run ()\n#4  0x000055555bd9506d in tokio::runtime::task::raw::poll ()\n#5  0x000055555bd86b52 in std::sys::backtrace::__rust_begin_short_backtrace ()\n#6  0x000055555bd89aea in core::ops::function::FnOnce::call_once{{vtable.shim}} ()\n#7  0x000055555bd7502a in std::sys::thread::unix::Thread::new::thread_start ()\n(More stack frames follow...)\n"
~"\nThread 27 (Thread 0x7ffff47a66c0 (LWP 2268735) \"tokio-rt-worker\"):\n"
~"#0  syscall () at ../sysdeps/unix/sysv/linux/x86_64/syscall.S:38\n#1  0x000055555afdfe39 in parking_lot::condvar::Condvar::wait_until_internal ()\n#2  0x000055555bd97d50 in tokio::runtime::scheduler::multi_thread::worker::Context::park_internal ()\n#3  0x000055555bd96fec in tokio::runtime::scheduler::multi_thread::worker::run ()\n#4  0x000055555bd9506d in tokio::runtime::task::raw::poll ()\n#5  0x000055555bd86b52 in std::sys::backtrace::__rust_begin_short_backtrace ()\n#6  0x000055555bd89aea in core::ops::function::FnOnce::call_once{{vtable.shim}} ()\n#7  0x000055555bd7502a in std::sys::thread::unix::Thread::new::thread_start ()\n(More stack frames follow...)\n"
~"\nThread 26 (Thread 0x7ffff49a76c0 (LWP 2268734) \"tokio-rt-worker\"):\n"
~"#0  syscall () at ../sysdeps/unix/sysv/linux/x86_64/syscall.S:38\n#1  0x000055555afdfe39 in parking_lot::condvar::Condvar::wait_until_internal ()\n#2  0x000055555bd97d50 in tokio::runtime::scheduler::multi_thread::worker::Context::park_internal ()\n#3  0x000055555bd96fec in tokio::runtime::scheduler::multi_thread::worker::run ()\n#4  0x000055555bd9506d in tokio::runtime::task::raw::poll ()\n#5  0x000055555bd86b52 in std::sys::backtrace::__rust_begin_short_backtrace ()\n#6  0x000055555bd89aea in core::ops::function::FnOnce::call_once{{vtable.shim}} ()\n#7  0x000055555bd7502a in std::sys::thread::unix::Thread::new::thread_start ()\n(More stack frames follow...)\n"
~"\nThread 25 (Thread 0x7ffff4ba86c0 (LWP 2268733) \"tokio-rt-worker\"):\n"
~"#0  syscall () at ../sysdeps/unix/sysv/linux/x86_64/syscall.S:38\n#1  0x000055555afdfe39 in parking_lot::condvar::Condvar::wait_until_internal ()\n#2  0x000055555bd97d50 in tokio::runtime::scheduler::multi_thread::worker::Context::park_internal ()\n#3  0x000055555bd96fec in tokio::runtime::scheduler::multi_thread::worker::run ()\n#4  0x000055555bd9506d in tokio::runtime::task::raw::poll ()\n#5  0x000055555bd86b52 in std::sys::backtrace::__rust_begin_short_backtrace ()\n#6  0x000055555bd89aea in core::ops::function::FnOnce::call_once{{vtable.shim}} ()\n#7  0x000055555bd7502a in std::sys::thread::unix::Thread::new::thread_start ()\n(More stack frames follow...)\n"
~"\nThread 24 (Thread 0x7ffff4da96c0 (LWP 2268732) \"tokio-rt-worker\"):\n"
~"#0  syscall () at ../sysdeps/unix/sysv/linux/x86_64/syscall.S:38\n#1  0x000055555afdfe39 in parking_lot::condvar::Condvar::wait_until_internal ()\n#2  0x000055555bd97d50 in tokio::runtime::scheduler::multi_thread::worker::Context::park_internal ()\n#3  0x000055555bd96fec in tokio::runtime::scheduler::multi_thread::worker::run ()\n#4  0x000055555bd9506d in tokio::runtime::task::raw::poll ()\n#5  0x000055555bd86b52 in std::sys::backtrace::__rust_begin_short_backtrace ()\n#6  0x000055555bd89aea in core::ops::function::FnOnce::call_once{{vtable.shim}} ()\n#7  0x000055555bd7502a in std::sys::thread::unix::Thread::new::thread_start ()\n(More stack frames follow...)\n"
~"\nThread 23 (Thread 0x7ffff4faa6c0 (LWP 2268731) \"tokio-rt-worker\"):\n"
~"#0  syscall () at ../sysdeps/unix/sysv/linux/x86_64/syscall.S:38\n#1  0x000055555afdfe39 in parking_lot::condvar::Condvar::wait_until_internal ()\n#2  0x000055555bd97d50 in tokio::runtime::scheduler::multi_thread::worker::Context::park_internal ()\n#3  0x000055555bd96fec in tokio::runtime::scheduler::multi_thread::worker::run ()\n#4  0x000055555bd9506d in tokio::runtime::task::raw::poll ()\n#5  0x000055555bd86b52 in std::sys::backtrace::__rust_begin_short_backtrace ()\n#6  0x000055555bd89aea in core::ops::function::FnOnce::call_once{{vtable.shim}} ()\n#7  0x000055555bd7502a in std::sys::thread::unix::Thread::new::thread_start ()\n(More stack frames follow...)\n"
~"\nThread 22 (Thread 0x7ffff51ab6c0 (LWP 2268730) \"tokio-rt-worker\"):\n"
~"#0  syscall () at ../sysdeps/unix/sysv/linux/x86_64/syscall.S:38\n#1  0x000055555afdfe39 in parking_lot::condvar::Condvar::wait_until_internal ()\n#2  0x000055555bd97d50 in tokio::runtime::scheduler::multi_thread::worker::Context::park_internal ()\n#3  0x000055555bd96fec in tokio::runtime::scheduler::multi_thread::worker::run ()\n#4  0x000055555bd9506d in tokio::runtime::task::raw::poll ()\n#5  0x000055555bd86b52 in std::sys::backtrace::__rust_begin_short_backtrace ()\n#6  0x000055555bd89aea in core::ops::function::FnOnce::call_once{{vtable.shim}} ()\n#7  0x000055555bd7502a in std::sys::thread::unix::Thread::new::thread_start ()\n(More stack frames follow...)\n"
~"\nThread 21 (Thread 0x7ffff53ac6c0 (LWP 2268729) \"tokio-rt-worker\"):\n"
~"#0  syscall () at ../sysdeps/unix/sysv/linux/x86_64/syscall.S:38\n#1  0x000055555afdfe39 in parking_lot::condvar::Condvar::wait_until_internal ()\n#2  0x000055555bd97d50 in tokio::runtime::scheduler::multi_thread::worker::Context::park_internal ()\n#3  0x000055555bd96fec in tokio::runtime::scheduler::multi_thread::worker::run ()\n#4  0x000055555bd9506d in tokio::runtime::task::raw::poll ()\n#5  0x000055555bd86b52 in std::sys::backtrace::__rust_begin_short_backtrace ()\n#6  0x000055555bd89aea in core::ops::function::FnOnce::call_once{{vtable.shim}} ()\n#7  0x000055555bd7502a in std::sys::thread::unix::Thread::new::thread_start ()\n(More stack frames follow...)\n"
~"\nThread 20 (Thread 0x7ffff55ad6c0 (LWP 2268728) \"tokio-rt-worker\"):\n"
~"#0  syscall () at ../sysdeps/unix/sysv/linux/x86_64/syscall.S:38\n#1  0x000055555afdfe39 in parking_lot::condvar::Condvar::wait_until_internal ()\n#2  0x000055555bd97d50 in tokio::runtime::scheduler::multi_thread::worker::Context::park_internal ()\n#3  0x000055555bd96fec in tokio::runtime::scheduler::multi_thread::worker::run ()\n#4  0x000055555bd9506d in tokio::runtime::task::raw::poll ()\n#5  0x000055555bd86b52 in std::sys::backtrace::__rust_begin_short_backtrace ()\n#6  0x000055555bd89aea in core::ops::function::FnOnce::call_once{{vtable.shim}} ()\n#7  0x000055555bd7502a in std::sys::thread::unix::Thread::new::thread_start ()\n(More stack frames follow...)\n"
~"\nThread 19 (Thread 0x7ffff57ae6c0 (LWP 2268727) \"tokio-rt-worker\"):\n"
~"#0  syscall () at ../sysdeps/unix/sysv/linux/x86_64/syscall.S:38\n#1  0x000055555afdfe39 in parking_lot::condvar::Condvar::wait_until_internal ()\n#2  0x000055555bd97d50 in tokio::runtime::scheduler::multi_thread::worker::Context::park_internal ()\n#3  0x000055555bd96fec in tokio::runtime::scheduler::multi_thread::worker::run ()\n#4  0x000055555bd9506d in tokio::runtime::task::raw::poll ()\n#5  0x000055555bd86b52 in std::sys::backtrace::__rust_begin_short_backtrace ()\n#6  0x000055555bd89aea in core::ops::function::FnOnce::call_once{{vtable.shim}} ()\n#7  0x000055555bd7502a in std::sys::thread::unix::Thread::new::thread_start ()\n(More stack frames follow...)\n"
~"\nThread 18 (Thread 0x7ffff59af6c0 (LWP 2268726) \"tokio-rt-worker\"):\n"
~"#0  0x00007ffff7d2a2d2 in epoll_wait (epfd=3, events=0x36f6e300000, maxevents=1024, timeout=-1) at ../sysdeps/unix/sysv/linux/epoll_wait.c:30\n#1  0x000055555bd994ae in tokio::runtime::io::driver::Driver::turn ()\n#2  0x000055555bd9919d in tokio::runtime::time::Driver::park_internal ()\n#3  0x000055555bd97b94 in tokio::runtime::scheduler::multi_thread::worker::Context::park_internal ()\n#4  0x000055555bd96fec in tokio::runtime::scheduler::multi_thread::worker::run ()\n#5  0x000055555bd9506d in tokio::runtime::task::raw::poll ()\n#6  0x000055555bd86b52 in std::sys::backtrace::__rust_begin_short_backtrace ()\n#7  0x000055555bd89aea in core::ops::function::FnOnce::call_once{{vtable.shim}} ()\n(More stack frames follow...)\n"
~"\nThread 17 (Thread 0x7ffff5bb06c0 (LWP 2268725) \"qe-worker-15\"):\n"
~"#0  syscall () at ../sysdeps/unix/sysv/linux/x86_64/syscall.S:38\n#1  0x000055555ba4c877 in rayon_core::sleep::Sleep::sleep ()\n#2  0x000055555ba4c30b in rayon_core::registry::WorkerThread::wait_until_cold ()\n#3  0x000055555ba4bcd2 in std::sys::backtrace::__rust_begin_short_backtrace ()\n#4  0x000055555ba4ba3c in core::ops::function::FnOnce::call_once{{vtable.shim}} ()\n#5  0x000055555bd7502a in std::sys::thread::unix::Thread::new::thread_start ()\n#6  0x00007ffff7c9cb84 in start_thread (arg=<optimized out>) at ./nptl/pthread_create.c:447\n#7  0x00007ffff7d29ecc in clone3 () at ../sysdeps/unix/sysv/linux/x86_64/clone3.S:78\n"
~"\nThread 16 (Thread 0x7ffff5db16c0 (LWP 2268724) \"qe-worker-14\"):\n"
~"#0  syscall () at ../sysdeps/unix/sysv/linux/x86_64/syscall.S:38\n#1  0x000055555ba4c877 in rayon_core::sleep::Sleep::sleep ()\n#2  0x000055555ba4c30b in rayon_core::registry::WorkerThread::wait_until_cold ()\n#3  0x000055555ba4bcd2 in std::sys::backtrace::__rust_begin_short_backtrace ()\n#4  0x000055555ba4ba3c in core::ops::function::FnOnce::call_once{{vtable.shim}} ()\n#5  0x000055555bd7502a in std::sys::thread::unix::Thread::new::thread_start ()\n#6  0x00007ffff7c9cb84 in start_thread (arg=<optimized out>) at ./nptl/pthread_create.c:447\n#7  0x00007ffff7d29ecc in clone3 () at ../sysdeps/unix/sysv/linux/x86_64/clone3.S:78\n"
~"\nThread 15 (Thread 0x7ffff5fb26c0 (LWP 2268723) \"qe-worker-13\"):\n"
~"#0  syscall () at ../sysdeps/unix/sysv/linux/x86_64/syscall.S:38\n#1  0x000055555ba4c877 in rayon_core::sleep::Sleep::sleep ()\n#2  0x000055555ba4c30b in rayon_core::registry::WorkerThread::wait_until_cold ()\n#3  0x000055555ba4bcd2 in std::sys::backtrace::__rust_begin_short_backtrace ()\n#4  0x000055555ba4ba3c in core::ops::function::FnOnce::call_once{{vtable.shim}} ()\n#5  0x000055555bd7502a in std::sys::thread::unix::Thread::new::thread_start ()\n#6  0x00007ffff7c9cb84 in start_thread (arg=<optimized out>) at ./nptl/pthread_create.c:447\n#7  0x00007ffff7d29ecc in clone3 () at ../sysdeps/unix/sysv/linux/x86_64/clone3.S:78\n"
~"\nThread 14 (Thread 0x7ffff61b36c0 (LWP 2268722) \"qe-worker-12\"):\n"
~"#0  syscall () at ../sysdeps/unix/sysv/linux/x86_64/syscall.S:38\n#1  0x000055555ba4c877 in rayon_core::sleep::Sleep::sleep ()\n#2  0x000055555ba4c30b in rayon_core::registry::WorkerThread::wait_until_cold ()\n#3  0x000055555ba4bcd2 in std::sys::backtrace::__rust_begin_short_backtrace ()\n#4  0x000055555ba4ba3c in core::ops::function::FnOnce::call_once{{vtable.shim}} ()\n#5  0x000055555bd7502a in std::sys::thread::unix::Thread::new::thread_start ()\n#6  0x00007ffff7c9cb84 in start_thread (arg=<optimized out>) at ./nptl/pthread_create.c:447\n#7  0x00007ffff7d29ecc in clone3 () at ../sysdeps/unix/sysv/linux/x86_64/clone3.S:78\n"
~"\nThread 13 (Thread 0x7ffff63b46c0 (LWP 2268721) \"qe-worker-11\"):\n"
~"#0  syscall () at ../sysdeps/unix/sysv/linux/x86_64/syscall.S:38\n#1  0x000055555ba4c877 in rayon_core::sleep::Sleep::sleep ()\n#2  0x000055555ba4c30b in rayon_core::registry::WorkerThread::wait_until_cold ()\n#3  0x000055555ba4bcd2 in std::sys::backtrace::__rust_begin_short_backtrace ()\n#4  0x000055555ba4ba3c in core::ops::function::FnOnce::call_once{{vtable.shim}} ()\n#5  0x000055555bd7502a in std::sys::thread::unix::Thread::new::thread_start ()\n#6  0x00007ffff7c9cb84 in start_thread (arg=<optimized out>) at ./nptl/pthread_create.c:447\n#7  0x00007ffff7d29ecc in clone3 () at ../sysdeps/unix/sysv/linux/x86_64/clone3.S:78\n"
~"\nThread 12 (Thread 0x7ffff65b56c0 (LWP 2268720) \"qe-worker-10\"):\n"
~"#0  syscall () at ../sysdeps/unix/sysv/linux/x86_64/syscall.S:38\n#1  0x000055555ba4c877 in rayon_core::sleep::Sleep::sleep ()\n#2  0x000055555ba4c30b in rayon_core::registry::WorkerThread::wait_until_cold ()\n#3  0x000055555ba4bcd2 in std::sys::backtrace::__rust_begin_short_backtrace ()\n#4  0x000055555ba4ba3c in core::ops::function::FnOnce::call_once{{vtable.shim}} ()\n#5  0x000055555bd7502a in std::sys::thread::unix::Thread::new::thread_start ()\n#6  0x00007ffff7c9cb84 in start_thread (arg=<optimized out>) at ./nptl/pthread_create.c:447\n#7  0x00007ffff7d29ecc in clone3 () at ../sysdeps/unix/sysv/linux/x86_64/clone3.S:78\n"
~"\nThread 11 (Thread 0x7ffff67b66c0 (LWP 2268719) \"qe-worker-9\"):\n"
~"#0  syscall () at ../sysdeps/unix/sysv/linux/x86_64/syscall.S:38\n#1  0x000055555ba4c877 in rayon_core::sleep::Sleep::sleep ()\n#2  0x000055555ba4c30b in rayon_core::registry::WorkerThread::wait_until_cold ()\n#3  0x000055555ba4bcd2 in std::sys::backtrace::__rust_begin_short_backtrace ()\n#4  0x000055555ba4ba3c in core::ops::function::FnOnce::call_once{{vtable.shim}} ()\n#5  0x000055555bd7502a in std::sys::thread::unix::Thread::new::thread_start ()\n#6  0x00007ffff7c9cb84 in start_thread (arg=<optimized out>) at ./nptl/pthread_create.c:447\n#7  0x00007ffff7d29ecc in clone3 () at ../sysdeps/unix/sysv/linux/x86_64/clone3.S:78\n"
~"\nThread 10 (Thread 0x7ffff69b76c0 (LWP 2268718) \"qe-worker-8\"):\n"
~"#0  syscall () at ../sysdeps/unix/sysv/linux/x86_64/syscall.S:38\n#1  0x000055555ba4c877 in rayon_core::sleep::Sleep::sleep ()\n#2  0x000055555ba4c30b in rayon_core::registry::WorkerThread::wait_until_cold ()\n#3  0x000055555ba4bcd2 in std::sys::backtrace::__rust_begin_short_backtrace ()\n#4  0x000055555ba4ba3c in core::ops::function::FnOnce::call_once{{vtable.shim}} ()\n#5  0x000055555bd7502a in std::sys::thread::unix::Thread::new::thread_start ()\n#6  0x00007ffff7c9cb84 in start_thread (arg=<optimized out>) at ./nptl/pthread_create.c:447\n#7  0x00007ffff7d29ecc in clone3 () at ../sysdeps/unix/sysv/linux/x86_64/clone3.S:78\n"
~"\nThread 9 (Thread 0x7ffff6bb86c0 (LWP 2268717) \"qe-worker-7\"):\n"
~"#0  syscall () at ../sysdeps/unix/sysv/linux/x86_64/syscall.S:38\n#1  0x000055555ba4c877 in rayon_core::sleep::Sleep::sleep ()\n#2  0x000055555ba4c30b in rayon_core::registry::WorkerThread::wait_until_cold ()\n#3  0x000055555ba4bcd2 in std::sys::backtrace::__rust_begin_short_backtrace ()\n#4  0x000055555ba4ba3c in core::ops::function::FnOnce::call_once{{vtable.shim}} ()\n#5  0x000055555bd7502a in std::sys::thread::unix::Thread::new::thread_start ()\n#6  0x00007ffff7c9cb84 in start_thread (arg=<optimized out>) at ./nptl/pthread_create.c:447\n#7  0x00007ffff7d29ecc in clone3 () at ../sysdeps/unix/sysv/linux/x86_64/clone3.S:78\n"
~"\nThread 8 (Thread 0x7ffff6db96c0 (LWP 2268716) \"qe-worker-6\"):\n"
~"#0  syscall () at ../sysdeps/unix/sysv/linux/x86_64/syscall.S:38\n#1  0x000055555ba4c877 in rayon_core::sleep::Sleep::sleep ()\n#2  0x000055555ba4c30b in rayon_core::registry::WorkerThread::wait_until_cold ()\n#3  0x000055555ba4bcd2 in std::sys::backtrace::__rust_begin_short_backtrace ()\n#4  0x000055555ba4ba3c in core::ops::function::FnOnce::call_once{{vtable.shim}} ()\n#5  0x000055555bd7502a in std::sys::thread::unix::Thread::new::thread_start ()\n#6  0x00007ffff7c9cb84 in start_thread (arg=<optimized out>) at ./nptl/pthread_create.c:447\n#7  0x00007ffff7d29ecc in clone3 () at ../sysdeps/unix/sysv/linux/x86_64/clone3.S:78\n"
~"\nThread 7 (Thread 0x7ffff6fba6c0 (LWP 2268715) \"qe-worker-5\"):\n"
~"#0  syscall () at ../sysdeps/unix/sysv/linux/x86_64/syscall.S:38\n#1  0x000055555ba4c877 in rayon_core::sleep::Sleep::sleep ()\n#2  0x000055555ba4c30b in rayon_core::registry::WorkerThread::wait_until_cold ()\n#3  0x000055555ba4bcd2 in std::sys::backtrace::__rust_begin_short_backtrace ()\n#4  0x000055555ba4ba3c in core::ops::function::FnOnce::call_once{{vtable.shim}} ()\n#5  0x000055555bd7502a in std::sys::thread::unix::Thread::new::thread_start ()\n#6  0x00007ffff7c9cb84 in start_thread (arg=<optimized out>) at ./nptl/pthread_create.c:447\n#7  0x00007ffff7d29ecc in clone3 () at ../sysdeps/unix/sysv/linux/x86_64/clone3.S:78\n"
~"\nThread 6 (Thread 0x7ffff71bb6c0 (LWP 2268714) \"qe-worker-4\"):\n"
~"#0  syscall () at ../sysdeps/unix/sysv/linux/x86_64/syscall.S:38\n#1  0x000055555ba4c877 in rayon_core::sleep::Sleep::sleep ()\n#2  0x000055555ba4c30b in rayon_core::registry::WorkerThread::wait_until_cold ()\n#3  0x000055555ba4bcd2 in std::sys::backtrace::__rust_begin_short_backtrace ()\n#4  0x000055555ba4ba3c in core::ops::function::FnOnce::call_once{{vtable.shim}} ()\n#5  0x000055555bd7502a in std::sys::thread::unix::Thread::new::thread_start ()\n#6  0x00007ffff7c9cb84 in start_thread (arg=<optimized out>) at ./nptl/pthread_create.c:447\n#7  0x00007ffff7d29ecc in clone3 () at ../sysdeps/unix/sysv/linux/x86_64/clone3.S:78\n"
~"\nThread 5 (Thread 0x7ffff73bc6c0 (LWP 2268713) \"qe-worker-3\"):\n"
~"#0  syscall () at ../sysdeps/unix/sysv/linux/x86_64/syscall.S:38\n#1  0x000055555ba4c877 in rayon_core::sleep::Sleep::sleep ()\n#2  0x000055555ba4c30b in rayon_core::registry::WorkerThread::wait_until_cold ()\n#3  0x000055555ba4bcd2 in std::sys::backtrace::__rust_begin_short_backtrace ()\n#4  0x000055555ba4ba3c in core::ops::function::FnOnce::call_once{{vtable.shim}} ()\n#5  0x000055555bd7502a in std::sys::thread::unix::Thread::new::thread_start ()\n#6  0x00007ffff7c9cb84 in start_thread (arg=<optimized out>) at ./nptl/pthread_create.c:447\n#7  0x00007ffff7d29ecc in clone3 () at ../sysdeps/unix/sysv/linux/x86_64/clone3.S:78\n"
~"\nThread 4 (Thread 0x7ffff75bd6c0 (LWP 2268712) \"qe-worker-2\"):\n"
~"#0  syscall () at ../sysdeps/unix/sysv/linux/x86_64/syscall.S:38\n#1  0x000055555ba4c877 in rayon_core::sleep::Sleep::sleep ()\n#2  0x000055555ba4c30b in rayon_core::registry::WorkerThread::wait_until_cold ()\n#3  0x000055555ba4bcd2 in std::sys::backtrace::__rust_begin_short_backtrace ()\n#4  0x000055555ba4ba3c in core::ops::function::FnOnce::call_once{{vtable.shim}} ()\n#5  0x000055555bd7502a in std::sys::thread::unix::Thread::new::thread_start ()\n#6  0x00007ffff7c9cb84 in start_thread (arg=<optimized out>) at ./nptl/pthread_create.c:447\n#7  0x00007ffff7d29ecc in clone3 () at ../sysdeps/unix/sysv/linux/x86_64/clone3.S:78\n"
~"\nThread 3 (Thread 0x7ffff77be6c0 (LWP 2268711) \"qe-worker-1\"):\n"
~"#0  syscall () at ../sysdeps/unix/sysv/linux/x86_64/syscall.S:38\n#1  0x000055555ba4c877 in rayon_core::sleep::Sleep::sleep ()\n#2  0x000055555ba4c30b in rayon_core::registry::WorkerThread::wait_until_cold ()\n#3  0x000055555ba4bcd2 in std::sys::backtrace::__rust_begin_short_backtrace ()\n#4  0x000055555ba4ba3c in core::ops::function::FnOnce::call_once{{vtable.shim}} ()\n#5  0x000055555bd7502a in std::sys::thread::unix::Thread::new::thread_start ()\n#6  0x00007ffff7c9cb84 in start_thread (arg=<optimized out>) at ./nptl/pthread_create.c:447\n#7  0x00007ffff7d29ecc in clone3 () at ../sysdeps/unix/sysv/linux/x86_64/clone3.S:78\n"
~"\nThread 2 (Thread 0x7ffff79bf6c0 (LWP 2268710) \"qe-worker-0\"):\n"
~"#0  syscall () at ../sysdeps/unix/sysv/linux/x86_64/syscall.S:38\n#1  0x000055555ba4c877 in rayon_core::sleep::Sleep::sleep ()\n#2  0x000055555ba4c30b in rayon_core::registry::WorkerThread::wait_until_cold ()\n#3  0x000055555ba4bcd2 in std::sys::backtrace::__rust_begin_short_backtrace ()\n#4  0x000055555ba4ba3c in core::ops::function::FnOnce::call_once{{vtable.shim}} ()\n#5  0x000055555bd7502a in std::sys::thread::unix::Thread::new::thread_start ()\n#6  0x00007ffff7c9cb84 in start_thread (arg=<optimized out>) at ./nptl/pthread_create.c:447\n#7  0x00007ffff7d29ecc in clone3 () at ../sysdeps/unix/sysv/linux/x86_64/clone3.S:78\n"
~"\nThread 1 (Thread 0x7ffff7e8d100 (LWP 2268699) \"serial_frontier\"):\n"
~"#0  0x000055555b6420fd in query_engine::execution::reserved_vec::ReservedVec<T>::try_extend_reserved ()\n#1  0x000055555b63fc9e in query_engine::planner::numeric::arithmetic ()\n#2  0x000055555b37a822 in query_engine::physical::operators::filter::evaluate_binary_op ()\n#3  0x000055555b4e4235 in query_engine::physical::operators::filter::evaluate_aggregate_inputs::eval ()\n#4  0x000055555b4e41ec in query_engine::physical::operators::filter::evaluate_aggregate_inputs::eval ()\n#5  0x000055555b49f4b5 in query_engine::physical::morsel_agg::live_spill::execute::{{closure}} ()\n#6  0x000055555b4930c1 in <query_engine::physical::operators::spillable::SpillableHashAggregateExec as query_engine::physical::plan::PhysicalOperator>::execute::{{closure}} ()\n#7  0x000055555b632182 in <query_engine::physical::operators::project::ProjectExec as query_engine::physical::plan::PhysicalOperator>::execute::{{closure}} ()\n(More stack frames follow...)\n"
71^done
(gdb) 
72^running
*running,thread-id="all"
(gdb) 
73^done
(gdb) 
~"\nThread "
~"1 \"serial_frontier\" received signal SIGINT, Interrupt.\n"
~"0x000055555b642075 in query_engine::execution::reserved_vec::ReservedVec<T>::try_extend_reserved ()\n"
*stopped,reason="signal-received",signal-name="SIGINT",signal-meaning="Interrupt",frame={addr="0x000055555b642075",func="query_engine::execution::reserved_vec::ReservedVec<T>::try_extend_reserved",args=[],arch="i386:x86-64"},thread-id="1",stopped-threads="all",core="14"
~"\nThread 34 (Thread 0x7fff877fb6c0 (LWP 2268742) \"tokio-rt-worker\"):\n"
~"#0  syscall () at ../sysdeps/unix/sysv/linux/x86_64/syscall.S:38\n#1  0x000055555afdfe97 in parking_lot::condvar::Condvar::wait_until_internal ()\n#2  0x000055555bd86bfa in std::sys::backtrace::__rust_begin_short_backtrace ()\n#3  0x000055555bd89aea in core::ops::function::FnOnce::call_once{{vtable.shim}} ()\n#4  0x000055555bd7502a in std::sys::thread::unix::Thread::new::thread_start ()\n#5  0x00007ffff7c9cb84 in start_thread (arg=<optimized out>) at ./nptl/pthread_create.c:447\n#6  0x00007ffff7d29ecc in clone3 () at ../sysdeps/unix/sysv/linux/x86_64/clone3.S:78\n"
~"\nThread 33 (Thread 0x7fff879fc6c0 (LWP 2268741) \"tokio-rt-worker\"):\n"
~"#0  syscall () at ../sysdeps/unix/sysv/linux/x86_64/syscall.S:38\n#1  0x000055555afdfe39 in parking_lot::condvar::Condvar::wait_until_internal ()\n#2  0x000055555bd97d50 in tokio::runtime::scheduler::multi_thread::worker::Context::park_internal ()\n#3  0x000055555bd96fec in tokio::runtime::scheduler::multi_thread::worker::run ()\n#4  0x000055555bd9506d in tokio::runtime::task::raw::poll ()\n#5  0x000055555bd86b52 in std::sys::backtrace::__rust_begin_short_backtrace ()\n#6  0x000055555bd89aea in core::ops::function::FnOnce::call_once{{vtable.shim}} ()\n#7  0x000055555bd7502a in std::sys::thread::unix::Thread::new::thread_start ()\n(More stack frames follow...)\n"
~"\nThread 32 (Thread 0x7fff87bfd6c0 (LWP 2268740) \"tokio-rt-worker\"):\n"
~"#0  syscall () at ../sysdeps/unix/sysv/linux/x86_64/syscall.S:38\n#1  0x000055555afdfe39 in parking_lot::condvar::Condvar::wait_until_internal ()\n#2  0x000055555bd97d50 in tokio::runtime::scheduler::multi_thread::worker::Context::park_internal ()\n#3  0x000055555bd96fec in tokio::runtime::scheduler::multi_thread::worker::run ()\n#4  0x000055555bd9506d in tokio::runtime::task::raw::poll ()\n#5  0x000055555bd86b52 in std::sys::backtrace::__rust_begin_short_backtrace ()\n#6  0x000055555bd89aea in core::ops::function::FnOnce::call_once{{vtable.shim}} ()\n#7  0x000055555bd7502a in std::sys::thread::unix::Thread::new::thread_start ()\n(More stack frames follow...)\n"
~"\nThread 31 (Thread 0x7fff87dfe6c0 (LWP 2268739) \"tokio-rt-worker\"):\n"
~"#0  syscall () at ../sysdeps/unix/sysv/linux/x86_64/syscall.S:38\n#1  0x000055555afdfe39 in parking_lot::condvar::Condvar::wait_until_internal ()\n#2  0x000055555bd97d50 in tokio::runtime::scheduler::multi_thread::worker::Context::park_internal ()\n#3  0x000055555bd96fec in tokio::runtime::scheduler::multi_thread::worker::run ()\n#4  0x000055555bd9506d in tokio::runtime::task::raw::poll ()\n#5  0x000055555bd86b52 in std::sys::backtrace::__rust_begin_short_backtrace ()\n#6  0x000055555bd89aea in core::ops::function::FnOnce::call_once{{vtable.shim}} ()\n#7  0x000055555bd7502a in std::sys::thread::unix::Thread::new::thread_start ()\n(More stack frames follow...)\n"
~"\nThread 30 (Thread 0x7fff87fff6c0 (LWP 2268738) \"tokio-rt-worker\"):\n"
~"#0  syscall () at ../sysdeps/unix/sysv/linux/x86_64/syscall.S:38\n#1  0x000055555afdfe39 in parking_lot::condvar::Condvar::wait_until_internal ()\n#2  0x000055555bd97d50 in tokio::runtime::scheduler::multi_thread::worker::Context::park_internal ()\n#3  0x000055555bd96fec in tokio::runtime::scheduler::multi_thread::worker::run ()\n#4  0x000055555bd9506d in tokio::runtime::task::raw::poll ()\n#5  0x000055555bd86b52 in std::sys::backtrace::__rust_begin_short_backtrace ()\n#6  0x000055555bd89aea in core::ops::function::FnOnce::call_once{{vtable.shim}} ()\n#7  0x000055555bd7502a in std::sys::thread::unix::Thread::new::thread_start ()\n(More stack frames follow...)\n"
~"\nThread 29 (Thread 0x7ffff43a46c0 (LWP 2268737) \"tokio-rt-worker\"):\n"
~"#0  syscall () at ../sysdeps/unix/sysv/linux/x86_64/syscall.S:38\n#1  0x000055555afdfe39 in parking_lot::condvar::Condvar::wait_until_internal ()\n#2  0x000055555bd97d50 in tokio::runtime::scheduler::multi_thread::worker::Context::park_internal ()\n#3  0x000055555bd96fec in tokio::runtime::scheduler::multi_thread::worker::run ()\n#4  0x000055555bd9506d in tokio::runtime::task::raw::poll ()\n#5  0x000055555bd86b52 in std::sys::backtrace::__rust_begin_short_backtrace ()\n#6  0x000055555bd89aea in core::ops::function::FnOnce::call_once{{vtable.shim}} ()\n#7  0x000055555bd7502a in std::sys::thread::unix::Thread::new::thread_start ()\n(More stack frames follow...)\n"
~"\nThread 28 (Thread 0x7ffff45a56c0 (LWP 2268736) \"tokio-rt-worker\"):\n"
~"#0  syscall () at ../sysdeps/unix/sysv/linux/x86_64/syscall.S:38\n#1  0x000055555afdfe39 in parking_lot::condvar::Condvar::wait_until_internal ()\n#2  0x000055555bd97d50 in tokio::runtime::scheduler::multi_thread::worker::Context::park_internal ()\n#3  0x000055555bd96fec in tokio::runtime::scheduler::multi_thread::worker::run ()\n#4  0x000055555bd9506d in tokio::runtime::task::raw::poll ()\n#5  0x000055555bd86b52 in std::sys::backtrace::__rust_begin_short_backtrace ()\n#6  0x000055555bd89aea in core::ops::function::FnOnce::call_once{{vtable.shim}} ()\n#7  0x000055555bd7502a in std::sys::thread::unix::Thread::new::thread_start ()\n(More stack frames follow...)\n"
~"\nThread 27 (Thread 0x7ffff47a66c0 (LWP 2268735) \"tokio-rt-worker\"):\n"
~"#0  syscall () at ../sysdeps/unix/sysv/linux/x86_64/syscall.S:38\n#1  0x000055555afdfe39 in parking_lot::condvar::Condvar::wait_until_internal ()\n#2  0x000055555bd97d50 in tokio::runtime::scheduler::multi_thread::worker::Context::park_internal ()\n#3  0x000055555bd96fec in tokio::runtime::scheduler::multi_thread::worker::run ()\n#4  0x000055555bd9506d in tokio::runtime::task::raw::poll ()\n#5  0x000055555bd86b52 in std::sys::backtrace::__rust_begin_short_backtrace ()\n#6  0x000055555bd89aea in core::ops::function::FnOnce::call_once{{vtable.shim}} ()\n#7  0x000055555bd7502a in std::sys::thread::unix::Thread::new::thread_start ()\n(More stack frames follow...)\n"
~"\nThread 26 (Thread 0x7ffff49a76c0 (LWP 2268734) \"tokio-rt-worker\"):\n"
~"#0  syscall () at ../sysdeps/unix/sysv/linux/x86_64/syscall.S:38\n#1  0x000055555afdfe39 in parking_lot::condvar::Condvar::wait_until_internal ()\n#2  0x000055555bd97d50 in tokio::runtime::scheduler::multi_thread::worker::Context::park_internal ()\n#3  0x000055555bd96fec in tokio::runtime::scheduler::multi_thread::worker::run ()\n#4  0x000055555bd9506d in tokio::runtime::task::raw::poll ()\n#5  0x000055555bd86b52 in std::sys::backtrace::__rust_begin_short_backtrace ()\n#6  0x000055555bd89aea in core::ops::function::FnOnce::call_once{{vtable.shim}} ()\n#7  0x000055555bd7502a in std::sys::thread::unix::Thread::new::thread_start ()\n(More stack frames follow...)\n"
~"\nThread 25 (Thread 0x7ffff4ba86c0 (LWP 2268733) \"tokio-rt-worker\"):\n"
~"#0  syscall () at ../sysdeps/unix/sysv/linux/x86_64/syscall.S:38\n#1  0x000055555afdfe39 in parking_lot::condvar::Condvar::wait_until_internal ()\n#2  0x000055555bd97d50 in tokio::runtime::scheduler::multi_thread::worker::Context::park_internal ()\n#3  0x000055555bd96fec in tokio::runtime::scheduler::multi_thread::worker::run ()\n#4  0x000055555bd9506d in tokio::runtime::task::raw::poll ()\n#5  0x000055555bd86b52 in std::sys::backtrace::__rust_begin_short_backtrace ()\n#6  0x000055555bd89aea in core::ops::function::FnOnce::call_once{{vtable.shim}} ()\n#7  0x000055555bd7502a in std::sys::thread::unix::Thread::new::thread_start ()\n(More stack frames follow...)\n"
~"\nThread 24 (Thread 0x7ffff4da96c0 (LWP 2268732) \"tokio-rt-worker\"):\n"
~"#0  syscall () at ../sysdeps/unix/sysv/linux/x86_64/syscall.S:38\n#1  0x000055555afdfe39 in parking_lot::condvar::Condvar::wait_until_internal ()\n#2  0x000055555bd97d50 in tokio::runtime::scheduler::multi_thread::worker::Context::park_internal ()\n#3  0x000055555bd96fec in tokio::runtime::scheduler::multi_thread::worker::run ()\n#4  0x000055555bd9506d in tokio::runtime::task::raw::poll ()\n#5  0x000055555bd86b52 in std::sys::backtrace::__rust_begin_short_backtrace ()\n#6  0x000055555bd89aea in core::ops::function::FnOnce::call_once{{vtable.shim}} ()\n#7  0x000055555bd7502a in std::sys::thread::unix::Thread::new::thread_start ()\n(More stack frames follow...)\n"
~"\nThread 23 (Thread 0x7ffff4faa6c0 (LWP 2268731) \"tokio-rt-worker\"):\n"
~"#0  syscall () at ../sysdeps/unix/sysv/linux/x86_64/syscall.S:38\n#1  0x000055555afdfe39 in parking_lot::condvar::Condvar::wait_until_internal ()\n#2  0x000055555bd97d50 in tokio::runtime::scheduler::multi_thread::worker::Context::park_internal ()\n#3  0x000055555bd96fec in tokio::runtime::scheduler::multi_thread::worker::run ()\n#4  0x000055555bd9506d in tokio::runtime::task::raw::poll ()\n#5  0x000055555bd86b52 in std::sys::backtrace::__rust_begin_short_backtrace ()\n#6  0x000055555bd89aea in core::ops::function::FnOnce::call_once{{vtable.shim}} ()\n#7  0x000055555bd7502a in std::sys::thread::unix::Thread::new::thread_start ()\n(More stack frames follow...)\n"
~"\nThread 22 (Thread 0x7ffff51ab6c0 (LWP 2268730) \"tokio-rt-worker\"):\n"
~"#0  syscall () at ../sysdeps/unix/sysv/linux/x86_64/syscall.S:38\n#1  0x000055555afdfe39 in parking_lot::condvar::Condvar::wait_until_internal ()\n#2  0x000055555bd97d50 in tokio::runtime::scheduler::multi_thread::worker::Context::park_internal ()\n#3  0x000055555bd96fec in tokio::runtime::scheduler::multi_thread::worker::run ()\n#4  0x000055555bd9506d in tokio::runtime::task::raw::poll ()\n#5  0x000055555bd86b52 in std::sys::backtrace::__rust_begin_short_backtrace ()\n#6  0x000055555bd89aea in core::ops::function::FnOnce::call_once{{vtable.shim}} ()\n#7  0x000055555bd7502a in std::sys::thread::unix::Thread::new::thread_start ()\n(More stack frames follow...)\n"
~"\nThread 21 (Thread 0x7ffff53ac6c0 (LWP 2268729) \"tokio-rt-worker\"):\n"
~"#0  syscall () at ../sysdeps/unix/sysv/linux/x86_64/syscall.S:38\n#1  0x000055555afdfe39 in parking_lot::condvar::Condvar::wait_until_internal ()\n#2  0x000055555bd97d50 in tokio::runtime::scheduler::multi_thread::worker::Context::park_internal ()\n#3  0x000055555bd96fec in tokio::runtime::scheduler::multi_thread::worker::run ()\n#4  0x000055555bd9506d in tokio::runtime::task::raw::poll ()\n#5  0x000055555bd86b52 in std::sys::backtrace::__rust_begin_short_backtrace ()\n#6  0x000055555bd89aea in core::ops::function::FnOnce::call_once{{vtable.shim}} ()\n#7  0x000055555bd7502a in std::sys::thread::unix::Thread::new::thread_start ()\n(More stack frames follow...)\n"
~"\nThread 20 (Thread 0x7ffff55ad6c0 (LWP 2268728) \"tokio-rt-worker\"):\n"
~"#0  syscall () at ../sysdeps/unix/sysv/linux/x86_64/syscall.S:38\n#1  0x000055555afdfe39 in parking_lot::condvar::Condvar::wait_until_internal ()\n#2  0x000055555bd97d50 in tokio::runtime::scheduler::multi_thread::worker::Context::park_internal ()\n#3  0x000055555bd96fec in tokio::runtime::scheduler::multi_thread::worker::run ()\n#4  0x000055555bd9506d in tokio::runtime::task::raw::poll ()\n#5  0x000055555bd86b52 in std::sys::backtrace::__rust_begin_short_backtrace ()\n#6  0x000055555bd89aea in core::ops::function::FnOnce::call_once{{vtable.shim}} ()\n#7  0x000055555bd7502a in std::sys::thread::unix::Thread::new::thread_start ()\n(More stack frames follow...)\n"
~"\nThread 19 (Thread 0x7ffff57ae6c0 (LWP 2268727) \"tokio-rt-worker\"):\n"
~"#0  syscall () at ../sysdeps/unix/sysv/linux/x86_64/syscall.S:38\n#1  0x000055555afdfe39 in parking_lot::condvar::Condvar::wait_until_internal ()\n#2  0x000055555bd97d50 in tokio::runtime::scheduler::multi_thread::worker::Context::park_internal ()\n#3  0x000055555bd96fec in tokio::runtime::scheduler::multi_thread::worker::run ()\n#4  0x000055555bd9506d in tokio::runtime::task::raw::poll ()\n#5  0x000055555bd86b52 in std::sys::backtrace::__rust_begin_short_backtrace ()\n#6  0x000055555bd89aea in core::ops::function::FnOnce::call_once{{vtable.shim}} ()\n#7  0x000055555bd7502a in std::sys::thread::unix::Thread::new::thread_start ()\n(More stack frames follow...)\n"
~"\nThread 18 (Thread 0x7ffff59af6c0 (LWP 2268726) \"tokio-rt-worker\"):\n"
~"#0  0x00007ffff7d2a2d2 in epoll_wait (epfd=3, events=0x36f6e300000, maxevents=1024, timeout=-1) at ../sysdeps/unix/sysv/linux/epoll_wait.c:30\n#1  0x000055555bd994ae in tokio::runtime::io::driver::Driver::turn ()\n#2  0x000055555bd9919d in tokio::runtime::time::Driver::park_internal ()\n#3  0x000055555bd97b94 in tokio::runtime::scheduler::multi_thread::worker::Context::park_internal ()\n#4  0x000055555bd96fec in tokio::runtime::scheduler::multi_thread::worker::run ()\n#5  0x000055555bd9506d in tokio::runtime::task::raw::poll ()\n#6  0x000055555bd86b52 in std::sys::backtrace::__rust_begin_short_backtrace ()\n#7  0x000055555bd89aea in core::ops::function::FnOnce::call_once{{vtable.shim}} ()\n(More stack frames follow...)\n"
~"\nThread 17 (Thread 0x7ffff5bb06c0 (LWP 2268725) \"qe-worker-15\"):\n"
~"#0  syscall () at ../sysdeps/unix/sysv/linux/x86_64/syscall.S:38\n#1  0x000055555ba4c877 in rayon_core::sleep::Sleep::sleep ()\n#2  0x000055555ba4c30b in rayon_core::registry::WorkerThread::wait_until_cold ()\n#3  0x000055555ba4bcd2 in std::sys::backtrace::__rust_begin_short_backtrace ()\n#4  0x000055555ba4ba3c in core::ops::function::FnOnce::call_once{{vtable.shim}} ()\n#5  0x000055555bd7502a in std::sys::thread::unix::Thread::new::thread_start ()\n#6  0x00007ffff7c9cb84 in start_thread (arg=<optimized out>) at ./nptl/pthread_create.c:447\n#7  0x00007ffff7d29ecc in clone3 () at ../sysdeps/unix/sysv/linux/x86_64/clone3.S:78\n"
~"\nThread 16 (Thread 0x7ffff5db16c0 (LWP 2268724) \"qe-worker-14\"):\n"
~"#0  syscall () at ../sysdeps/unix/sysv/linux/x86_64/syscall.S:38\n#1  0x000055555ba4c877 in rayon_core::sleep::Sleep::sleep ()\n#2  0x000055555ba4c30b in rayon_core::registry::WorkerThread::wait_until_cold ()\n#3  0x000055555ba4bcd2 in std::sys::backtrace::__rust_begin_short_backtrace ()\n#4  0x000055555ba4ba3c in core::ops::function::FnOnce::call_once{{vtable.shim}} ()\n#5  0x000055555bd7502a in std::sys::thread::unix::Thread::new::thread_start ()\n#6  0x00007ffff7c9cb84 in start_thread (arg=<optimized out>) at ./nptl/pthread_create.c:447\n#7  0x00007ffff7d29ecc in clone3 () at ../sysdeps/unix/sysv/linux/x86_64/clone3.S:78\n"
~"\nThread 15 (Thread 0x7ffff5fb26c0 (LWP 2268723) \"qe-worker-13\"):\n"
~"#0  syscall () at ../sysdeps/unix/sysv/linux/x86_64/syscall.S:38\n#1  0x000055555ba4c877 in rayon_core::sleep::Sleep::sleep ()\n#2  0x000055555ba4c30b in rayon_core::registry::WorkerThread::wait_until_cold ()\n#3  0x000055555ba4bcd2 in std::sys::backtrace::__rust_begin_short_backtrace ()\n#4  0x000055555ba4ba3c in core::ops::function::FnOnce::call_once{{vtable.shim}} ()\n#5  0x000055555bd7502a in std::sys::thread::unix::Thread::new::thread_start ()\n#6  0x00007ffff7c9cb84 in start_thread (arg=<optimized out>) at ./nptl/pthread_create.c:447\n#7  0x00007ffff7d29ecc in clone3 () at ../sysdeps/unix/sysv/linux/x86_64/clone3.S:78\n"
~"\nThread 14 (Thread 0x7ffff61b36c0 (LWP 2268722) \"qe-worker-12\"):\n"
~"#0  syscall () at ../sysdeps/unix/sysv/linux/x86_64/syscall.S:38\n#1  0x000055555ba4c877 in rayon_core::sleep::Sleep::sleep ()\n#2  0x000055555ba4c30b in rayon_core::registry::WorkerThread::wait_until_cold ()\n#3  0x000055555ba4bcd2 in std::sys::backtrace::__rust_begin_short_backtrace ()\n#4  0x000055555ba4ba3c in core::ops::function::FnOnce::call_once{{vtable.shim}} ()\n#5  0x000055555bd7502a in std::sys::thread::unix::Thread::new::thread_start ()\n#6  0x00007ffff7c9cb84 in start_thread (arg=<optimized out>) at ./nptl/pthread_create.c:447\n#7  0x00007ffff7d29ecc in clone3 () at ../sysdeps/unix/sysv/linux/x86_64/clone3.S:78\n"
~"\nThread 13 (Thread 0x7ffff63b46c0 (LWP 2268721) \"qe-worker-11\"):\n"
~"#0  syscall () at ../sysdeps/unix/sysv/linux/x86_64/syscall.S:38\n#1  0x000055555ba4c877 in rayon_core::sleep::Sleep::sleep ()\n#2  0x000055555ba4c30b in rayon_core::registry::WorkerThread::wait_until_cold ()\n#3  0x000055555ba4bcd2 in std::sys::backtrace::__rust_begin_short_backtrace ()\n#4  0x000055555ba4ba3c in core::ops::function::FnOnce::call_once{{vtable.shim}} ()\n#5  0x000055555bd7502a in std::sys::thread::unix::Thread::new::thread_start ()\n#6  0x00007ffff7c9cb84 in start_thread (arg=<optimized out>) at ./nptl/pthread_create.c:447\n#7  0x00007ffff7d29ecc in clone3 () at ../sysdeps/unix/sysv/linux/x86_64/clone3.S:78\n"
~"\nThread 12 (Thread 0x7ffff65b56c0 (LWP 2268720) \"qe-worker-10\"):\n"
~"#0  syscall () at ../sysdeps/unix/sysv/linux/x86_64/syscall.S:38\n#1  0x000055555ba4c877 in rayon_core::sleep::Sleep::sleep ()\n#2  0x000055555ba4c30b in rayon_core::registry::WorkerThread::wait_until_cold ()\n#3  0x000055555ba4bcd2 in std::sys::backtrace::__rust_begin_short_backtrace ()\n#4  0x000055555ba4ba3c in core::ops::function::FnOnce::call_once{{vtable.shim}} ()\n#5  0x000055555bd7502a in std::sys::thread::unix::Thread::new::thread_start ()\n#6  0x00007ffff7c9cb84 in start_thread (arg=<optimized out>) at ./nptl/pthread_create.c:447\n#7  0x00007ffff7d29ecc in clone3 () at ../sysdeps/unix/sysv/linux/x86_64/clone3.S:78\n"
~"\nThread 11 (Thread 0x7ffff67b66c0 (LWP 2268719) \"qe-worker-9\"):\n"
~"#0  syscall () at ../sysdeps/unix/sysv/linux/x86_64/syscall.S:38\n#1  0x000055555ba4c877 in rayon_core::sleep::Sleep::sleep ()\n#2  0x000055555ba4c30b in rayon_core::registry::WorkerThread::wait_until_cold ()\n#3  0x000055555ba4bcd2 in std::sys::backtrace::__rust_begin_short_backtrace ()\n#4  0x000055555ba4ba3c in core::ops::function::FnOnce::call_once{{vtable.shim}} ()\n#5  0x000055555bd7502a in std::sys::thread::unix::Thread::new::thread_start ()\n#6  0x00007ffff7c9cb84 in start_thread (arg=<optimized out>) at ./nptl/pthread_create.c:447\n#7  0x00007ffff7d29ecc in clone3 () at ../sysdeps/unix/sysv/linux/x86_64/clone3.S:78\n"
~"\nThread 10 (Thread 0x7ffff69b76c0 (LWP 2268718) \"qe-worker-8\"):\n"
~"#0  syscall () at ../sysdeps/unix/sysv/linux/x86_64/syscall.S:38\n#1  0x000055555ba4c877 in rayon_core::sleep::Sleep::sleep ()\n#2  0x000055555ba4c30b in rayon_core::registry::WorkerThread::wait_until_cold ()\n#3  0x000055555ba4bcd2 in std::sys::backtrace::__rust_begin_short_backtrace ()\n#4  0x000055555ba4ba3c in core::ops::function::FnOnce::call_once{{vtable.shim}} ()\n#5  0x000055555bd7502a in std::sys::thread::unix::Thread::new::thread_start ()\n#6  0x00007ffff7c9cb84 in start_thread (arg=<optimized out>) at ./nptl/pthread_create.c:447\n#7  0x00007ffff7d29ecc in clone3 () at ../sysdeps/unix/sysv/linux/x86_64/clone3.S:78\n"
~"\nThread 9 (Thread 0x7ffff6bb86c0 (LWP 2268717) \"qe-worker-7\"):\n"
~"#0  syscall () at ../sysdeps/unix/sysv/linux/x86_64/syscall.S:38\n#1  0x000055555ba4c877 in rayon_core::sleep::Sleep::sleep ()\n#2  0x000055555ba4c30b in rayon_core::registry::WorkerThread::wait_until_cold ()\n#3  0x000055555ba4bcd2 in std::sys::backtrace::__rust_begin_short_backtrace ()\n#4  0x000055555ba4ba3c in core::ops::function::FnOnce::call_once{{vtable.shim}} ()\n#5  0x000055555bd7502a in std::sys::thread::unix::Thread::new::thread_start ()\n#6  0x00007ffff7c9cb84 in start_thread (arg=<optimized out>) at ./nptl/pthread_create.c:447\n#7  0x00007ffff7d29ecc in clone3 () at ../sysdeps/unix/sysv/linux/x86_64/clone3.S:78\n"
~"\nThread 8 (Thread 0x7ffff6db96c0 (LWP 2268716) \"qe-worker-6\"):\n"
~"#0  syscall () at ../sysdeps/unix/sysv/linux/x86_64/syscall.S:38\n#1  0x000055555ba4c877 in rayon_core::sleep::Sleep::sleep ()\n#2  0x000055555ba4c30b in rayon_core::registry::WorkerThread::wait_until_cold ()\n#3  0x000055555ba4bcd2 in std::sys::backtrace::__rust_begin_short_backtrace ()\n#4  0x000055555ba4ba3c in core::ops::function::FnOnce::call_once{{vtable.shim}} ()\n#5  0x000055555bd7502a in std::sys::thread::unix::Thread::new::thread_start ()\n#6  0x00007ffff7c9cb84 in start_thread (arg=<optimized out>) at ./nptl/pthread_create.c:447\n#7  0x00007ffff7d29ecc in clone3 () at ../sysdeps/unix/sysv/linux/x86_64/clone3.S:78\n"
~"\nThread 7 (Thread 0x7ffff6fba6c0 (LWP 2268715) \"qe-worker-5\"):\n"
~"#0  syscall () at ../sysdeps/unix/sysv/linux/x86_64/syscall.S:38\n#1  0x000055555ba4c877 in rayon_core::sleep::Sleep::sleep ()\n#2  0x000055555ba4c30b in rayon_core::registry::WorkerThread::wait_until_cold ()\n#3  0x000055555ba4bcd2 in std::sys::backtrace::__rust_begin_short_backtrace ()\n#4  0x000055555ba4ba3c in core::ops::function::FnOnce::call_once{{vtable.shim}} ()\n#5  0x000055555bd7502a in std::sys::thread::unix::Thread::new::thread_start ()\n#6  0x00007ffff7c9cb84 in start_thread (arg=<optimized out>) at ./nptl/pthread_create.c:447\n#7  0x00007ffff7d29ecc in clone3 () at ../sysdeps/unix/sysv/linux/x86_64/clone3.S:78\n"
~"\nThread 6 (Thread 0x7ffff71bb6c0 (LWP 2268714) \"qe-worker-4\"):\n"
~"#0  syscall () at ../sysdeps/unix/sysv/linux/x86_64/syscall.S:38\n#1  0x000055555ba4c877 in rayon_core::sleep::Sleep::sleep ()\n#2  0x000055555ba4c30b in rayon_core::registry::WorkerThread::wait_until_cold ()\n#3  0x000055555ba4bcd2 in std::sys::backtrace::__rust_begin_short_backtrace ()\n#4  0x000055555ba4ba3c in core::ops::function::FnOnce::call_once{{vtable.shim}} ()\n#5  0x000055555bd7502a in std::sys::thread::unix::Thread::new::thread_start ()\n#6  0x00007ffff7c9cb84 in start_thread (arg=<optimized out>) at ./nptl/pthread_create.c:447\n#7  0x00007ffff7d29ecc in clone3 () at ../sysdeps/unix/sysv/linux/x86_64/clone3.S:78\n"
~"\nThread 5 (Thread 0x7ffff73bc6c0 (LWP 2268713) \"qe-worker-3\"):\n"
~"#0  syscall () at ../sysdeps/unix/sysv/linux/x86_64/syscall.S:38\n#1  0x000055555ba4c877 in rayon_core::sleep::Sleep::sleep ()\n#2  0x000055555ba4c30b in rayon_core::registry::WorkerThread::wait_until_cold ()\n#3  0x000055555ba4bcd2 in std::sys::backtrace::__rust_begin_short_backtrace ()\n#4  0x000055555ba4ba3c in core::ops::function::FnOnce::call_once{{vtable.shim}} ()\n#5  0x000055555bd7502a in std::sys::thread::unix::Thread::new::thread_start ()\n#6  0x00007ffff7c9cb84 in start_thread (arg=<optimized out>) at ./nptl/pthread_create.c:447\n#7  0x00007ffff7d29ecc in clone3 () at ../sysdeps/unix/sysv/linux/x86_64/clone3.S:78\n"
~"\nThread 4 (Thread 0x7ffff75bd6c0 (LWP 2268712) \"qe-worker-2\"):\n"
~"#0  syscall () at ../sysdeps/unix/sysv/linux/x86_64/syscall.S:38\n#1  0x000055555ba4c877 in rayon_core::sleep::Sleep::sleep ()\n#2  0x000055555ba4c30b in rayon_core::registry::WorkerThread::wait_until_cold ()\n#3  0x000055555ba4bcd2 in std::sys::backtrace::__rust_begin_short_backtrace ()\n#4  0x000055555ba4ba3c in core::ops::function::FnOnce::call_once{{vtable.shim}} ()\n#5  0x000055555bd7502a in std::sys::thread::unix::Thread::new::thread_start ()\n#6  0x00007ffff7c9cb84 in start_thread (arg=<optimized out>) at ./nptl/pthread_create.c:447\n#7  0x00007ffff7d29ecc in clone3 () at ../sysdeps/unix/sysv/linux/x86_64/clone3.S:78\n"
~"\nThread 3 (Thread 0x7ffff77be6c0 (LWP 2268711) \"qe-worker-1\"):\n"
~"#0  syscall () at ../sysdeps/unix/sysv/linux/x86_64/syscall.S:38\n#1  0x000055555ba4c877 in rayon_core::sleep::Sleep::sleep ()\n#2  0x000055555ba4c30b in rayon_core::registry::WorkerThread::wait_until_cold ()\n#3  0x000055555ba4bcd2 in std::sys::backtrace::__rust_begin_short_backtrace ()\n#4  0x000055555ba4ba3c in core::ops::function::FnOnce::call_once{{vtable.shim}} ()\n#5  0x000055555bd7502a in std::sys::thread::unix::Thread::new::thread_start ()\n#6  0x00007ffff7c9cb84 in start_thread (arg=<optimized out>) at ./nptl/pthread_create.c:447\n#7  0x00007ffff7d29ecc in clone3 () at ../sysdeps/unix/sysv/linux/x86_64/clone3.S:78\n"
~"\nThread 2 (Thread 0x7ffff79bf6c0 (LWP 2268710) \"qe-worker-0\"):\n"
~"#0  syscall () at ../sysdeps/unix/sysv/linux/x86_64/syscall.S:38\n#1  0x000055555ba4c877 in rayon_core::sleep::Sleep::sleep ()\n#2  0x000055555ba4c30b in rayon_core::registry::WorkerThread::wait_until_cold ()\n#3  0x000055555ba4bcd2 in std::sys::backtrace::__rust_begin_short_backtrace ()\n#4  0x000055555ba4ba3c in core::ops::function::FnOnce::call_once{{vtable.shim}} ()\n#5  0x000055555bd7502a in std::sys::thread::unix::Thread::new::thread_start ()\n#6  0x00007ffff7c9cb84 in start_thread (arg=<optimized out>) at ./nptl/pthread_create.c:447\n#7  0x00007ffff7d29ecc in clone3 () at ../sysdeps/unix/sysv/linux/x86_64/clone3.S:78\n"
~"\nThread 1 (Thread 0x7ffff7e8d100 (LWP 2268699) \"serial_frontier\"):\n"
~"#0  0x000055555b642075 in query_engine::execution::reserved_vec::ReservedVec<T>::try_extend_reserved ()\n#1  0x000055555b63fc9e in query_engine::planner::numeric::arithmetic ()\n#2  0x000055555b37a822 in query_engine::physical::operators::filter::evaluate_binary_op ()\n#3  0x000055555b4e4235 in query_engine::physical::operators::filter::evaluate_aggregate_inputs::eval ()\n#4  0x000055555b4e41ec in query_engine::physical::operators::filter::evaluate_aggregate_inputs::eval ()\n#5  0x000055555b49f4b5 in query_engine::physical::morsel_agg::live_spill::execute::{{closure}} ()\n#6  0x000055555b4930c1 in <query_engine::physical::operators::spillable::SpillableHashAggregateExec as query_engine::physical::plan::PhysicalOperator>::execute::{{closure}} ()\n#7  0x000055555b632182 in <query_engine::physical::operators::project::ProjectExec as query_engine::physical::plan::PhysicalOperator>::execute::{{closure}} ()\n(More stack frames follow...)\n"
74^done
(gdb) 
75^running
*running,thread-id="all"
(gdb) 
76^done
(gdb) 
~"\nThread "
~"1 \"serial_frontier\" received signal SIGINT, Interrupt.\n"
~"syscall () at ../sysdeps/unix/sysv/linux/x86_64/syscall.S:38\n"
~"38\tin ../sysdeps/unix/sysv/linux/x86_64/syscall.S\n"
*stopped,reason="signal-received",signal-name="SIGINT",signal-meaning="Interrupt",frame={addr="0x00007ffff7d2752d",func="syscall",args=[],file="../sysdeps/unix/sysv/linux/x86_64/syscall.S",fullname="./misc/../sysdeps/unix/sysv/linux/x86_64/syscall.S",line="38",arch="i386:x86-64"},thread-id="1",stopped-threads="all",core="15"
~"\nThread 34 (Thread 0x7fff877fb6c0 (LWP 2268742) \"tokio-rt-worker\"):\n"
~"#0  syscall () at ../sysdeps/unix/sysv/linux/x86_64/syscall.S:38\n#1  0x000055555afdfe97 in parking_lot::condvar::Condvar::wait_until_internal ()\n#2  0x000055555bd86bfa in std::sys::backtrace::__rust_begin_short_backtrace ()\n#3  0x000055555bd89aea in core::ops::function::FnOnce::call_once{{vtable.shim}} ()\n#4  0x000055555bd7502a in std::sys::thread::unix::Thread::new::thread_start ()\n#5  0x00007ffff7c9cb84 in start_thread (arg=<optimized out>) at ./nptl/pthread_create.c:447\n#6  0x00007ffff7d29ecc in clone3 () at ../sysdeps/unix/sysv/linux/x86_64/clone3.S:78\n"
~"\nThread 33 (Thread 0x7fff879fc6c0 (LWP 2268741) \"tokio-rt-worker\"):\n"
~"#0  syscall () at ../sysdeps/unix/sysv/linux/x86_64/syscall.S:38\n#1  0x000055555afdfe39 in parking_lot::condvar::Condvar::wait_until_internal ()\n#2  0x000055555bd97d50 in tokio::runtime::scheduler::multi_thread::worker::Context::park_internal ()\n#3  0x000055555bd96fec in tokio::runtime::scheduler::multi_thread::worker::run ()\n#4  0x000055555bd9506d in tokio::runtime::task::raw::poll ()\n#5  0x000055555bd86b52 in std::sys::backtrace::__rust_begin_short_backtrace ()\n#6  0x000055555bd89aea in core::ops::function::FnOnce::call_once{{vtable.shim}} ()\n#7  0x000055555bd7502a in std::sys::thread::unix::Thread::new::thread_start ()\n(More stack frames follow...)\n"
~"\nThread 32 (Thread 0x7fff87bfd6c0 (LWP 2268740) \"tokio-rt-worker\"):\n"
~"#0  syscall () at ../sysdeps/unix/sysv/linux/x86_64/syscall.S:38\n#1  0x000055555afdfe39 in parking_lot::condvar::Condvar::wait_until_internal ()\n#2  0x000055555bd97d50 in tokio::runtime::scheduler::multi_thread::worker::Context::park_internal ()\n#3  0x000055555bd96fec in tokio::runtime::scheduler::multi_thread::worker::run ()\n#4  0x000055555bd9506d in tokio::runtime::task::raw::poll ()\n#5  0x000055555bd86b52 in std::sys::backtrace::__rust_begin_short_backtrace ()\n#6  0x000055555bd89aea in core::ops::function::FnOnce::call_once{{vtable.shim}} ()\n#7  0x000055555bd7502a in std::sys::thread::unix::Thread::new::thread_start ()\n(More stack frames follow...)\n"
~"\nThread 31 (Thread 0x7fff87dfe6c0 (LWP 2268739) \"tokio-rt-worker\"):\n"
~"#0  syscall () at ../sysdeps/unix/sysv/linux/x86_64/syscall.S:38\n#1  0x000055555afdfe39 in parking_lot::condvar::Condvar::wait_until_internal ()\n#2  0x000055555bd97d50 in tokio::runtime::scheduler::multi_thread::worker::Context::park_internal ()\n#3  0x000055555bd96fec in tokio::runtime::scheduler::multi_thread::worker::run ()\n#4  0x000055555bd9506d in tokio::runtime::task::raw::poll ()\n#5  0x000055555bd86b52 in std::sys::backtrace::__rust_begin_short_backtrace ()\n#6  0x000055555bd89aea in core::ops::function::FnOnce::call_once{{vtable.shim}} ()\n#7  0x000055555bd7502a in std::sys::thread::unix::Thread::new::thread_start ()\n(More stack frames follow...)\n"
~"\nThread 30 (Thread 0x7fff87fff6c0 (LWP 2268738) \"tokio-rt-worker\"):\n"
~"#0  syscall () at ../sysdeps/unix/sysv/linux/x86_64/syscall.S:38\n#1  0x000055555afdfe39 in parking_lot::condvar::Condvar::wait_until_internal ()\n#2  0x000055555bd97d50 in tokio::runtime::scheduler::multi_thread::worker::Context::park_internal ()\n#3  0x000055555bd96fec in tokio::runtime::scheduler::multi_thread::worker::run ()\n#4  0x000055555bd9506d in tokio::runtime::task::raw::poll ()\n#5  0x000055555bd86b52 in std::sys::backtrace::__rust_begin_short_backtrace ()\n#6  0x000055555bd89aea in core::ops::function::FnOnce::call_once{{vtable.shim}} ()\n#7  0x000055555bd7502a in std::sys::thread::unix::Thread::new::thread_start ()\n(More stack frames follow...)\n"
~"\nThread 29 (Thread 0x7ffff43a46c0 (LWP 2268737) \"tokio-rt-worker\"):\n"
~"#0  syscall () at ../sysdeps/unix/sysv/linux/x86_64/syscall.S:38\n#1  0x000055555afdfe39 in parking_lot::condvar::Condvar::wait_until_internal ()\n#2  0x000055555bd97d50 in tokio::runtime::scheduler::multi_thread::worker::Context::park_internal ()\n#3  0x000055555bd96fec in tokio::runtime::scheduler::multi_thread::worker::run ()\n#4  0x000055555bd9506d in tokio::runtime::task::raw::poll ()\n#5  0x000055555bd86b52 in std::sys::backtrace::__rust_begin_short_backtrace ()\n#6  0x000055555bd89aea in core::ops::function::FnOnce::call_once{{vtable.shim}} ()\n#7  0x000055555bd7502a in std::sys::thread::unix::Thread::new::thread_start ()\n(More stack frames follow...)\n"
~"\nThread 28 (Thread 0x7ffff45a56c0 (LWP 2268736) \"tokio-rt-worker\"):\n"
~"#0  syscall () at ../sysdeps/unix/sysv/linux/x86_64/syscall.S:38\n#1  0x000055555afdfe39 in parking_lot::condvar::Condvar::wait_until_internal ()\n#2  0x000055555bd97d50 in tokio::runtime::scheduler::multi_thread::worker::Context::park_internal ()\n#3  0x000055555bd96fec in tokio::runtime::scheduler::multi_thread::worker::run ()\n#4  0x000055555bd9506d in tokio::runtime::task::raw::poll ()\n#5  0x000055555bd86b52 in std::sys::backtrace::__rust_begin_short_backtrace ()\n#6  0x000055555bd89aea in core::ops::function::FnOnce::call_once{{vtable.shim}} ()\n#7  0x000055555bd7502a in std::sys::thread::unix::Thread::new::thread_start ()\n(More stack frames follow...)\n"
~"\nThread 27 (Thread 0x7ffff47a66c0 (LWP 2268735) \"tokio-rt-worker\"):\n"
~"#0  syscall () at ../sysdeps/unix/sysv/linux/x86_64/syscall.S:38\n#1  0x000055555afdfe39 in parking_lot::condvar::Condvar::wait_until_internal ()\n#2  0x000055555bd97d50 in tokio::runtime::scheduler::multi_thread::worker::Context::park_internal ()\n#3  0x000055555bd96fec in tokio::runtime::scheduler::multi_thread::worker::run ()\n#4  0x000055555bd9506d in tokio::runtime::task::raw::poll ()\n#5  0x000055555bd86b52 in std::sys::backtrace::__rust_begin_short_backtrace ()\n#6  0x000055555bd89aea in core::ops::function::FnOnce::call_once{{vtable.shim}} ()\n#7  0x000055555bd7502a in std::sys::thread::unix::Thread::new::thread_start ()\n(More stack frames follow...)\n"
~"\nThread 26 (Thread 0x7ffff49a76c0 (LWP 2268734) \"tokio-rt-worker\"):\n"
~"#0  syscall () at ../sysdeps/unix/sysv/linux/x86_64/syscall.S:38\n#1  0x000055555afdfe39 in parking_lot::condvar::Condvar::wait_until_internal ()\n#2  0x000055555bd97d50 in tokio::runtime::scheduler::multi_thread::worker::Context::park_internal ()\n#3  0x000055555bd96fec in tokio::runtime::scheduler::multi_thread::worker::run ()\n#4  0x000055555bd9506d in tokio::runtime::task::raw::poll ()\n#5  0x000055555bd86b52 in std::sys::backtrace::__rust_begin_short_backtrace ()\n#6  0x000055555bd89aea in core::ops::function::FnOnce::call_once{{vtable.shim}} ()\n#7  0x000055555bd7502a in std::sys::thread::unix::Thread::new::thread_start ()\n(More stack frames follow...)\n"
~"\nThread 25 (Thread 0x7ffff4ba86c0 (LWP 2268733) \"tokio-rt-worker\"):\n"
~"#0  syscall () at ../sysdeps/unix/sysv/linux/x86_64/syscall.S:38\n#1  0x000055555afdfe39 in parking_lot::condvar::Condvar::wait_until_internal ()\n#2  0x000055555bd97d50 in tokio::runtime::scheduler::multi_thread::worker::Context::park_internal ()\n#3  0x000055555bd96fec in tokio::runtime::scheduler::multi_thread::worker::run ()\n#4  0x000055555bd9506d in tokio::runtime::task::raw::poll ()\n#5  0x000055555bd86b52 in std::sys::backtrace::__rust_begin_short_backtrace ()\n#6  0x000055555bd89aea in core::ops::function::FnOnce::call_once{{vtable.shim}} ()\n#7  0x000055555bd7502a in std::sys::thread::unix::Thread::new::thread_start ()\n(More stack frames follow...)\n"
~"\nThread 24 (Thread 0x7ffff4da96c0 (LWP 2268732) \"tokio-rt-worker\"):\n"
~"#0  syscall () at ../sysdeps/unix/sysv/linux/x86_64/syscall.S:38\n#1  0x000055555afdfe39 in parking_lot::condvar::Condvar::wait_until_internal ()\n#2  0x000055555bd97d50 in tokio::runtime::scheduler::multi_thread::worker::Context::park_internal ()\n#3  0x000055555bd96fec in tokio::runtime::scheduler::multi_thread::worker::run ()\n#4  0x000055555bd9506d in tokio::runtime::task::raw::poll ()\n#5  0x000055555bd86b52 in std::sys::backtrace::__rust_begin_short_backtrace ()\n#6  0x000055555bd89aea in core::ops::function::FnOnce::call_once{{vtable.shim}} ()\n#7  0x000055555bd7502a in std::sys::thread::unix::Thread::new::thread_start ()\n(More stack frames follow...)\n"
~"\nThread 23 (Thread 0x7ffff4faa6c0 (LWP 2268731) \"tokio-rt-worker\"):\n"
~"#0  syscall () at ../sysdeps/unix/sysv/linux/x86_64/syscall.S:38\n#1  0x000055555afdfe39 in parking_lot::condvar::Condvar::wait_until_internal ()\n#2  0x000055555bd97d50 in tokio::runtime::scheduler::multi_thread::worker::Context::park_internal ()\n#3  0x000055555bd96fec in tokio::runtime::scheduler::multi_thread::worker::run ()\n#4  0x000055555bd9506d in tokio::runtime::task::raw::poll ()\n#5  0x000055555bd86b52 in std::sys::backtrace::__rust_begin_short_backtrace ()\n#6  0x000055555bd89aea in core::ops::function::FnOnce::call_once{{vtable.shim}} ()\n#7  0x000055555bd7502a in std::sys::thread::unix::Thread::new::thread_start ()\n(More stack frames follow...)\n"
~"\nThread 22 (Thread 0x7ffff51ab6c0 (LWP 2268730) \"tokio-rt-worker\"):\n"
~"#0  syscall () at ../sysdeps/unix/sysv/linux/x86_64/syscall.S:38\n#1  0x000055555afdfe39 in parking_lot::condvar::Condvar::wait_until_internal ()\n#2  0x000055555bd97d50 in tokio::runtime::scheduler::multi_thread::worker::Context::park_internal ()\n#3  0x000055555bd96fec in tokio::runtime::scheduler::multi_thread::worker::run ()\n#4  0x000055555bd9506d in tokio::runtime::task::raw::poll ()\n#5  0x000055555bd86b52 in std::sys::backtrace::__rust_begin_short_backtrace ()\n#6  0x000055555bd89aea in core::ops::function::FnOnce::call_once{{vtable.shim}} ()\n#7  0x000055555bd7502a in std::sys::thread::unix::Thread::new::thread_start ()\n(More stack frames follow...)\n"
~"\nThread 21 (Thread 0x7ffff53ac6c0 (LWP 2268729) \"tokio-rt-worker\"):\n"
~"#0  syscall () at ../sysdeps/unix/sysv/linux/x86_64/syscall.S:38\n#1  0x000055555afdfe39 in parking_lot::condvar::Condvar::wait_until_internal ()\n#2  0x000055555bd97d50 in tokio::runtime::scheduler::multi_thread::worker::Context::park_internal ()\n#3  0x000055555bd96fec in tokio::runtime::scheduler::multi_thread::worker::run ()\n#4  0x000055555bd9506d in tokio::runtime::task::raw::poll ()\n#5  0x000055555bd86b52 in std::sys::backtrace::__rust_begin_short_backtrace ()\n#6  0x000055555bd89aea in core::ops::function::FnOnce::call_once{{vtable.shim}} ()\n#7  0x000055555bd7502a in std::sys::thread::unix::Thread::new::thread_start ()\n(More stack frames follow...)\n"
~"\nThread 20 (Thread 0x7ffff55ad6c0 (LWP 2268728) \"tokio-rt-worker\"):\n"
~"#0  syscall () at ../sysdeps/unix/sysv/linux/x86_64/syscall.S:38\n#1  0x000055555afdfe39 in parking_lot::condvar::Condvar::wait_until_internal ()\n#2  0x000055555bd97d50 in tokio::runtime::scheduler::multi_thread::worker::Context::park_internal ()\n#3  0x000055555bd96fec in tokio::runtime::scheduler::multi_thread::worker::run ()\n#4  0x000055555bd9506d in tokio::runtime::task::raw::poll ()\n#5  0x000055555bd86b52 in std::sys::backtrace::__rust_begin_short_backtrace ()\n#6  0x000055555bd89aea in core::ops::function::FnOnce::call_once{{vtable.shim}} ()\n#7  0x000055555bd7502a in std::sys::thread::unix::Thread::new::thread_start ()\n(More stack frames follow...)\n"
~"\nThread 19 (Thread 0x7ffff57ae6c0 (LWP 2268727) \"tokio-rt-worker\"):\n"
~"#0  syscall () at ../sysdeps/unix/sysv/linux/x86_64/syscall.S:38\n#1  0x000055555afdfe39 in parking_lot::condvar::Condvar::wait_until_internal ()\n#2  0x000055555bd97d50 in tokio::runtime::scheduler::multi_thread::worker::Context::park_internal ()\n#3  0x000055555bd96fec in tokio::runtime::scheduler::multi_thread::worker::run ()\n#4  0x000055555bd9506d in tokio::runtime::task::raw::poll ()\n#5  0x000055555bd86b52 in std::sys::backtrace::__rust_begin_short_backtrace ()\n#6  0x000055555bd89aea in core::ops::function::FnOnce::call_once{{vtable.shim}} ()\n#7  0x000055555bd7502a in std::sys::thread::unix::Thread::new::thread_start ()\n(More stack frames follow...)\n"
~"\nThread 18 (Thread 0x7ffff59af6c0 (LWP 2268726) \"tokio-rt-worker\"):\n"
~"#0  0x00007ffff7d2a2d2 in epoll_wait (epfd=3, events=0x36f6e300000, maxevents=1024, timeout=-1) at ../sysdeps/unix/sysv/linux/epoll_wait.c:30\n#1  0x000055555bd994ae in tokio::runtime::io::driver::Driver::turn ()\n#2  0x000055555bd9919d in tokio::runtime::time::Driver::park_internal ()\n#3  0x000055555bd97b94 in tokio::runtime::scheduler::multi_thread::worker::Context::park_internal ()\n#4  0x000055555bd96fec in tokio::runtime::scheduler::multi_thread::worker::run ()\n#5  0x000055555bd9506d in tokio::runtime::task::raw::poll ()\n#6  0x000055555bd86b52 in std::sys::backtrace::__rust_begin_short_backtrace ()\n#7  0x000055555bd89aea in core::ops::function::FnOnce::call_once{{vtable.shim}} ()\n(More stack frames follow...)\n"
~"\nThread 17 (Thread 0x7ffff5bb06c0 (LWP 2268725) \"qe-worker-15\"):\n"
~"#0  syscall () at ../sysdeps/unix/sysv/linux/x86_64/syscall.S:38\n#1  0x000055555ba4c877 in rayon_core::sleep::Sleep::sleep ()\n#2  0x000055555ba4c30b in rayon_core::registry::WorkerThread::wait_until_cold ()\n#3  0x000055555ba4bcd2 in std::sys::backtrace::__rust_begin_short_backtrace ()\n#4  0x000055555ba4ba3c in core::ops::function::FnOnce::call_once{{vtable.shim}} ()\n#5  0x000055555bd7502a in std::sys::thread::unix::Thread::new::thread_start ()\n#6  0x00007ffff7c9cb84 in start_thread (arg=<optimized out>) at ./nptl/pthread_create.c:447\n#7  0x00007ffff7d29ecc in clone3 () at ../sysdeps/unix/sysv/linux/x86_64/clone3.S:78\n"
~"\nThread 16 (Thread 0x7ffff5db16c0 (LWP 2268724) \"qe-worker-14\"):\n"
~"#0  syscall () at ../sysdeps/unix/sysv/linux/x86_64/syscall.S:38\n#1  0x000055555ba4c877 in rayon_core::sleep::Sleep::sleep ()\n#2  0x000055555ba4c30b in rayon_core::registry::WorkerThread::wait_until_cold ()\n#3  0x000055555ba4bcd2 in std::sys::backtrace::__rust_begin_short_backtrace ()\n#4  0x000055555ba4ba3c in core::ops::function::FnOnce::call_once{{vtable.shim}} ()\n#5  0x000055555bd7502a in std::sys::thread::unix::Thread::new::thread_start ()\n#6  0x00007ffff7c9cb84 in start_thread (arg=<optimized out>) at ./nptl/pthread_create.c:447\n#7  0x00007ffff7d29ecc in clone3 () at ../sysdeps/unix/sysv/linux/x86_64/clone3.S:78\n"
~"\nThread 15 (Thread 0x7ffff5fb26c0 (LWP 2268723) \"qe-worker-13\"):\n"
~"#0  syscall () at ../sysdeps/unix/sysv/linux/x86_64/syscall.S:38\n#1  0x000055555ba4c877 in rayon_core::sleep::Sleep::sleep ()\n#2  0x000055555ba4c30b in rayon_core::registry::WorkerThread::wait_until_cold ()\n#3  0x000055555ba4bcd2 in std::sys::backtrace::__rust_begin_short_backtrace ()\n#4  0x000055555ba4ba3c in core::ops::function::FnOnce::call_once{{vtable.shim}} ()\n#5  0x000055555bd7502a in std::sys::thread::unix::Thread::new::thread_start ()\n#6  0x00007ffff7c9cb84 in start_thread (arg=<optimized out>) at ./nptl/pthread_create.c:447\n#7  0x00007ffff7d29ecc in clone3 () at ../sysdeps/unix/sysv/linux/x86_64/clone3.S:78\n"
~"\nThread 14 (Thread 0x7ffff61b36c0 (LWP 2268722) \"qe-worker-12\"):\n"
~"#0  syscall () at ../sysdeps/unix/sysv/linux/x86_64/syscall.S:38\n#1  0x000055555ba4c877 in rayon_core::sleep::Sleep::sleep ()\n#2  0x000055555ba4c30b in rayon_core::registry::WorkerThread::wait_until_cold ()\n#3  0x000055555ba4bcd2 in std::sys::backtrace::__rust_begin_short_backtrace ()\n#4  0x000055555ba4ba3c in core::ops::function::FnOnce::call_once{{vtable.shim}} ()\n#5  0x000055555bd7502a in std::sys::thread::unix::Thread::new::thread_start ()\n#6  0x00007ffff7c9cb84 in start_thread (arg=<optimized out>) at ./nptl/pthread_create.c:447\n#7  0x00007ffff7d29ecc in clone3 () at ../sysdeps/unix/sysv/linux/x86_64/clone3.S:78\n"
~"\nThread 13 (Thread 0x7ffff63b46c0 (LWP 2268721) \"qe-worker-11\"):\n"
~"#0  syscall () at ../sysdeps/unix/sysv/linux/x86_64/syscall.S:38\n#1  0x000055555ba4c877 in rayon_core::sleep::Sleep::sleep ()\n#2  0x000055555ba4c30b in rayon_core::registry::WorkerThread::wait_until_cold ()\n#3  0x000055555ba4bcd2 in std::sys::backtrace::__rust_begin_short_backtrace ()\n#4  0x000055555ba4ba3c in core::ops::function::FnOnce::call_once{{vtable.shim}} ()\n#5  0x000055555bd7502a in std::sys::thread::unix::Thread::new::thread_start ()\n#6  0x00007ffff7c9cb84 in start_thread (arg=<optimized out>) at ./nptl/pthread_create.c:447\n#7  0x00007ffff7d29ecc in clone3 () at ../sysdeps/unix/sysv/linux/x86_64/clone3.S:78\n"
~"\nThread 12 (Thread 0x7ffff65b56c0 (LWP 2268720) \"qe-worker-10\"):\n"
~"#0  syscall () at ../sysdeps/unix/sysv/linux/x86_64/syscall.S:38\n#1  0x000055555ba4c877 in rayon_core::sleep::Sleep::sleep ()\n#2  0x000055555ba4c30b in rayon_core::registry::WorkerThread::wait_until_cold ()\n#3  0x000055555ba4bcd2 in std::sys::backtrace::__rust_begin_short_backtrace ()\n#4  0x000055555ba4ba3c in core::ops::function::FnOnce::call_once{{vtable.shim}} ()\n#5  0x000055555bd7502a in std::sys::thread::unix::Thread::new::thread_start ()\n#6  0x00007ffff7c9cb84 in start_thread (arg=<optimized out>) at ./nptl/pthread_create.c:447\n#7  0x00007ffff7d29ecc in clone3 () at ../sysdeps/unix/sysv/linux/x86_64/clone3.S:78\n"
~"\nThread 11 (Thread 0x7ffff67b66c0 (LWP 2268719) \"qe-worker-9\"):\n"
~"#0  syscall () at ../sysdeps/unix/sysv/linux/x86_64/syscall.S:38\n#1  0x000055555ba4c877 in rayon_core::sleep::Sleep::sleep ()\n#2  0x000055555ba4c30b in rayon_core::registry::WorkerThread::wait_until_cold ()\n#3  0x000055555ba4bcd2 in std::sys::backtrace::__rust_begin_short_backtrace ()\n#4  0x000055555ba4ba3c in core::ops::function::FnOnce::call_once{{vtable.shim}} ()\n#5  0x000055555bd7502a in std::sys::thread::unix::Thread::new::thread_start ()\n#6  0x00007ffff7c9cb84 in start_thread (arg=<optimized out>) at ./nptl/pthread_create.c:447\n#7  0x00007ffff7d29ecc in clone3 () at ../sysdeps/unix/sysv/linux/x86_64/clone3.S:78\n"
~"\nThread 10 (Thread 0x7ffff69b76c0 (LWP 2268718) \"qe-worker-8\"):\n"
~"#0  syscall () at ../sysdeps/unix/sysv/linux/x86_64/syscall.S:38\n#1  0x000055555ba4c877 in rayon_core::sleep::Sleep::sleep ()\n#2  0x000055555ba4c30b in rayon_core::registry::WorkerThread::wait_until_cold ()\n#3  0x000055555ba4bcd2 in std::sys::backtrace::__rust_begin_short_backtrace ()\n#4  0x000055555ba4ba3c in core::ops::function::FnOnce::call_once{{vtable.shim}} ()\n#5  0x000055555bd7502a in std::sys::thread::unix::Thread::new::thread_start ()\n#6  0x00007ffff7c9cb84 in start_thread (arg=<optimized out>) at ./nptl/pthread_create.c:447\n#7  0x00007ffff7d29ecc in clone3 () at ../sysdeps/unix/sysv/linux/x86_64/clone3.S:78\n"
~"\nThread 9 (Thread 0x7ffff6bb86c0 (LWP 2268717) \"qe-worker-7\"):\n"
~"#0  syscall () at ../sysdeps/unix/sysv/linux/x86_64/syscall.S:38\n#1  0x000055555ba4c877 in rayon_core::sleep::Sleep::sleep ()\n#2  0x000055555ba4c30b in rayon_core::registry::WorkerThread::wait_until_cold ()\n#3  0x000055555ba4bcd2 in std::sys::backtrace::__rust_begin_short_backtrace ()\n#4  0x000055555ba4ba3c in core::ops::function::FnOnce::call_once{{vtable.shim}} ()\n#5  0x000055555bd7502a in std::sys::thread::unix::Thread::new::thread_start ()\n#6  0x00007ffff7c9cb84 in start_thread (arg=<optimized out>) at ./nptl/pthread_create.c:447\n#7  0x00007ffff7d29ecc in clone3 () at ../sysdeps/unix/sysv/linux/x86_64/clone3.S:78\n"
~"\nThread 8 (Thread 0x7ffff6db96c0 (LWP 2268716) \"qe-worker-6\"):\n"
~"#0  syscall () at ../sysdeps/unix/sysv/linux/x86_64/syscall.S:38\n#1  0x000055555ba4c877 in rayon_core::sleep::Sleep::sleep ()\n#2  0x000055555ba4c30b in rayon_core::registry::WorkerThread::wait_until_cold ()\n#3  0x000055555ba4bcd2 in std::sys::backtrace::__rust_begin_short_backtrace ()\n#4  0x000055555ba4ba3c in core::ops::function::FnOnce::call_once{{vtable.shim}} ()\n#5  0x000055555bd7502a in std::sys::thread::unix::Thread::new::thread_start ()\n#6  0x00007ffff7c9cb84 in start_thread (arg=<optimized out>) at ./nptl/pthread_create.c:447\n#7  0x00007ffff7d29ecc in clone3 () at ../sysdeps/unix/sysv/linux/x86_64/clone3.S:78\n"
~"\nThread 7 (Thread 0x7ffff6fba6c0 (LWP 2268715) \"qe-worker-5\"):\n"
~"#0  syscall () at ../sysdeps/unix/sysv/linux/x86_64/syscall.S:38\n#1  0x000055555ba4c877 in rayon_core::sleep::Sleep::sleep ()\n#2  0x000055555ba4c30b in rayon_core::registry::WorkerThread::wait_until_cold ()\n#3  0x000055555ba4bcd2 in std::sys::backtrace::__rust_begin_short_backtrace ()\n#4  0x000055555ba4ba3c in core::ops::function::FnOnce::call_once{{vtable.shim}} ()\n#5  0x000055555bd7502a in std::sys::thread::unix::Thread::new::thread_start ()\n#6  0x00007ffff7c9cb84 in start_thread (arg=<optimized out>) at ./nptl/pthread_create.c:447\n#7  0x00007ffff7d29ecc in clone3 () at ../sysdeps/unix/sysv/linux/x86_64/clone3.S:78\n"
~"\nThread 6 (Thread 0x7ffff71bb6c0 (LWP 2268714) \"qe-worker-4\"):\n"
~"#0  syscall () at ../sysdeps/unix/sysv/linux/x86_64/syscall.S:38\n#1  0x000055555ba4c877 in rayon_core::sleep::Sleep::sleep ()\n#2  0x000055555ba4c30b in rayon_core::registry::WorkerThread::wait_until_cold ()\n#3  0x000055555ba4bcd2 in std::sys::backtrace::__rust_begin_short_backtrace ()\n#4  0x000055555ba4ba3c in core::ops::function::FnOnce::call_once{{vtable.shim}} ()\n#5  0x000055555bd7502a in std::sys::thread::unix::Thread::new::thread_start ()\n#6  0x00007ffff7c9cb84 in start_thread (arg=<optimized out>) at ./nptl/pthread_create.c:447\n#7  0x00007ffff7d29ecc in clone3 () at ../sysdeps/unix/sysv/linux/x86_64/clone3.S:78\n"
~"\nThread 5 (Thread 0x7ffff73bc6c0 (LWP 2268713) \"qe-worker-3\"):\n"
~"#0  syscall () at ../sysdeps/unix/sysv/linux/x86_64/syscall.S:38\n#1  0x000055555ba4c877 in rayon_core::sleep::Sleep::sleep ()\n#2  0x000055555ba4c30b in rayon_core::registry::WorkerThread::wait_until_cold ()\n#3  0x000055555ba4bcd2 in std::sys::backtrace::__rust_begin_short_backtrace ()\n#4  0x000055555ba4ba3c in core::ops::function::FnOnce::call_once{{vtable.shim}} ()\n#5  0x000055555bd7502a in std::sys::thread::unix::Thread::new::thread_start ()\n#6  0x00007ffff7c9cb84 in start_thread (arg=<optimized out>) at ./nptl/pthread_create.c:447\n#7  0x00007ffff7d29ecc in clone3 () at ../sysdeps/unix/sysv/linux/x86_64/clone3.S:78\n"
~"\nThread 4 (Thread 0x7ffff75bd6c0 (LWP 2268712) \"qe-worker-2\"):\n"
~"#0  syscall () at ../sysdeps/unix/sysv/linux/x86_64/syscall.S:38\n#1  0x000055555ba4c877 in rayon_core::sleep::Sleep::sleep ()\n#2  0x000055555ba4c30b in rayon_core::registry::WorkerThread::wait_until_cold ()\n#3  0x000055555ba4bcd2 in std::sys::backtrace::__rust_begin_short_backtrace ()\n#4  0x000055555ba4ba3c in core::ops::function::FnOnce::call_once{{vtable.shim}} ()\n#5  0x000055555bd7502a in std::sys::thread::unix::Thread::new::thread_start ()\n#6  0x00007ffff7c9cb84 in start_thread (arg=<optimized out>) at ./nptl/pthread_create.c:447\n#7  0x00007ffff7d29ecc in clone3 () at ../sysdeps/unix/sysv/linux/x86_64/clone3.S:78\n"
~"\nThread 3 (Thread 0x7ffff77be6c0 (LWP 2268711) \"qe-worker-1\"):\n"
~"#0  0x000055555b52a43f in query_engine::physical::morsel_agg::state_rows::StateRows::prepare_arrays_indexed ()\n#1  0x000055555b526306 in query_engine::physical::morsel_agg::parallel_controllers::ParallelControllers::ingest::{{closure}}::{{closure}}::{{closure}} ()\n#2  0x000055555b526819 in rayon::iter::plumbing::bridge_producer_consumer::helper ()\n#3  0x000055555b530123 in rayon_core::join::join_context::{{closure}} ()\n#4  0x000055555b526ae6 in rayon::iter::plumbing::bridge_producer_consumer::helper ()\n#5  0x000055555b530d81 in <rayon_core::job::StackJob<L,F,R> as rayon_core::job::Job>::execute ()\n#6  0x000055555ba4c3c4 in rayon_core::registry::WorkerThread::wait_until_cold ()\n#7  0x000055555ba4bcd2 in std::sys::backtrace::__rust_begin_short_backtrace ()\n(More stack frames follow...)\n"
~"\nThread 2 (Thread 0x7ffff79bf6c0 (LWP 2268710) \"qe-worker-0\"):\n"
~"#0  0x00007ffff7d88933 in __memcmp_avx2_movbe () at ../sysdeps/x86_64/multiarch/memcmp-avx2-movbe.S:423\n#1  0x000055555b4f8299 in query_engine::physical::morsel_agg::group_rows::GroupRows::find_hashed ()\n#2  0x000055555b5260d9 in query_engine::physical::morsel_agg::parallel_controllers::ParallelControllers::ingest::{{closure}}::{{closure}}::{{closure}} ()\n#3  0x000055555b526819 in rayon::iter::plumbing::bridge_producer_consumer::helper ()\n#4  0x000055555b530123 in rayon_core::join::join_context::{{closure}} ()\n#5  0x000055555b526ae6 in rayon::iter::plumbing::bridge_producer_consumer::helper ()\n#6  0x000055555b530123 in rayon_core::join::join_context::{{closure}} ()\n#7  0x000055555b530b42 in <rayon_core::job::StackJob<L,F,R> as rayon_core::job::Job>::execute ()\n(More stack frames follow...)\n"
~"\nThread 1 (Thread 0x7ffff7e8d100 (LWP 2268699) \"serial_frontier\"):\n"
~"#0  syscall () at ../sysdeps/unix/sysv/linux/x86_64/syscall.S:38\n#1  0x000055555ba4d835 in rayon_core::latch::LockLatch::wait_and_reset ()\n#2  0x000055555b5304f3 in rayon_core::registry::Registry::in_worker_cold ()\n#3  0x000055555b526cfa in rayon::iter::plumbing::bridge_producer_consumer::helper ()\n#4  0x000055555b4a2d45 in query_engine::physical::morsel_agg::live_spill::execute::{{closure}} ()\n#5  0x000055555b4930c1 in <query_engine::physical::operators::spillable::SpillableHashAggregateExec as query_engine::physical::plan::PhysicalOperator>::execute::{{closure}} ()\n#6  0x000055555b632182 in <query_engine::physical::operators::project::ProjectExec as query_engine::physical::plan::PhysicalOperator>::execute::{{closure}} ()\n#7  0x000055555b4a7680 in query_engine::physical::operators::spillable::stream_merge_input_partitions::{{closure}} ()\n(More stack frames follow...)\n"
77^done
(gdb) 
78^running
*running,thread-id="all"
(gdb) 
79^done
(gdb) 
~"\nThread "
~"1 \"serial_frontier\" received signal SIGINT, Interrupt.\n"
~"syscall () at ../sysdeps/unix/sysv/linux/x86_64/syscall.S:38\n"
~"38\tin ../sysdeps/unix/sysv/linux/x86_64/syscall.S\n"
*stopped,reason="signal-received",signal-name="SIGINT",signal-meaning="Interrupt",frame={addr="0x00007ffff7d2752d",func="syscall",args=[],file="../sysdeps/unix/sysv/linux/x86_64/syscall.S",fullname="./misc/../sysdeps/unix/sysv/linux/x86_64/syscall.S",line="38",arch="i386:x86-64"},thread-id="1",stopped-threads="all",core="5"
~"\nThread 34 (Thread 0x7fff877fb6c0 (LWP 2268742) \"tokio-rt-worker\"):\n"
~"#0  syscall () at ../sysdeps/unix/sysv/linux/x86_64/syscall.S:38\n#1  0x000055555afdfe97 in parking_lot::condvar::Condvar::wait_until_internal ()\n#2  0x000055555bd86bfa in std::sys::backtrace::__rust_begin_short_backtrace ()\n#3  0x000055555bd89aea in core::ops::function::FnOnce::call_once{{vtable.shim}} ()\n#4  0x000055555bd7502a in std::sys::thread::unix::Thread::new::thread_start ()\n#5  0x00007ffff7c9cb84 in start_thread (arg=<optimized out>) at ./nptl/pthread_create.c:447\n#6  0x00007ffff7d29ecc in clone3 () at ../sysdeps/unix/sysv/linux/x86_64/clone3.S:78\n"
~"\nThread 33 (Thread 0x7fff879fc6c0 (LWP 2268741) \"tokio-rt-worker\"):\n"
~"#0  syscall () at ../sysdeps/unix/sysv/linux/x86_64/syscall.S:38\n#1  0x000055555afdfe39 in parking_lot::condvar::Condvar::wait_until_internal ()\n#2  0x000055555bd97d50 in tokio::runtime::scheduler::multi_thread::worker::Context::park_internal ()\n#3  0x000055555bd96fec in tokio::runtime::scheduler::multi_thread::worker::run ()\n#4  0x000055555bd9506d in tokio::runtime::task::raw::poll ()\n#5  0x000055555bd86b52 in std::sys::backtrace::__rust_begin_short_backtrace ()\n#6  0x000055555bd89aea in core::ops::function::FnOnce::call_once{{vtable.shim}} ()\n#7  0x000055555bd7502a in std::sys::thread::unix::Thread::new::thread_start ()\n(More stack frames follow...)\n"
~"\nThread 32 (Thread 0x7fff87bfd6c0 (LWP 2268740) \"tokio-rt-worker\"):\n"
~"#0  syscall () at ../sysdeps/unix/sysv/linux/x86_64/syscall.S:38\n#1  0x000055555afdfe39 in parking_lot::condvar::Condvar::wait_until_internal ()\n#2  0x000055555bd97d50 in tokio::runtime::scheduler::multi_thread::worker::Context::park_internal ()\n#3  0x000055555bd96fec in tokio::runtime::scheduler::multi_thread::worker::run ()\n#4  0x000055555bd9506d in tokio::runtime::task::raw::poll ()\n#5  0x000055555bd86b52 in std::sys::backtrace::__rust_begin_short_backtrace ()\n#6  0x000055555bd89aea in core::ops::function::FnOnce::call_once{{vtable.shim}} ()\n#7  0x000055555bd7502a in std::sys::thread::unix::Thread::new::thread_start ()\n(More stack frames follow...)\n"
~"\nThread 31 (Thread 0x7fff87dfe6c0 (LWP 2268739) \"tokio-rt-worker\"):\n"
~"#0  syscall () at ../sysdeps/unix/sysv/linux/x86_64/syscall.S:38\n#1  0x000055555afdfe39 in parking_lot::condvar::Condvar::wait_until_internal ()\n#2  0x000055555bd97d50 in tokio::runtime::scheduler::multi_thread::worker::Context::park_internal ()\n#3  0x000055555bd96fec in tokio::runtime::scheduler::multi_thread::worker::run ()\n#4  0x000055555bd9506d in tokio::runtime::task::raw::poll ()\n#5  0x000055555bd86b52 in std::sys::backtrace::__rust_begin_short_backtrace ()\n#6  0x000055555bd89aea in core::ops::function::FnOnce::call_once{{vtable.shim}} ()\n#7  0x000055555bd7502a in std::sys::thread::unix::Thread::new::thread_start ()\n(More stack frames follow...)\n"
~"\nThread 30 (Thread 0x7fff87fff6c0 (LWP 2268738) \"tokio-rt-worker\"):\n"
~"#0  syscall () at ../sysdeps/unix/sysv/linux/x86_64/syscall.S:38\n#1  0x000055555afdfe39 in parking_lot::condvar::Condvar::wait_until_internal ()\n#2  0x000055555bd97d50 in tokio::runtime::scheduler::multi_thread::worker::Context::park_internal ()\n#3  0x000055555bd96fec in tokio::runtime::scheduler::multi_thread::worker::run ()\n#4  0x000055555bd9506d in tokio::runtime::task::raw::poll ()\n#5  0x000055555bd86b52 in std::sys::backtrace::__rust_begin_short_backtrace ()\n#6  0x000055555bd89aea in core::ops::function::FnOnce::call_once{{vtable.shim}} ()\n#7  0x000055555bd7502a in std::sys::thread::unix::Thread::new::thread_start ()\n(More stack frames follow...)\n"
~"\nThread 29 (Thread 0x7ffff43a46c0 (LWP 2268737) \"tokio-rt-worker\"):\n"
~"#0  syscall () at ../sysdeps/unix/sysv/linux/x86_64/syscall.S:38\n#1  0x000055555afdfe39 in parking_lot::condvar::Condvar::wait_until_internal ()\n#2  0x000055555bd97d50 in tokio::runtime::scheduler::multi_thread::worker::Context::park_internal ()\n#3  0x000055555bd96fec in tokio::runtime::scheduler::multi_thread::worker::run ()\n#4  0x000055555bd9506d in tokio::runtime::task::raw::poll ()\n#5  0x000055555bd86b52 in std::sys::backtrace::__rust_begin_short_backtrace ()\n#6  0x000055555bd89aea in core::ops::function::FnOnce::call_once{{vtable.shim}} ()\n#7  0x000055555bd7502a in std::sys::thread::unix::Thread::new::thread_start ()\n(More stack frames follow...)\n"
~"\nThread 28 (Thread 0x7ffff45a56c0 (LWP 2268736) \"tokio-rt-worker\"):\n"
~"#0  syscall () at ../sysdeps/unix/sysv/linux/x86_64/syscall.S:38\n#1  0x000055555afdfe39 in parking_lot::condvar::Condvar::wait_until_internal ()\n#2  0x000055555bd97d50 in tokio::runtime::scheduler::multi_thread::worker::Context::park_internal ()\n#3  0x000055555bd96fec in tokio::runtime::scheduler::multi_thread::worker::run ()\n#4  0x000055555bd9506d in tokio::runtime::task::raw::poll ()\n#5  0x000055555bd86b52 in std::sys::backtrace::__rust_begin_short_backtrace ()\n#6  0x000055555bd89aea in core::ops::function::FnOnce::call_once{{vtable.shim}} ()\n#7  0x000055555bd7502a in std::sys::thread::unix::Thread::new::thread_start ()\n(More stack frames follow...)\n"
~"\nThread 27 (Thread 0x7ffff47a66c0 (LWP 2268735) \"tokio-rt-worker\"):\n"
~"#0  syscall () at ../sysdeps/unix/sysv/linux/x86_64/syscall.S:38\n#1  0x000055555afdfe39 in parking_lot::condvar::Condvar::wait_until_internal ()\n#2  0x000055555bd97d50 in tokio::runtime::scheduler::multi_thread::worker::Context::park_internal ()\n#3  0x000055555bd96fec in tokio::runtime::scheduler::multi_thread::worker::run ()\n#4  0x000055555bd9506d in tokio::runtime::task::raw::poll ()\n#5  0x000055555bd86b52 in std::sys::backtrace::__rust_begin_short_backtrace ()\n#6  0x000055555bd89aea in core::ops::function::FnOnce::call_once{{vtable.shim}} ()\n#7  0x000055555bd7502a in std::sys::thread::unix::Thread::new::thread_start ()\n(More stack frames follow...)\n"
~"\nThread 26 (Thread 0x7ffff49a76c0 (LWP 2268734) \"tokio-rt-worker\"):\n"
~"#0  syscall () at ../sysdeps/unix/sysv/linux/x86_64/syscall.S:38\n#1  0x000055555afdfe39 in parking_lot::condvar::Condvar::wait_until_internal ()\n#2  0x000055555bd97d50 in tokio::runtime::scheduler::multi_thread::worker::Context::park_internal ()\n#3  0x000055555bd96fec in tokio::runtime::scheduler::multi_thread::worker::run ()\n#4  0x000055555bd9506d in tokio::runtime::task::raw::poll ()\n#5  0x000055555bd86b52 in std::sys::backtrace::__rust_begin_short_backtrace ()\n#6  0x000055555bd89aea in core::ops::function::FnOnce::call_once{{vtable.shim}} ()\n#7  0x000055555bd7502a in std::sys::thread::unix::Thread::new::thread_start ()\n(More stack frames follow...)\n"
~"\nThread 25 (Thread 0x7ffff4ba86c0 (LWP 2268733) \"tokio-rt-worker\"):\n"
~"#0  syscall () at ../sysdeps/unix/sysv/linux/x86_64/syscall.S:38\n#1  0x000055555afdfe39 in parking_lot::condvar::Condvar::wait_until_internal ()\n#2  0x000055555bd97d50 in tokio::runtime::scheduler::multi_thread::worker::Context::park_internal ()\n#3  0x000055555bd96fec in tokio::runtime::scheduler::multi_thread::worker::run ()\n#4  0x000055555bd9506d in tokio::runtime::task::raw::poll ()\n#5  0x000055555bd86b52 in std::sys::backtrace::__rust_begin_short_backtrace ()\n#6  0x000055555bd89aea in core::ops::function::FnOnce::call_once{{vtable.shim}} ()\n#7  0x000055555bd7502a in std::sys::thread::unix::Thread::new::thread_start ()\n(More stack frames follow...)\n"
~"\nThread 24 (Thread 0x7ffff4da96c0 (LWP 2268732) \"tokio-rt-worker\"):\n"
~"#0  syscall () at ../sysdeps/unix/sysv/linux/x86_64/syscall.S:38\n#1  0x000055555afdfe39 in parking_lot::condvar::Condvar::wait_until_internal ()\n#2  0x000055555bd97d50 in tokio::runtime::scheduler::multi_thread::worker::Context::park_internal ()\n#3  0x000055555bd96fec in tokio::runtime::scheduler::multi_thread::worker::run ()\n#4  0x000055555bd9506d in tokio::runtime::task::raw::poll ()\n#5  0x000055555bd86b52 in std::sys::backtrace::__rust_begin_short_backtrace ()\n#6  0x000055555bd89aea in core::ops::function::FnOnce::call_once{{vtable.shim}} ()\n#7  0x000055555bd7502a in std::sys::thread::unix::Thread::new::thread_start ()\n(More stack frames follow...)\n"
~"\nThread 23 (Thread 0x7ffff4faa6c0 (LWP 2268731) \"tokio-rt-worker\"):\n"
~"#0  syscall () at ../sysdeps/unix/sysv/linux/x86_64/syscall.S:38\n#1  0x000055555afdfe39 in parking_lot::condvar::Condvar::wait_until_internal ()\n#2  0x000055555bd97d50 in tokio::runtime::scheduler::multi_thread::worker::Context::park_internal ()\n#3  0x000055555bd96fec in tokio::runtime::scheduler::multi_thread::worker::run ()\n#4  0x000055555bd9506d in tokio::runtime::task::raw::poll ()\n#5  0x000055555bd86b52 in std::sys::backtrace::__rust_begin_short_backtrace ()\n#6  0x000055555bd89aea in core::ops::function::FnOnce::call_once{{vtable.shim}} ()\n#7  0x000055555bd7502a in std::sys::thread::unix::Thread::new::thread_start ()\n(More stack frames follow...)\n"
~"\nThread 22 (Thread 0x7ffff51ab6c0 (LWP 2268730) \"tokio-rt-worker\"):\n"
~"#0  syscall () at ../sysdeps/unix/sysv/linux/x86_64/syscall.S:38\n#1  0x000055555afdfe39 in parking_lot::condvar::Condvar::wait_until_internal ()\n#2  0x000055555bd97d50 in tokio::runtime::scheduler::multi_thread::worker::Context::park_internal ()\n#3  0x000055555bd96fec in tokio::runtime::scheduler::multi_thread::worker::run ()\n#4  0x000055555bd9506d in tokio::runtime::task::raw::poll ()\n#5  0x000055555bd86b52 in std::sys::backtrace::__rust_begin_short_backtrace ()\n#6  0x000055555bd89aea in core::ops::function::FnOnce::call_once{{vtable.shim}} ()\n#7  0x000055555bd7502a in std::sys::thread::unix::Thread::new::thread_start ()\n(More stack frames follow...)\n"
~"\nThread 21 (Thread 0x7ffff53ac6c0 (LWP 2268729) \"tokio-rt-worker\"):\n"
~"#0  syscall () at ../sysdeps/unix/sysv/linux/x86_64/syscall.S:38\n#1  0x000055555afdfe39 in parking_lot::condvar::Condvar::wait_until_internal ()\n#2  0x000055555bd97d50 in tokio::runtime::scheduler::multi_thread::worker::Context::park_internal ()\n#3  0x000055555bd96fec in tokio::runtime::scheduler::multi_thread::worker::run ()\n#4  0x000055555bd9506d in tokio::runtime::task::raw::poll ()\n#5  0x000055555bd86b52 in std::sys::backtrace::__rust_begin_short_backtrace ()\n#6  0x000055555bd89aea in core::ops::function::FnOnce::call_once{{vtable.shim}} ()\n#7  0x000055555bd7502a in std::sys::thread::unix::Thread::new::thread_start ()\n(More stack frames follow...)\n"
~"\nThread 20 (Thread 0x7ffff55ad6c0 (LWP 2268728) \"tokio-rt-worker\"):\n"
~"#0  syscall () at ../sysdeps/unix/sysv/linux/x86_64/syscall.S:38\n#1  0x000055555afdfe39 in parking_lot::condvar::Condvar::wait_until_internal ()\n#2  0x000055555bd97d50 in tokio::runtime::scheduler::multi_thread::worker::Context::park_internal ()\n#3  0x000055555bd96fec in tokio::runtime::scheduler::multi_thread::worker::run ()\n#4  0x000055555bd9506d in tokio::runtime::task::raw::poll ()\n#5  0x000055555bd86b52 in std::sys::backtrace::__rust_begin_short_backtrace ()\n#6  0x000055555bd89aea in core::ops::function::FnOnce::call_once{{vtable.shim}} ()\n#7  0x000055555bd7502a in std::sys::thread::unix::Thread::new::thread_start ()\n(More stack frames follow...)\n"
~"\nThread 19 (Thread 0x7ffff57ae6c0 (LWP 2268727) \"tokio-rt-worker\"):\n"
~"#0  syscall () at ../sysdeps/unix/sysv/linux/x86_64/syscall.S:38\n#1  0x000055555afdfe39 in parking_lot::condvar::Condvar::wait_until_internal ()\n#2  0x000055555bd97d50 in tokio::runtime::scheduler::multi_thread::worker::Context::park_internal ()\n#3  0x000055555bd96fec in tokio::runtime::scheduler::multi_thread::worker::run ()\n#4  0x000055555bd9506d in tokio::runtime::task::raw::poll ()\n#5  0x000055555bd86b52 in std::sys::backtrace::__rust_begin_short_backtrace ()\n#6  0x000055555bd89aea in core::ops::function::FnOnce::call_once{{vtable.shim}} ()\n#7  0x000055555bd7502a in std::sys::thread::unix::Thread::new::thread_start ()\n(More stack frames follow...)\n"
~"\nThread 18 (Thread 0x7ffff59af6c0 (LWP 2268726) \"tokio-rt-worker\"):\n"
~"#0  0x00007ffff7d2a2d2 in epoll_wait (epfd=3, events=0x36f6e300000, maxevents=1024, timeout=-1) at ../sysdeps/unix/sysv/linux/epoll_wait.c:30\n#1  0x000055555bd994ae in tokio::runtime::io::driver::Driver::turn ()\n#2  0x000055555bd9919d in tokio::runtime::time::Driver::park_internal ()\n#3  0x000055555bd97b94 in tokio::runtime::scheduler::multi_thread::worker::Context::park_internal ()\n#4  0x000055555bd96fec in tokio::runtime::scheduler::multi_thread::worker::run ()\n#5  0x000055555bd9506d in tokio::runtime::task::raw::poll ()\n#6  0x000055555bd86b52 in std::sys::backtrace::__rust_begin_short_backtrace ()\n#7  0x000055555bd89aea in core::ops::function::FnOnce::call_once{{vtable.shim}} ()\n(More stack frames follow...)\n"
~"\nThread 17 (Thread 0x7ffff5bb06c0 (LWP 2268725) \"qe-worker-15\"):\n"
~"#0  syscall () at ../sysdeps/unix/sysv/linux/x86_64/syscall.S:38\n#1  0x000055555ba4c877 in rayon_core::sleep::Sleep::sleep ()\n#2  0x000055555ba4c30b in rayon_core::registry::WorkerThread::wait_until_cold ()\n#3  0x000055555ba4bcd2 in std::sys::backtrace::__rust_begin_short_backtrace ()\n#4  0x000055555ba4ba3c in core::ops::function::FnOnce::call_once{{vtable.shim}} ()\n#5  0x000055555bd7502a in std::sys::thread::unix::Thread::new::thread_start ()\n#6  0x00007ffff7c9cb84 in start_thread (arg=<optimized out>) at ./nptl/pthread_create.c:447\n#7  0x00007ffff7d29ecc in clone3 () at ../sysdeps/unix/sysv/linux/x86_64/clone3.S:78\n"
~"\nThread 16 (Thread 0x7ffff5db16c0 (LWP 2268724) \"qe-worker-14\"):\n"
~"#0  syscall () at ../sysdeps/unix/sysv/linux/x86_64/syscall.S:38\n#1  0x000055555ba4c877 in rayon_core::sleep::Sleep::sleep ()\n#2  0x000055555ba4c30b in rayon_core::registry::WorkerThread::wait_until_cold ()\n#3  0x000055555ba4bcd2 in std::sys::backtrace::__rust_begin_short_backtrace ()\n#4  0x000055555ba4ba3c in core::ops::function::FnOnce::call_once{{vtable.shim}} ()\n#5  0x000055555bd7502a in std::sys::thread::unix::Thread::new::thread_start ()\n#6  0x00007ffff7c9cb84 in start_thread (arg=<optimized out>) at ./nptl/pthread_create.c:447\n#7  0x00007ffff7d29ecc in clone3 () at ../sysdeps/unix/sysv/linux/x86_64/clone3.S:78\n"
~"\nThread 15 (Thread 0x7ffff5fb26c0 (LWP 2268723) \"qe-worker-13\"):\n"
~"#0  syscall () at ../sysdeps/unix/sysv/linux/x86_64/syscall.S:38\n#1  0x000055555ba4c877 in rayon_core::sleep::Sleep::sleep ()\n#2  0x000055555ba4c30b in rayon_core::registry::WorkerThread::wait_until_cold ()\n#3  0x000055555ba4bcd2 in std::sys::backtrace::__rust_begin_short_backtrace ()\n#4  0x000055555ba4ba3c in core::ops::function::FnOnce::call_once{{vtable.shim}} ()\n#5  0x000055555bd7502a in std::sys::thread::unix::Thread::new::thread_start ()\n#6  0x00007ffff7c9cb84 in start_thread (arg=<optimized out>) at ./nptl/pthread_create.c:447\n#7  0x00007ffff7d29ecc in clone3 () at ../sysdeps/unix/sysv/linux/x86_64/clone3.S:78\n"
~"\nThread 14 (Thread 0x7ffff61b36c0 (LWP 2268722) \"qe-worker-12\"):\n"
~"#0  syscall () at ../sysdeps/unix/sysv/linux/x86_64/syscall.S:38\n#1  0x000055555ba4c877 in rayon_core::sleep::Sleep::sleep ()\n#2  0x000055555ba4c30b in rayon_core::registry::WorkerThread::wait_until_cold ()\n#3  0x000055555ba4bcd2 in std::sys::backtrace::__rust_begin_short_backtrace ()\n#4  0x000055555ba4ba3c in core::ops::function::FnOnce::call_once{{vtable.shim}} ()\n#5  0x000055555bd7502a in std::sys::thread::unix::Thread::new::thread_start ()\n#6  0x00007ffff7c9cb84 in start_thread (arg=<optimized out>) at ./nptl/pthread_create.c:447\n#7  0x00007ffff7d29ecc in clone3 () at ../sysdeps/unix/sysv/linux/x86_64/clone3.S:78\n"
~"\nThread 13 (Thread 0x7ffff63b46c0 (LWP 2268721) \"qe-worker-11\"):\n"
~"#0  syscall () at ../sysdeps/unix/sysv/linux/x86_64/syscall.S:38\n#1  0x000055555ba4c877 in rayon_core::sleep::Sleep::sleep ()\n#2  0x000055555ba4c30b in rayon_core::registry::WorkerThread::wait_until_cold ()\n#3  0x000055555ba4bcd2 in std::sys::backtrace::__rust_begin_short_backtrace ()\n#4  0x000055555ba4ba3c in core::ops::function::FnOnce::call_once{{vtable.shim}} ()\n#5  0x000055555bd7502a in std::sys::thread::unix::Thread::new::thread_start ()\n#6  0x00007ffff7c9cb84 in start_thread (arg=<optimized out>) at ./nptl/pthread_create.c:447\n#7  0x00007ffff7d29ecc in clone3 () at ../sysdeps/unix/sysv/linux/x86_64/clone3.S:78\n"
~"\nThread 12 (Thread 0x7ffff65b56c0 (LWP 2268720) \"qe-worker-10\"):\n"
~"#0  syscall () at ../sysdeps/unix/sysv/linux/x86_64/syscall.S:38\n#1  0x000055555ba4c877 in rayon_core::sleep::Sleep::sleep ()\n#2  0x000055555ba4c30b in rayon_core::registry::WorkerThread::wait_until_cold ()\n#3  0x000055555ba4bcd2 in std::sys::backtrace::__rust_begin_short_backtrace ()\n#4  0x000055555ba4ba3c in core::ops::function::FnOnce::call_once{{vtable.shim}} ()\n#5  0x000055555bd7502a in std::sys::thread::unix::Thread::new::thread_start ()\n#6  0x00007ffff7c9cb84 in start_thread (arg=<optimized out>) at ./nptl/pthread_create.c:447\n#7  0x00007ffff7d29ecc in clone3 () at ../sysdeps/unix/sysv/linux/x86_64/clone3.S:78\n"
~"\nThread 11 (Thread 0x7ffff67b66c0 (LWP 2268719) \"qe-worker-9\"):\n"
~"#0  syscall () at ../sysdeps/unix/sysv/linux/x86_64/syscall.S:38\n#1  0x000055555ba4c877 in rayon_core::sleep::Sleep::sleep ()\n#2  0x000055555ba4c30b in rayon_core::registry::WorkerThread::wait_until_cold ()\n#3  0x000055555ba4bcd2 in std::sys::backtrace::__rust_begin_short_backtrace ()\n#4  0x000055555ba4ba3c in core::ops::function::FnOnce::call_once{{vtable.shim}} ()\n#5  0x000055555bd7502a in std::sys::thread::unix::Thread::new::thread_start ()\n#6  0x00007ffff7c9cb84 in start_thread (arg=<optimized out>) at ./nptl/pthread_create.c:447\n#7  0x00007ffff7d29ecc in clone3 () at ../sysdeps/unix/sysv/linux/x86_64/clone3.S:78\n"
~"\nThread 10 (Thread 0x7ffff69b76c0 (LWP 2268718) \"qe-worker-8\"):\n"
~"#0  syscall () at ../sysdeps/unix/sysv/linux/x86_64/syscall.S:38\n#1  0x000055555ba4c877 in rayon_core::sleep::Sleep::sleep ()\n#2  0x000055555ba4c30b in rayon_core::registry::WorkerThread::wait_until_cold ()\n#3  0x000055555ba4bcd2 in std::sys::backtrace::__rust_begin_short_backtrace ()\n#4  0x000055555ba4ba3c in core::ops::function::FnOnce::call_once{{vtable.shim}} ()\n#5  0x000055555bd7502a in std::sys::thread::unix::Thread::new::thread_start ()\n#6  0x00007ffff7c9cb84 in start_thread (arg=<optimized out>) at ./nptl/pthread_create.c:447\n#7  0x00007ffff7d29ecc in clone3 () at ../sysdeps/unix/sysv/linux/x86_64/clone3.S:78\n"
~"\nThread 9 (Thread 0x7ffff6bb86c0 (LWP 2268717) \"qe-worker-7\"):\n"
~"#0  syscall () at ../sysdeps/unix/sysv/linux/x86_64/syscall.S:38\n#1  0x000055555ba4c877 in rayon_core::sleep::Sleep::sleep ()\n#2  0x000055555ba4c30b in rayon_core::registry::WorkerThread::wait_until_cold ()\n#3  0x000055555ba4bcd2 in std::sys::backtrace::__rust_begin_short_backtrace ()\n#4  0x000055555ba4ba3c in core::ops::function::FnOnce::call_once{{vtable.shim}} ()\n#5  0x000055555bd7502a in std::sys::thread::unix::Thread::new::thread_start ()\n#6  0x00007ffff7c9cb84 in start_thread (arg=<optimized out>) at ./nptl/pthread_create.c:447\n#7  0x00007ffff7d29ecc in clone3 () at ../sysdeps/unix/sysv/linux/x86_64/clone3.S:78\n"
~"\nThread 8 (Thread 0x7ffff6db96c0 (LWP 2268716) \"qe-worker-6\"):\n"
~"#0  syscall () at ../sysdeps/unix/sysv/linux/x86_64/syscall.S:38\n#1  0x000055555ba4c877 in rayon_core::sleep::Sleep::sleep ()\n#2  0x000055555ba4c30b in rayon_core::registry::WorkerThread::wait_until_cold ()\n#3  0x000055555ba4bcd2 in std::sys::backtrace::__rust_begin_short_backtrace ()\n#4  0x000055555ba4ba3c in core::ops::function::FnOnce::call_once{{vtable.shim}} ()\n#5  0x000055555bd7502a in std::sys::thread::unix::Thread::new::thread_start ()\n#6  0x00007ffff7c9cb84 in start_thread (arg=<optimized out>) at ./nptl/pthread_create.c:447\n#7  0x00007ffff7d29ecc in clone3 () at ../sysdeps/unix/sysv/linux/x86_64/clone3.S:78\n"
~"\nThread 7 (Thread 0x7ffff6fba6c0 (LWP 2268715) \"qe-worker-5\"):\n"
~"#0  syscall () at ../sysdeps/unix/sysv/linux/x86_64/syscall.S:38\n#1  0x000055555ba4c877 in rayon_core::sleep::Sleep::sleep ()\n#2  0x000055555ba4c30b in rayon_core::registry::WorkerThread::wait_until_cold ()\n#3  0x000055555ba4bcd2 in std::sys::backtrace::__rust_begin_short_backtrace ()\n#4  0x000055555ba4ba3c in core::ops::function::FnOnce::call_once{{vtable.shim}} ()\n#5  0x000055555bd7502a in std::sys::thread::unix::Thread::new::thread_start ()\n#6  0x00007ffff7c9cb84 in start_thread (arg=<optimized out>) at ./nptl/pthread_create.c:447\n#7  0x00007ffff7d29ecc in clone3 () at ../sysdeps/unix/sysv/linux/x86_64/clone3.S:78\n"
~"\nThread 6 (Thread 0x7ffff71bb6c0 (LWP 2268714) \"qe-worker-4\"):\n"
~"#0  syscall () at ../sysdeps/unix/sysv/linux/x86_64/syscall.S:38\n#1  0x000055555ba4c877 in rayon_core::sleep::Sleep::sleep ()\n#2  0x000055555ba4c30b in rayon_core::registry::WorkerThread::wait_until_cold ()\n#3  0x000055555ba4bcd2 in std::sys::backtrace::__rust_begin_short_backtrace ()\n#4  0x000055555ba4ba3c in core::ops::function::FnOnce::call_once{{vtable.shim}} ()\n#5  0x000055555bd7502a in std::sys::thread::unix::Thread::new::thread_start ()\n#6  0x00007ffff7c9cb84 in start_thread (arg=<optimized out>) at ./nptl/pthread_create.c:447\n#7  0x00007ffff7d29ecc in clone3 () at ../sysdeps/unix/sysv/linux/x86_64/clone3.S:78\n"
~"\nThread 5 (Thread 0x7ffff73bc6c0 (LWP 2268713) \"qe-worker-3\"):\n"
~"#0  syscall () at ../sysdeps/unix/sysv/linux/x86_64/syscall.S:38\n#1  0x000055555ba4c877 in rayon_core::sleep::Sleep::sleep ()\n#2  0x000055555ba4c30b in rayon_core::registry::WorkerThread::wait_until_cold ()\n#3  0x000055555ba4bcd2 in std::sys::backtrace::__rust_begin_short_backtrace ()\n#4  0x000055555ba4ba3c in core::ops::function::FnOnce::call_once{{vtable.shim}} ()\n#5  0x000055555bd7502a in std::sys::thread::unix::Thread::new::thread_start ()\n#6  0x00007ffff7c9cb84 in start_thread (arg=<optimized out>) at ./nptl/pthread_create.c:447\n#7  0x00007ffff7d29ecc in clone3 () at ../sysdeps/unix/sysv/linux/x86_64/clone3.S:78\n"
~"\nThread 4 (Thread 0x7ffff75bd6c0 (LWP 2268712) \"qe-worker-2\"):\n"
~"#0  syscall () at ../sysdeps/unix/sysv/linux/x86_64/syscall.S:38\n#1  0x000055555ba4c877 in rayon_core::sleep::Sleep::sleep ()\n#2  0x000055555ba4c30b in rayon_core::registry::WorkerThread::wait_until_cold ()\n#3  0x000055555ba4bcd2 in std::sys::backtrace::__rust_begin_short_backtrace ()\n#4  0x000055555ba4ba3c in core::ops::function::FnOnce::call_once{{vtable.shim}} ()\n#5  0x000055555bd7502a in std::sys::thread::unix::Thread::new::thread_start ()\n#6  0x00007ffff7c9cb84 in start_thread (arg=<optimized out>) at ./nptl/pthread_create.c:447\n#7  0x00007ffff7d29ecc in clone3 () at ../sysdeps/unix/sysv/linux/x86_64/clone3.S:78\n"
~"\nThread 3 (Thread 0x7ffff77be6c0 (LWP 2268711) \"qe-worker-1\"):\n"
~"#0  syscall () at ../sysdeps/unix/sysv/linux/x86_64/syscall.S:38\n#1  0x000055555ba4c877 in rayon_core::sleep::Sleep::sleep ()\n#2  0x000055555ba4c30b in rayon_core::registry::WorkerThread::wait_until_cold ()\n#3  0x000055555ba4bcd2 in std::sys::backtrace::__rust_begin_short_backtrace ()\n#4  0x000055555ba4ba3c in core::ops::function::FnOnce::call_once{{vtable.shim}} ()\n#5  0x000055555bd7502a in std::sys::thread::unix::Thread::new::thread_start ()\n#6  0x00007ffff7c9cb84 in start_thread (arg=<optimized out>) at ./nptl/pthread_create.c:447\n#7  0x00007ffff7d29ecc in clone3 () at ../sysdeps/unix/sysv/linux/x86_64/clone3.S:78\n"
~"\nThread 2 (Thread 0x7ffff79bf6c0 (LWP 2268710) \"qe-worker-0\"):\n"
~"#0  syscall () at ../sysdeps/unix/sysv/linux/x86_64/syscall.S:38\n#1  0x000055555ba4c877 in rayon_core::sleep::Sleep::sleep ()\n#2  0x000055555ba4c30b in rayon_core::registry::WorkerThread::wait_until_cold ()\n#3  0x000055555ba4bcd2 in std::sys::backtrace::__rust_begin_short_backtrace ()\n#4  0x000055555ba4ba3c in core::ops::function::FnOnce::call_once{{vtable.shim}} ()\n#5  0x000055555bd7502a in std::sys::thread::unix::Thread::new::thread_start ()\n#6  0x00007ffff7c9cb84 in start_thread (arg=<optimized out>) at ./nptl/pthread_create.c:447\n#7  0x00007ffff7d29ecc in clone3 () at ../sysdeps/unix/sysv/linux/x86_64/clone3.S:78\n"
~"\nThread 1 (Thread 0x7ffff7e8d100 (LWP 2268699) \"serial_frontier\"):\n"
~"#0  syscall () at ../sysdeps/unix/sysv/linux/x86_64/syscall.S:38\n#1  0x000055555ba4d835 in rayon_core::latch::LockLatch::wait_and_reset ()\n#2  0x000055555b5304f3 in rayon_core::registry::Registry::in_worker_cold ()\n#3  0x000055555b526cfa in rayon::iter::plumbing::bridge_producer_consumer::helper ()\n#4  0x000055555b4a2d45 in query_engine::physical::morsel_agg::live_spill::execute::{{closure}} ()\n#5  0x000055555b4930c1 in <query_engine::physical::operators::spillable::SpillableHashAggregateExec as query_engine::physical::plan::PhysicalOperator>::execute::{{closure}} ()\n#6  0x000055555b632182 in <query_engine::physical::operators::project::ProjectExec as query_engine::physical::plan::PhysicalOperator>::execute::{{closure}} ()\n#7  0x000055555b4a7680 in query_engine::physical::operators::spillable::stream_merge_input_partitions::{{closure}} ()\n(More stack frames follow...)\n"
80^done
(gdb) 
81^running
*running,thread-id="all"
(gdb) 
82^done
(gdb) 
~"\nThread "
~"1 \"serial_frontier\" received signal SIGINT, Interrupt.\n"
~"syscall () at ../sysdeps/unix/sysv/linux/x86_64/syscall.S:38\n"
~"38\tin ../sysdeps/unix/sysv/linux/x86_64/syscall.S\n"
*stopped,reason="signal-received",signal-name="SIGINT",signal-meaning="Interrupt",frame={addr="0x00007ffff7d2752d",func="syscall",args=[],file="../sysdeps/unix/sysv/linux/x86_64/syscall.S",fullname="./misc/../sysdeps/unix/sysv/linux/x86_64/syscall.S",line="38",arch="i386:x86-64"},thread-id="1",stopped-threads="all",core="15"
~"\nThread 34 (Thread 0x7fff877fb6c0 (LWP 2268742) \"tokio-rt-worker\"):\n"
~"#0  syscall () at ../sysdeps/unix/sysv/linux/x86_64/syscall.S:38\n#1  0x000055555afdfe97 in parking_lot::condvar::Condvar::wait_until_internal ()\n#2  0x000055555bd86bfa in std::sys::backtrace::__rust_begin_short_backtrace ()\n#3  0x000055555bd89aea in core::ops::function::FnOnce::call_once{{vtable.shim}} ()\n#4  0x000055555bd7502a in std::sys::thread::unix::Thread::new::thread_start ()\n#5  0x00007ffff7c9cb84 in start_thread (arg=<optimized out>) at ./nptl/pthread_create.c:447\n#6  0x00007ffff7d29ecc in clone3 () at ../sysdeps/unix/sysv/linux/x86_64/clone3.S:78\n"
~"\nThread 33 (Thread 0x7fff879fc6c0 (LWP 2268741) \"tokio-rt-worker\"):\n"
~"#0  syscall () at ../sysdeps/unix/sysv/linux/x86_64/syscall.S:38\n#1  0x000055555afdfe39 in parking_lot::condvar::Condvar::wait_until_internal ()\n#2  0x000055555bd97d50 in tokio::runtime::scheduler::multi_thread::worker::Context::park_internal ()\n#3  0x000055555bd96fec in tokio::runtime::scheduler::multi_thread::worker::run ()\n#4  0x000055555bd9506d in tokio::runtime::task::raw::poll ()\n#5  0x000055555bd86b52 in std::sys::backtrace::__rust_begin_short_backtrace ()\n#6  0x000055555bd89aea in core::ops::function::FnOnce::call_once{{vtable.shim}} ()\n#7  0x000055555bd7502a in std::sys::thread::unix::Thread::new::thread_start ()\n(More stack frames follow...)\n"
~"\nThread 32 (Thread 0x7fff87bfd6c0 (LWP 2268740) \"tokio-rt-worker\"):\n"
~"#0  syscall () at ../sysdeps/unix/sysv/linux/x86_64/syscall.S:38\n#1  0x000055555afdfe39 in parking_lot::condvar::Condvar::wait_until_internal ()\n#2  0x000055555bd97d50 in tokio::runtime::scheduler::multi_thread::worker::Context::park_internal ()\n#3  0x000055555bd96fec in tokio::runtime::scheduler::multi_thread::worker::run ()\n#4  0x000055555bd9506d in tokio::runtime::task::raw::poll ()\n#5  0x000055555bd86b52 in std::sys::backtrace::__rust_begin_short_backtrace ()\n#6  0x000055555bd89aea in core::ops::function::FnOnce::call_once{{vtable.shim}} ()\n#7  0x000055555bd7502a in std::sys::thread::unix::Thread::new::thread_start ()\n(More stack frames follow...)\n"
~"\nThread 31 (Thread 0x7fff87dfe6c0 (LWP 2268739) \"tokio-rt-worker\"):\n"
~"#0  syscall () at ../sysdeps/unix/sysv/linux/x86_64/syscall.S:38\n#1  0x000055555afdfe39 in parking_lot::condvar::Condvar::wait_until_internal ()\n#2  0x000055555bd97d50 in tokio::runtime::scheduler::multi_thread::worker::Context::park_internal ()\n#3  0x000055555bd96fec in tokio::runtime::scheduler::multi_thread::worker::run ()\n#4  0x000055555bd9506d in tokio::runtime::task::raw::poll ()\n#5  0x000055555bd86b52 in std::sys::backtrace::__rust_begin_short_backtrace ()\n#6  0x000055555bd89aea in core::ops::function::FnOnce::call_once{{vtable.shim}} ()\n#7  0x000055555bd7502a in std::sys::thread::unix::Thread::new::thread_start ()\n(More stack frames follow...)\n"
~"\nThread 30 (Thread 0x7fff87fff6c0 (LWP 2268738) \"tokio-rt-worker\"):\n"
~"#0  syscall () at ../sysdeps/unix/sysv/linux/x86_64/syscall.S:38\n#1  0x000055555afdfe39 in parking_lot::condvar::Condvar::wait_until_internal ()\n#2  0x000055555bd97d50 in tokio::runtime::scheduler::multi_thread::worker::Context::park_internal ()\n#3  0x000055555bd96fec in tokio::runtime::scheduler::multi_thread::worker::run ()\n#4  0x000055555bd9506d in tokio::runtime::task::raw::poll ()\n#5  0x000055555bd86b52 in std::sys::backtrace::__rust_begin_short_backtrace ()\n#6  0x000055555bd89aea in core::ops::function::FnOnce::call_once{{vtable.shim}} ()\n#7  0x000055555bd7502a in std::sys::thread::unix::Thread::new::thread_start ()\n(More stack frames follow...)\n"
~"\nThread 29 (Thread 0x7ffff43a46c0 (LWP 2268737) \"tokio-rt-worker\"):\n"
~"#0  syscall () at ../sysdeps/unix/sysv/linux/x86_64/syscall.S:38\n#1  0x000055555afdfe39 in parking_lot::condvar::Condvar::wait_until_internal ()\n#2  0x000055555bd97d50 in tokio::runtime::scheduler::multi_thread::worker::Context::park_internal ()\n#3  0x000055555bd96fec in tokio::runtime::scheduler::multi_thread::worker::run ()\n#4  0x000055555bd9506d in tokio::runtime::task::raw::poll ()\n#5  0x000055555bd86b52 in std::sys::backtrace::__rust_begin_short_backtrace ()\n#6  0x000055555bd89aea in core::ops::function::FnOnce::call_once{{vtable.shim}} ()\n#7  0x000055555bd7502a in std::sys::thread::unix::Thread::new::thread_start ()\n(More stack frames follow...)\n"
~"\nThread 28 (Thread 0x7ffff45a56c0 (LWP 2268736) \"tokio-rt-worker\"):\n"
~"#0  syscall () at ../sysdeps/unix/sysv/linux/x86_64/syscall.S:38\n#1  0x000055555afdfe39 in parking_lot::condvar::Condvar::wait_until_internal ()\n#2  0x000055555bd97d50 in tokio::runtime::scheduler::multi_thread::worker::Context::park_internal ()\n#3  0x000055555bd96fec in tokio::runtime::scheduler::multi_thread::worker::run ()\n#4  0x000055555bd9506d in tokio::runtime::task::raw::poll ()\n#5  0x000055555bd86b52 in std::sys::backtrace::__rust_begin_short_backtrace ()\n#6  0x000055555bd89aea in core::ops::function::FnOnce::call_once{{vtable.shim}} ()\n#7  0x000055555bd7502a in std::sys::thread::unix::Thread::new::thread_start ()\n(More stack frames follow...)\n"
~"\nThread 27 (Thread 0x7ffff47a66c0 (LWP 2268735) \"tokio-rt-worker\"):\n"
~"#0  syscall () at ../sysdeps/unix/sysv/linux/x86_64/syscall.S:38\n#1  0x000055555afdfe39 in parking_lot::condvar::Condvar::wait_until_internal ()\n#2  0x000055555bd97d50 in tokio::runtime::scheduler::multi_thread::worker::Context::park_internal ()\n#3  0x000055555bd96fec in tokio::runtime::scheduler::multi_thread::worker::run ()\n#4  0x000055555bd9506d in tokio::runtime::task::raw::poll ()\n#5  0x000055555bd86b52 in std::sys::backtrace::__rust_begin_short_backtrace ()\n#6  0x000055555bd89aea in core::ops::function::FnOnce::call_once{{vtable.shim}} ()\n#7  0x000055555bd7502a in std::sys::thread::unix::Thread::new::thread_start ()\n(More stack frames follow...)\n"
~"\nThread 26 (Thread 0x7ffff49a76c0 (LWP 2268734) \"tokio-rt-worker\"):\n"
~"#0  syscall () at ../sysdeps/unix/sysv/linux/x86_64/syscall.S:38\n#1  0x000055555afdfe39 in parking_lot::condvar::Condvar::wait_until_internal ()\n#2  0x000055555bd97d50 in tokio::runtime::scheduler::multi_thread::worker::Context::park_internal ()\n#3  0x000055555bd96fec in tokio::runtime::scheduler::multi_thread::worker::run ()\n#4  0x000055555bd9506d in tokio::runtime::task::raw::poll ()\n#5  0x000055555bd86b52 in std::sys::backtrace::__rust_begin_short_backtrace ()\n#6  0x000055555bd89aea in core::ops::function::FnOnce::call_once{{vtable.shim}} ()\n#7  0x000055555bd7502a in std::sys::thread::unix::Thread::new::thread_start ()\n(More stack frames follow...)\n"
~"\nThread 25 (Thread 0x7ffff4ba86c0 (LWP 2268733) \"tokio-rt-worker\"):\n"
~"#0  syscall () at ../sysdeps/unix/sysv/linux/x86_64/syscall.S:38\n#1  0x000055555afdfe39 in parking_lot::condvar::Condvar::wait_until_internal ()\n#2  0x000055555bd97d50 in tokio::runtime::scheduler::multi_thread::worker::Context::park_internal ()\n#3  0x000055555bd96fec in tokio::runtime::scheduler::multi_thread::worker::run ()\n#4  0x000055555bd9506d in tokio::runtime::task::raw::poll ()\n#5  0x000055555bd86b52 in std::sys::backtrace::__rust_begin_short_backtrace ()\n#6  0x000055555bd89aea in core::ops::function::FnOnce::call_once{{vtable.shim}} ()\n#7  0x000055555bd7502a in std::sys::thread::unix::Thread::new::thread_start ()\n(More stack frames follow...)\n"
~"\nThread 24 (Thread 0x7ffff4da96c0 (LWP 2268732) \"tokio-rt-worker\"):\n"
~"#0  syscall () at ../sysdeps/unix/sysv/linux/x86_64/syscall.S:38\n#1  0x000055555afdfe39 in parking_lot::condvar::Condvar::wait_until_internal ()\n#2  0x000055555bd97d50 in tokio::runtime::scheduler::multi_thread::worker::Context::park_internal ()\n#3  0x000055555bd96fec in tokio::runtime::scheduler::multi_thread::worker::run ()\n#4  0x000055555bd9506d in tokio::runtime::task::raw::poll ()\n#5  0x000055555bd86b52 in std::sys::backtrace::__rust_begin_short_backtrace ()\n#6  0x000055555bd89aea in core::ops::function::FnOnce::call_once{{vtable.shim}} ()\n#7  0x000055555bd7502a in std::sys::thread::unix::Thread::new::thread_start ()\n(More stack frames follow...)\n"
~"\nThread 23 (Thread 0x7ffff4faa6c0 (LWP 2268731) \"tokio-rt-worker\"):\n"
~"#0  syscall () at ../sysdeps/unix/sysv/linux/x86_64/syscall.S:38\n#1  0x000055555afdfe39 in parking_lot::condvar::Condvar::wait_until_internal ()\n#2  0x000055555bd97d50 in tokio::runtime::scheduler::multi_thread::worker::Context::park_internal ()\n#3  0x000055555bd96fec in tokio::runtime::scheduler::multi_thread::worker::run ()\n#4  0x000055555bd9506d in tokio::runtime::task::raw::poll ()\n#5  0x000055555bd86b52 in std::sys::backtrace::__rust_begin_short_backtrace ()\n#6  0x000055555bd89aea in core::ops::function::FnOnce::call_once{{vtable.shim}} ()\n#7  0x000055555bd7502a in std::sys::thread::unix::Thread::new::thread_start ()\n(More stack frames follow...)\n"
~"\nThread 22 (Thread 0x7ffff51ab6c0 (LWP 2268730) \"tokio-rt-worker\"):\n"
~"#0  syscall () at ../sysdeps/unix/sysv/linux/x86_64/syscall.S:38\n#1  0x000055555afdfe39 in parking_lot::condvar::Condvar::wait_until_internal ()\n#2  0x000055555bd97d50 in tokio::runtime::scheduler::multi_thread::worker::Context::park_internal ()\n#3  0x000055555bd96fec in tokio::runtime::scheduler::multi_thread::worker::run ()\n#4  0x000055555bd9506d in tokio::runtime::task::raw::poll ()\n#5  0x000055555bd86b52 in std::sys::backtrace::__rust_begin_short_backtrace ()\n#6  0x000055555bd89aea in core::ops::function::FnOnce::call_once{{vtable.shim}} ()\n#7  0x000055555bd7502a in std::sys::thread::unix::Thread::new::thread_start ()\n(More stack frames follow...)\n"
~"\nThread 21 (Thread 0x7ffff53ac6c0 (LWP 2268729) \"tokio-rt-worker\"):\n"
~"#0  syscall () at ../sysdeps/unix/sysv/linux/x86_64/syscall.S:38\n#1  0x000055555afdfe39 in parking_lot::condvar::Condvar::wait_until_internal ()\n#2  0x000055555bd97d50 in tokio::runtime::scheduler::multi_thread::worker::Context::park_internal ()\n#3  0x000055555bd96fec in tokio::runtime::scheduler::multi_thread::worker::run ()\n#4  0x000055555bd9506d in tokio::runtime::task::raw::poll ()\n#5  0x000055555bd86b52 in std::sys::backtrace::__rust_begin_short_backtrace ()\n#6  0x000055555bd89aea in core::ops::function::FnOnce::call_once{{vtable.shim}} ()\n#7  0x000055555bd7502a in std::sys::thread::unix::Thread::new::thread_start ()\n(More stack frames follow...)\n"
~"\nThread 20 (Thread 0x7ffff55ad6c0 (LWP 2268728) \"tokio-rt-worker\"):\n"
~"#0  syscall () at ../sysdeps/unix/sysv/linux/x86_64/syscall.S:38\n#1  0x000055555afdfe39 in parking_lot::condvar::Condvar::wait_until_internal ()\n#2  0x000055555bd97d50 in tokio::runtime::scheduler::multi_thread::worker::Context::park_internal ()\n#3  0x000055555bd96fec in tokio::runtime::scheduler::multi_thread::worker::run ()\n#4  0x000055555bd9506d in tokio::runtime::task::raw::poll ()\n#5  0x000055555bd86b52 in std::sys::backtrace::__rust_begin_short_backtrace ()\n#6  0x000055555bd89aea in core::ops::function::FnOnce::call_once{{vtable.shim}} ()\n#7  0x000055555bd7502a in std::sys::thread::unix::Thread::new::thread_start ()\n(More stack frames follow...)\n"
~"\nThread 19 (Thread 0x7ffff57ae6c0 (LWP 2268727) \"tokio-rt-worker\"):\n"
~"#0  syscall () at ../sysdeps/unix/sysv/linux/x86_64/syscall.S:38\n#1  0x000055555afdfe39 in parking_lot::condvar::Condvar::wait_until_internal ()\n#2  0x000055555bd97d50 in tokio::runtime::scheduler::multi_thread::worker::Context::park_internal ()\n#3  0x000055555bd96fec in tokio::runtime::scheduler::multi_thread::worker::run ()\n#4  0x000055555bd9506d in tokio::runtime::task::raw::poll ()\n#5  0x000055555bd86b52 in std::sys::backtrace::__rust_begin_short_backtrace ()\n#6  0x000055555bd89aea in core::ops::function::FnOnce::call_once{{vtable.shim}} ()\n#7  0x000055555bd7502a in std::sys::thread::unix::Thread::new::thread_start ()\n(More stack frames follow...)\n"
~"\nThread 18 (Thread 0x7ffff59af6c0 (LWP 2268726) \"tokio-rt-worker\"):\n"
~"#0  0x00007ffff7d2a2d2 in epoll_wait (epfd=3, events=0x36f6e300000, maxevents=1024, timeout=-1) at ../sysdeps/unix/sysv/linux/epoll_wait.c:30\n#1  0x000055555bd994ae in tokio::runtime::io::driver::Driver::turn ()\n#2  0x000055555bd9919d in tokio::runtime::time::Driver::park_internal ()\n#3  0x000055555bd97b94 in tokio::runtime::scheduler::multi_thread::worker::Context::park_internal ()\n#4  0x000055555bd96fec in tokio::runtime::scheduler::multi_thread::worker::run ()\n#5  0x000055555bd9506d in tokio::runtime::task::raw::poll ()\n#6  0x000055555bd86b52 in std::sys::backtrace::__rust_begin_short_backtrace ()\n#7  0x000055555bd89aea in core::ops::function::FnOnce::call_once{{vtable.shim}} ()\n(More stack frames follow...)\n"
~"\nThread 17 (Thread 0x7ffff5bb06c0 (LWP 2268725) \"qe-worker-15\"):\n"
~"#0  syscall () at ../sysdeps/unix/sysv/linux/x86_64/syscall.S:38\n#1  0x000055555ba4c877 in rayon_core::sleep::Sleep::sleep ()\n#2  0x000055555ba4c30b in rayon_core::registry::WorkerThread::wait_until_cold ()\n#3  0x000055555ba4bcd2 in std::sys::backtrace::__rust_begin_short_backtrace ()\n#4  0x000055555ba4ba3c in core::ops::function::FnOnce::call_once{{vtable.shim}} ()\n#5  0x000055555bd7502a in std::sys::thread::unix::Thread::new::thread_start ()\n#6  0x00007ffff7c9cb84 in start_thread (arg=<optimized out>) at ./nptl/pthread_create.c:447\n#7  0x00007ffff7d29ecc in clone3 () at ../sysdeps/unix/sysv/linux/x86_64/clone3.S:78\n"
~"\nThread 16 (Thread 0x7ffff5db16c0 (LWP 2268724) \"qe-worker-14\"):\n"
~"#0  syscall () at ../sysdeps/unix/sysv/linux/x86_64/syscall.S:38\n#1  0x000055555ba4c877 in rayon_core::sleep::Sleep::sleep ()\n#2  0x000055555ba4c30b in rayon_core::registry::WorkerThread::wait_until_cold ()\n#3  0x000055555ba4bcd2 in std::sys::backtrace::__rust_begin_short_backtrace ()\n#4  0x000055555ba4ba3c in core::ops::function::FnOnce::call_once{{vtable.shim}} ()\n#5  0x000055555bd7502a in std::sys::thread::unix::Thread::new::thread_start ()\n#6  0x00007ffff7c9cb84 in start_thread (arg=<optimized out>) at ./nptl/pthread_create.c:447\n#7  0x00007ffff7d29ecc in clone3 () at ../sysdeps/unix/sysv/linux/x86_64/clone3.S:78\n"
~"\nThread 15 (Thread 0x7ffff5fb26c0 (LWP 2268723) \"qe-worker-13\"):\n"
~"#0  syscall () at ../sysdeps/unix/sysv/linux/x86_64/syscall.S:38\n#1  0x000055555ba4c877 in rayon_core::sleep::Sleep::sleep ()\n#2  0x000055555ba4c30b in rayon_core::registry::WorkerThread::wait_until_cold ()\n#3  0x000055555ba4bcd2 in std::sys::backtrace::__rust_begin_short_backtrace ()\n#4  0x000055555ba4ba3c in core::ops::function::FnOnce::call_once{{vtable.shim}} ()\n#5  0x000055555bd7502a in std::sys::thread::unix::Thread::new::thread_start ()\n#6  0x00007ffff7c9cb84 in start_thread (arg=<optimized out>) at ./nptl/pthread_create.c:447\n#7  0x00007ffff7d29ecc in clone3 () at ../sysdeps/unix/sysv/linux/x86_64/clone3.S:78\n"
~"\nThread 14 (Thread 0x7ffff61b36c0 (LWP 2268722) \"qe-worker-12\"):\n"
~"#0  syscall () at ../sysdeps/unix/sysv/linux/x86_64/syscall.S:38\n#1  0x000055555ba4c877 in rayon_core::sleep::Sleep::sleep ()\n#2  0x000055555ba4c30b in rayon_core::registry::WorkerThread::wait_until_cold ()\n#3  0x000055555ba4bcd2 in std::sys::backtrace::__rust_begin_short_backtrace ()\n#4  0x000055555ba4ba3c in core::ops::function::FnOnce::call_once{{vtable.shim}} ()\n#5  0x000055555bd7502a in std::sys::thread::unix::Thread::new::thread_start ()\n#6  0x00007ffff7c9cb84 in start_thread (arg=<optimized out>) at ./nptl/pthread_create.c:447\n#7  0x00007ffff7d29ecc in clone3 () at ../sysdeps/unix/sysv/linux/x86_64/clone3.S:78\n"
~"\nThread 13 (Thread 0x7ffff63b46c0 (LWP 2268721) \"qe-worker-11\"):\n"
~"#0  syscall () at ../sysdeps/unix/sysv/linux/x86_64/syscall.S:38\n#1  0x000055555ba4c877 in rayon_core::sleep::Sleep::sleep ()\n#2  0x000055555ba4c30b in rayon_core::registry::WorkerThread::wait_until_cold ()\n#3  0x000055555ba4bcd2 in std::sys::backtrace::__rust_begin_short_backtrace ()\n#4  0x000055555ba4ba3c in core::ops::function::FnOnce::call_once{{vtable.shim}} ()\n#5  0x000055555bd7502a in std::sys::thread::unix::Thread::new::thread_start ()\n#6  0x00007ffff7c9cb84 in start_thread (arg=<optimized out>) at ./nptl/pthread_create.c:447\n#7  0x00007ffff7d29ecc in clone3 () at ../sysdeps/unix/sysv/linux/x86_64/clone3.S:78\n"
~"\nThread 12 (Thread 0x7ffff65b56c0 (LWP 2268720) \"qe-worker-10\"):\n"
~"#0  syscall () at ../sysdeps/unix/sysv/linux/x86_64/syscall.S:38\n#1  0x000055555ba4c877 in rayon_core::sleep::Sleep::sleep ()\n#2  0x000055555ba4c30b in rayon_core::registry::WorkerThread::wait_until_cold ()\n#3  0x000055555ba4bcd2 in std::sys::backtrace::__rust_begin_short_backtrace ()\n#4  0x000055555ba4ba3c in core::ops::function::FnOnce::call_once{{vtable.shim}} ()\n#5  0x000055555bd7502a in std::sys::thread::unix::Thread::new::thread_start ()\n#6  0x00007ffff7c9cb84 in start_thread (arg=<optimized out>) at ./nptl/pthread_create.c:447\n#7  0x00007ffff7d29ecc in clone3 () at ../sysdeps/unix/sysv/linux/x86_64/clone3.S:78\n"
~"\nThread 11 (Thread 0x7ffff67b66c0 (LWP 2268719) \"qe-worker-9\"):\n"
~"#0  syscall () at ../sysdeps/unix/sysv/linux/x86_64/syscall.S:38\n#1  0x000055555ba4c877 in rayon_core::sleep::Sleep::sleep ()\n#2  0x000055555ba4c30b in rayon_core::registry::WorkerThread::wait_until_cold ()\n#3  0x000055555ba4bcd2 in std::sys::backtrace::__rust_begin_short_backtrace ()\n#4  0x000055555ba4ba3c in core::ops::function::FnOnce::call_once{{vtable.shim}} ()\n#5  0x000055555bd7502a in std::sys::thread::unix::Thread::new::thread_start ()\n#6  0x00007ffff7c9cb84 in start_thread (arg=<optimized out>) at ./nptl/pthread_create.c:447\n#7  0x00007ffff7d29ecc in clone3 () at ../sysdeps/unix/sysv/linux/x86_64/clone3.S:78\n"
~"\nThread 10 (Thread 0x7ffff69b76c0 (LWP 2268718) \"qe-worker-8\"):\n"
~"#0  syscall () at ../sysdeps/unix/sysv/linux/x86_64/syscall.S:38\n#1  0x000055555ba4c877 in rayon_core::sleep::Sleep::sleep ()\n#2  0x000055555ba4c30b in rayon_core::registry::WorkerThread::wait_until_cold ()\n#3  0x000055555ba4bcd2 in std::sys::backtrace::__rust_begin_short_backtrace ()\n#4  0x000055555ba4ba3c in core::ops::function::FnOnce::call_once{{vtable.shim}} ()\n#5  0x000055555bd7502a in std::sys::thread::unix::Thread::new::thread_start ()\n#6  0x00007ffff7c9cb84 in start_thread (arg=<optimized out>) at ./nptl/pthread_create.c:447\n#7  0x00007ffff7d29ecc in clone3 () at ../sysdeps/unix/sysv/linux/x86_64/clone3.S:78\n"
~"\nThread 9 (Thread 0x7ffff6bb86c0 (LWP 2268717) \"qe-worker-7\"):\n"
~"#0  syscall () at ../sysdeps/unix/sysv/linux/x86_64/syscall.S:38\n#1  0x000055555ba4c877 in rayon_core::sleep::Sleep::sleep ()\n#2  0x000055555ba4c30b in rayon_core::registry::WorkerThread::wait_until_cold ()\n#3  0x000055555ba4bcd2 in std::sys::backtrace::__rust_begin_short_backtrace ()\n#4  0x000055555ba4ba3c in core::ops::function::FnOnce::call_once{{vtable.shim}} ()\n#5  0x000055555bd7502a in std::sys::thread::unix::Thread::new::thread_start ()\n#6  0x00007ffff7c9cb84 in start_thread (arg=<optimized out>) at ./nptl/pthread_create.c:447\n#7  0x00007ffff7d29ecc in clone3 () at ../sysdeps/unix/sysv/linux/x86_64/clone3.S:78\n"
~"\nThread 8 (Thread 0x7ffff6db96c0 (LWP 2268716) \"qe-worker-6\"):\n"
~"#0  syscall () at ../sysdeps/unix/sysv/linux/x86_64/syscall.S:38\n#1  0x000055555ba4c877 in rayon_core::sleep::Sleep::sleep ()\n#2  0x000055555ba4c30b in rayon_core::registry::WorkerThread::wait_until_cold ()\n#3  0x000055555ba4bcd2 in std::sys::backtrace::__rust_begin_short_backtrace ()\n#4  0x000055555ba4ba3c in core::ops::function::FnOnce::call_once{{vtable.shim}} ()\n#5  0x000055555bd7502a in std::sys::thread::unix::Thread::new::thread_start ()\n#6  0x00007ffff7c9cb84 in start_thread (arg=<optimized out>) at ./nptl/pthread_create.c:447\n#7  0x00007ffff7d29ecc in clone3 () at ../sysdeps/unix/sysv/linux/x86_64/clone3.S:78\n"
~"\nThread 7 (Thread 0x7ffff6fba6c0 (LWP 2268715) \"qe-worker-5\"):\n"
~"#0  syscall () at ../sysdeps/unix/sysv/linux/x86_64/syscall.S:38\n#1  0x000055555ba4c877 in rayon_core::sleep::Sleep::sleep ()\n#2  0x000055555ba4c30b in rayon_core::registry::WorkerThread::wait_until_cold ()\n#3  0x000055555ba4bcd2 in std::sys::backtrace::__rust_begin_short_backtrace ()\n#4  0x000055555ba4ba3c in core::ops::function::FnOnce::call_once{{vtable.shim}} ()\n#5  0x000055555bd7502a in std::sys::thread::unix::Thread::new::thread_start ()\n#6  0x00007ffff7c9cb84 in start_thread (arg=<optimized out>) at ./nptl/pthread_create.c:447\n#7  0x00007ffff7d29ecc in clone3 () at ../sysdeps/unix/sysv/linux/x86_64/clone3.S:78\n"
~"\nThread 6 (Thread 0x7ffff71bb6c0 (LWP 2268714) \"qe-worker-4\"):\n"
~"#0  syscall () at ../sysdeps/unix/sysv/linux/x86_64/syscall.S:38\n#1  0x000055555ba4c877 in rayon_core::sleep::Sleep::sleep ()\n#2  0x000055555ba4c30b in rayon_core::registry::WorkerThread::wait_until_cold ()\n#3  0x000055555ba4bcd2 in std::sys::backtrace::__rust_begin_short_backtrace ()\n#4  0x000055555ba4ba3c in core::ops::function::FnOnce::call_once{{vtable.shim}} ()\n#5  0x000055555bd7502a in std::sys::thread::unix::Thread::new::thread_start ()\n#6  0x00007ffff7c9cb84 in start_thread (arg=<optimized out>) at ./nptl/pthread_create.c:447\n#7  0x00007ffff7d29ecc in clone3 () at ../sysdeps/unix/sysv/linux/x86_64/clone3.S:78\n"
~"\nThread 5 (Thread 0x7ffff73bc6c0 (LWP 2268713) \"qe-worker-3\"):\n"
~"#0  syscall () at ../sysdeps/unix/sysv/linux/x86_64/syscall.S:38\n#1  0x000055555ba4c877 in rayon_core::sleep::Sleep::sleep ()\n#2  0x000055555ba4c30b in rayon_core::registry::WorkerThread::wait_until_cold ()\n#3  0x000055555ba4bcd2 in std::sys::backtrace::__rust_begin_short_backtrace ()\n#4  0x000055555ba4ba3c in core::ops::function::FnOnce::call_once{{vtable.shim}} ()\n#5  0x000055555bd7502a in std::sys::thread::unix::Thread::new::thread_start ()\n#6  0x00007ffff7c9cb84 in start_thread (arg=<optimized out>) at ./nptl/pthread_create.c:447\n#7  0x00007ffff7d29ecc in clone3 () at ../sysdeps/unix/sysv/linux/x86_64/clone3.S:78\n"
~"\nThread 4 (Thread 0x7ffff75bd6c0 (LWP 2268712) \"qe-worker-2\"):\n"
~"#0  syscall () at ../sysdeps/unix/sysv/linux/x86_64/syscall.S:38\n#1  0x000055555ba4c877 in rayon_core::sleep::Sleep::sleep ()\n#2  0x000055555ba4c30b in rayon_core::registry::WorkerThread::wait_until_cold ()\n#3  0x000055555ba4bcd2 in std::sys::backtrace::__rust_begin_short_backtrace ()\n#4  0x000055555ba4ba3c in core::ops::function::FnOnce::call_once{{vtable.shim}} ()\n#5  0x000055555bd7502a in std::sys::thread::unix::Thread::new::thread_start ()\n#6  0x00007ffff7c9cb84 in start_thread (arg=<optimized out>) at ./nptl/pthread_create.c:447\n#7  0x00007ffff7d29ecc in clone3 () at ../sysdeps/unix/sysv/linux/x86_64/clone3.S:78\n"
~"\nThread 3 (Thread 0x7ffff77be6c0 (LWP 2268711) \"qe-worker-1\"):\n"
~"#0  syscall () at ../sysdeps/unix/sysv/linux/x86_64/syscall.S:38\n#1  0x000055555ba4c877 in rayon_core::sleep::Sleep::sleep ()\n#2  0x000055555ba4c30b in rayon_core::registry::WorkerThread::wait_until_cold ()\n#3  0x000055555ba4bcd2 in std::sys::backtrace::__rust_begin_short_backtrace ()\n#4  0x000055555ba4ba3c in core::ops::function::FnOnce::call_once{{vtable.shim}} ()\n#5  0x000055555bd7502a in std::sys::thread::unix::Thread::new::thread_start ()\n#6  0x00007ffff7c9cb84 in start_thread (arg=<optimized out>) at ./nptl/pthread_create.c:447\n#7  0x00007ffff7d29ecc in clone3 () at ../sysdeps/unix/sysv/linux/x86_64/clone3.S:78\n"
~"\nThread 2 (Thread 0x7ffff79bf6c0 (LWP 2268710) \"qe-worker-0\"):\n"
~"#0  syscall () at ../sysdeps/unix/sysv/linux/x86_64/syscall.S:38\n#1  0x000055555ba4c877 in rayon_core::sleep::Sleep::sleep ()\n#2  0x000055555ba4c30b in rayon_core::registry::WorkerThread::wait_until_cold ()\n#3  0x000055555ba4bcd2 in std::sys::backtrace::__rust_begin_short_backtrace ()\n#4  0x000055555ba4ba3c in core::ops::function::FnOnce::call_once{{vtable.shim}} ()\n#5  0x000055555bd7502a in std::sys::thread::unix::Thread::new::thread_start ()\n#6  0x00007ffff7c9cb84 in start_thread (arg=<optimized out>) at ./nptl/pthread_create.c:447\n#7  0x00007ffff7d29ecc in clone3 () at ../sysdeps/unix/sysv/linux/x86_64/clone3.S:78\n"
~"\nThread 1 (Thread 0x7ffff7e8d100 (LWP 2268699) \"serial_frontier\"):\n"
~"#0  syscall () at ../sysdeps/unix/sysv/linux/x86_64/syscall.S:38\n#1  0x000055555ba4d835 in rayon_core::latch::LockLatch::wait_and_reset ()\n#2  0x000055555b531e43 in rayon_core::registry::Registry::in_worker_cold ()\n#3  0x000055555b523e4e in rayon::iter::plumbing::bridge_producer_consumer::helper ()\n#4  0x000055555b4a1e2a in query_engine::physical::morsel_agg::live_spill::execute::{{closure}} ()\n#5  0x000055555b4930c1 in <query_engine::physical::operators::spillable::SpillableHashAggregateExec as query_engine::physical::plan::PhysicalOperator>::execute::{{closure}} ()\n#6  0x000055555b632182 in <query_engine::physical::operators::project::ProjectExec as query_engine::physical::plan::PhysicalOperator>::execute::{{closure}} ()\n#7  0x000055555b4a7680 in query_engine::physical::operators::spillable::stream_merge_input_partitions::{{closure}} ()\n(More stack frames follow...)\n"
83^done
(gdb) 
84^running
*running,thread-id="all"
(gdb) 
85^done
(gdb) 
~"\nThread "
~"1 \"serial_frontier\" received signal SIGINT, Interrupt.\n"
~"syscall () at ../sysdeps/unix/sysv/linux/x86_64/syscall.S:38\n"
~"38\tin ../sysdeps/unix/sysv/linux/x86_64/syscall.S\n"
*stopped,reason="signal-received",signal-name="SIGINT",signal-meaning="Interrupt",frame={addr="0x00007ffff7d2752d",func="syscall",args=[],file="../sysdeps/unix/sysv/linux/x86_64/syscall.S",fullname="./misc/../sysdeps/unix/sysv/linux/x86_64/syscall.S",line="38",arch="i386:x86-64"},thread-id="1",stopped-threads="all",core="12"
~"\nThread 34 (Thread 0x7fff877fb6c0 (LWP 2268742) \"tokio-rt-worker\"):\n"
~"#0  syscall () at ../sysdeps/unix/sysv/linux/x86_64/syscall.S:38\n#1  0x000055555afdfe97 in parking_lot::condvar::Condvar::wait_until_internal ()\n#2  0x000055555bd86bfa in std::sys::backtrace::__rust_begin_short_backtrace ()\n#3  0x000055555bd89aea in core::ops::function::FnOnce::call_once{{vtable.shim}} ()\n#4  0x000055555bd7502a in std::sys::thread::unix::Thread::new::thread_start ()\n#5  0x00007ffff7c9cb84 in start_thread (arg=<optimized out>) at ./nptl/pthread_create.c:447\n#6  0x00007ffff7d29ecc in clone3 () at ../sysdeps/unix/sysv/linux/x86_64/clone3.S:78\n"
~"\nThread 33 (Thread 0x7fff879fc6c0 (LWP 2268741) \"tokio-rt-worker\"):\n"
~"#0  syscall () at ../sysdeps/unix/sysv/linux/x86_64/syscall.S:38\n#1  0x000055555afdfe39 in parking_lot::condvar::Condvar::wait_until_internal ()\n#2  0x000055555bd97d50 in tokio::runtime::scheduler::multi_thread::worker::Context::park_internal ()\n#3  0x000055555bd96fec in tokio::runtime::scheduler::multi_thread::worker::run ()\n#4  0x000055555bd9506d in tokio::runtime::task::raw::poll ()\n#5  0x000055555bd86b52 in std::sys::backtrace::__rust_begin_short_backtrace ()\n#6  0x000055555bd89aea in core::ops::function::FnOnce::call_once{{vtable.shim}} ()\n#7  0x000055555bd7502a in std::sys::thread::unix::Thread::new::thread_start ()\n(More stack frames follow...)\n"
~"\nThread 32 (Thread 0x7fff87bfd6c0 (LWP 2268740) \"tokio-rt-worker\"):\n"
~"#0  syscall () at ../sysdeps/unix/sysv/linux/x86_64/syscall.S:38\n#1  0x000055555afdfe39 in parking_lot::condvar::Condvar::wait_until_internal ()\n#2  0x000055555bd97d50 in tokio::runtime::scheduler::multi_thread::worker::Context::park_internal ()\n#3  0x000055555bd96fec in tokio::runtime::scheduler::multi_thread::worker::run ()\n#4  0x000055555bd9506d in tokio::runtime::task::raw::poll ()\n#5  0x000055555bd86b52 in std::sys::backtrace::__rust_begin_short_backtrace ()\n#6  0x000055555bd89aea in core::ops::function::FnOnce::call_once{{vtable.shim}} ()\n#7  0x000055555bd7502a in std::sys::thread::unix::Thread::new::thread_start ()\n(More stack frames follow...)\n"
~"\nThread 31 (Thread 0x7fff87dfe6c0 (LWP 2268739) \"tokio-rt-worker\"):\n"
~"#0  syscall () at ../sysdeps/unix/sysv/linux/x86_64/syscall.S:38\n#1  0x000055555afdfe39 in parking_lot::condvar::Condvar::wait_until_internal ()\n#2  0x000055555bd97d50 in tokio::runtime::scheduler::multi_thread::worker::Context::park_internal ()\n#3  0x000055555bd96fec in tokio::runtime::scheduler::multi_thread::worker::run ()\n#4  0x000055555bd9506d in tokio::runtime::task::raw::poll ()\n#5  0x000055555bd86b52 in std::sys::backtrace::__rust_begin_short_backtrace ()\n#6  0x000055555bd89aea in core::ops::function::FnOnce::call_once{{vtable.shim}} ()\n#7  0x000055555bd7502a in std::sys::thread::unix::Thread::new::thread_start ()\n(More stack frames follow...)\n"
~"\nThread 30 (Thread 0x7fff87fff6c0 (LWP 2268738) \"tokio-rt-worker\"):\n"
~"#0  syscall () at ../sysdeps/unix/sysv/linux/x86_64/syscall.S:38\n#1  0x000055555afdfe39 in parking_lot::condvar::Condvar::wait_until_internal ()\n#2  0x000055555bd97d50 in tokio::runtime::scheduler::multi_thread::worker::Context::park_internal ()\n#3  0x000055555bd96fec in tokio::runtime::scheduler::multi_thread::worker::run ()\n#4  0x000055555bd9506d in tokio::runtime::task::raw::poll ()\n#5  0x000055555bd86b52 in std::sys::backtrace::__rust_begin_short_backtrace ()\n#6  0x000055555bd89aea in core::ops::function::FnOnce::call_once{{vtable.shim}} ()\n#7  0x000055555bd7502a in std::sys::thread::unix::Thread::new::thread_start ()\n(More stack frames follow...)\n"
~"\nThread 29 (Thread 0x7ffff43a46c0 (LWP 2268737) \"tokio-rt-worker\"):\n"
~"#0  syscall () at ../sysdeps/unix/sysv/linux/x86_64/syscall.S:38\n#1  0x000055555afdfe39 in parking_lot::condvar::Condvar::wait_until_internal ()\n#2  0x000055555bd97d50 in tokio::runtime::scheduler::multi_thread::worker::Context::park_internal ()\n#3  0x000055555bd96fec in tokio::runtime::scheduler::multi_thread::worker::run ()\n#4  0x000055555bd9506d in tokio::runtime::task::raw::poll ()\n#5  0x000055555bd86b52 in std::sys::backtrace::__rust_begin_short_backtrace ()\n#6  0x000055555bd89aea in core::ops::function::FnOnce::call_once{{vtable.shim}} ()\n#7  0x000055555bd7502a in std::sys::thread::unix::Thread::new::thread_start ()\n(More stack frames follow...)\n"
~"\nThread 28 (Thread 0x7ffff45a56c0 (LWP 2268736) \"tokio-rt-worker\"):\n"
~"#0  syscall () at ../sysdeps/unix/sysv/linux/x86_64/syscall.S:38\n#1  0x000055555afdfe39 in parking_lot::condvar::Condvar::wait_until_internal ()\n#2  0x000055555bd97d50 in tokio::runtime::scheduler::multi_thread::worker::Context::park_internal ()\n#3  0x000055555bd96fec in tokio::runtime::scheduler::multi_thread::worker::run ()\n#4  0x000055555bd9506d in tokio::runtime::task::raw::poll ()\n#5  0x000055555bd86b52 in std::sys::backtrace::__rust_begin_short_backtrace ()\n#6  0x000055555bd89aea in core::ops::function::FnOnce::call_once{{vtable.shim}} ()\n#7  0x000055555bd7502a in std::sys::thread::unix::Thread::new::thread_start ()\n(More stack frames follow...)\n"
~"\nThread 27 (Thread 0x7ffff47a66c0 (LWP 2268735) \"tokio-rt-worker\"):\n"
~"#0  syscall () at ../sysdeps/unix/sysv/linux/x86_64/syscall.S:38\n#1  0x000055555afdfe39 in parking_lot::condvar::Condvar::wait_until_internal ()\n#2  0x000055555bd97d50 in tokio::runtime::scheduler::multi_thread::worker::Context::park_internal ()\n#3  0x000055555bd96fec in tokio::runtime::scheduler::multi_thread::worker::run ()\n#4  0x000055555bd9506d in tokio::runtime::task::raw::poll ()\n#5  0x000055555bd86b52 in std::sys::backtrace::__rust_begin_short_backtrace ()\n#6  0x000055555bd89aea in core::ops::function::FnOnce::call_once{{vtable.shim}} ()\n#7  0x000055555bd7502a in std::sys::thread::unix::Thread::new::thread_start ()\n(More stack frames follow...)\n"
~"\nThread 26 (Thread 0x7ffff49a76c0 (LWP 2268734) \"tokio-rt-worker\"):\n"
~"#0  syscall () at ../sysdeps/unix/sysv/linux/x86_64/syscall.S:38\n#1  0x000055555afdfe39 in parking_lot::condvar::Condvar::wait_until_internal ()\n#2  0x000055555bd97d50 in tokio::runtime::scheduler::multi_thread::worker::Context::park_internal ()\n#3  0x000055555bd96fec in tokio::runtime::scheduler::multi_thread::worker::run ()\n#4  0x000055555bd9506d in tokio::runtime::task::raw::poll ()\n#5  0x000055555bd86b52 in std::sys::backtrace::__rust_begin_short_backtrace ()\n#6  0x000055555bd89aea in core::ops::function::FnOnce::call_once{{vtable.shim}} ()\n#7  0x000055555bd7502a in std::sys::thread::unix::Thread::new::thread_start ()\n(More stack frames follow...)\n"
~"\nThread 25 (Thread 0x7ffff4ba86c0 (LWP 2268733) \"tokio-rt-worker\"):\n"
~"#0  syscall () at ../sysdeps/unix/sysv/linux/x86_64/syscall.S:38\n#1  0x000055555afdfe39 in parking_lot::condvar::Condvar::wait_until_internal ()\n#2  0x000055555bd97d50 in tokio::runtime::scheduler::multi_thread::worker::Context::park_internal ()\n#3  0x000055555bd96fec in tokio::runtime::scheduler::multi_thread::worker::run ()\n#4  0x000055555bd9506d in tokio::runtime::task::raw::poll ()\n#5  0x000055555bd86b52 in std::sys::backtrace::__rust_begin_short_backtrace ()\n#6  0x000055555bd89aea in core::ops::function::FnOnce::call_once{{vtable.shim}} ()\n#7  0x000055555bd7502a in std::sys::thread::unix::Thread::new::thread_start ()\n(More stack frames follow...)\n"
~"\nThread 24 (Thread 0x7ffff4da96c0 (LWP 2268732) \"tokio-rt-worker\"):\n"
~"#0  syscall () at ../sysdeps/unix/sysv/linux/x86_64/syscall.S:38\n#1  0x000055555afdfe39 in parking_lot::condvar::Condvar::wait_until_internal ()\n#2  0x000055555bd97d50 in tokio::runtime::scheduler::multi_thread::worker::Context::park_internal ()\n#3  0x000055555bd96fec in tokio::runtime::scheduler::multi_thread::worker::run ()\n#4  0x000055555bd9506d in tokio::runtime::task::raw::poll ()\n#5  0x000055555bd86b52 in std::sys::backtrace::__rust_begin_short_backtrace ()\n#6  0x000055555bd89aea in core::ops::function::FnOnce::call_once{{vtable.shim}} ()\n#7  0x000055555bd7502a in std::sys::thread::unix::Thread::new::thread_start ()\n(More stack frames follow...)\n"
~"\nThread 23 (Thread 0x7ffff4faa6c0 (LWP 2268731) \"tokio-rt-worker\"):\n"
~"#0  syscall () at ../sysdeps/unix/sysv/linux/x86_64/syscall.S:38\n#1  0x000055555afdfe39 in parking_lot::condvar::Condvar::wait_until_internal ()\n#2  0x000055555bd97d50 in tokio::runtime::scheduler::multi_thread::worker::Context::park_internal ()\n#3  0x000055555bd96fec in tokio::runtime::scheduler::multi_thread::worker::run ()\n#4  0x000055555bd9506d in tokio::runtime::task::raw::poll ()\n#5  0x000055555bd86b52 in std::sys::backtrace::__rust_begin_short_backtrace ()\n#6  0x000055555bd89aea in core::ops::function::FnOnce::call_once{{vtable.shim}} ()\n#7  0x000055555bd7502a in std::sys::thread::unix::Thread::new::thread_start ()\n(More stack frames follow...)\n"
~"\nThread 22 (Thread 0x7ffff51ab6c0 (LWP 2268730) \"tokio-rt-worker\"):\n"
~"#0  syscall () at ../sysdeps/unix/sysv/linux/x86_64/syscall.S:38\n#1  0x000055555afdfe39 in parking_lot::condvar::Condvar::wait_until_internal ()\n#2  0x000055555bd97d50 in tokio::runtime::scheduler::multi_thread::worker::Context::park_internal ()\n#3  0x000055555bd96fec in tokio::runtime::scheduler::multi_thread::worker::run ()\n#4  0x000055555bd9506d in tokio::runtime::task::raw::poll ()\n#5  0x000055555bd86b52 in std::sys::backtrace::__rust_begin_short_backtrace ()\n#6  0x000055555bd89aea in core::ops::function::FnOnce::call_once{{vtable.shim}} ()\n#7  0x000055555bd7502a in std::sys::thread::unix::Thread::new::thread_start ()\n(More stack frames follow...)\n"
~"\nThread 21 (Thread 0x7ffff53ac6c0 (LWP 2268729) \"tokio-rt-worker\"):\n"
~"#0  syscall () at ../sysdeps/unix/sysv/linux/x86_64/syscall.S:38\n#1  0x000055555afdfe39 in parking_lot::condvar::Condvar::wait_until_internal ()\n#2  0x000055555bd97d50 in tokio::runtime::scheduler::multi_thread::worker::Context::park_internal ()\n#3  0x000055555bd96fec in tokio::runtime::scheduler::multi_thread::worker::run ()\n#4  0x000055555bd9506d in tokio::runtime::task::raw::poll ()\n#5  0x000055555bd86b52 in std::sys::backtrace::__rust_begin_short_backtrace ()\n#6  0x000055555bd89aea in core::ops::function::FnOnce::call_once{{vtable.shim}} ()\n#7  0x000055555bd7502a in std::sys::thread::unix::Thread::new::thread_start ()\n(More stack frames follow...)\n"
~"\nThread 20 (Thread 0x7ffff55ad6c0 (LWP 2268728) \"tokio-rt-worker\"):\n"
~"#0  syscall () at ../sysdeps/unix/sysv/linux/x86_64/syscall.S:38\n#1  0x000055555afdfe39 in parking_lot::condvar::Condvar::wait_until_internal ()\n#2  0x000055555bd97d50 in tokio::runtime::scheduler::multi_thread::worker::Context::park_internal ()\n#3  0x000055555bd96fec in tokio::runtime::scheduler::multi_thread::worker::run ()\n#4  0x000055555bd9506d in tokio::runtime::task::raw::poll ()\n#5  0x000055555bd86b52 in std::sys::backtrace::__rust_begin_short_backtrace ()\n#6  0x000055555bd89aea in core::ops::function::FnOnce::call_once{{vtable.shim}} ()\n#7  0x000055555bd7502a in std::sys::thread::unix::Thread::new::thread_start ()\n(More stack frames follow...)\n"
~"\nThread 19 (Thread 0x7ffff57ae6c0 (LWP 2268727) \"tokio-rt-worker\"):\n"
~"#0  syscall () at ../sysdeps/unix/sysv/linux/x86_64/syscall.S:38\n#1  0x000055555afdfe39 in parking_lot::condvar::Condvar::wait_until_internal ()\n#2  0x000055555bd97d50 in tokio::runtime::scheduler::multi_thread::worker::Context::park_internal ()\n#3  0x000055555bd96fec in tokio::runtime::scheduler::multi_thread::worker::run ()\n#4  0x000055555bd9506d in tokio::runtime::task::raw::poll ()\n#5  0x000055555bd86b52 in std::sys::backtrace::__rust_begin_short_backtrace ()\n#6  0x000055555bd89aea in core::ops::function::FnOnce::call_once{{vtable.shim}} ()\n#7  0x000055555bd7502a in std::sys::thread::unix::Thread::new::thread_start ()\n(More stack frames follow...)\n"
~"\nThread 18 (Thread 0x7ffff59af6c0 (LWP 2268726) \"tokio-rt-worker\"):\n"
~"#0  0x00007ffff7d2a2d2 in epoll_wait (epfd=3, events=0x36f6e300000, maxevents=1024, timeout=-1) at ../sysdeps/unix/sysv/linux/epoll_wait.c:30\n#1  0x000055555bd994ae in tokio::runtime::io::driver::Driver::turn ()\n#2  0x000055555bd9919d in tokio::runtime::time::Driver::park_internal ()\n#3  0x000055555bd97b94 in tokio::runtime::scheduler::multi_thread::worker::Context::park_internal ()\n#4  0x000055555bd96fec in tokio::runtime::scheduler::multi_thread::worker::run ()\n#5  0x000055555bd9506d in tokio::runtime::task::raw::poll ()\n#6  0x000055555bd86b52 in std::sys::backtrace::__rust_begin_short_backtrace ()\n#7  0x000055555bd89aea in core::ops::function::FnOnce::call_once{{vtable.shim}} ()\n(More stack frames follow...)\n"
~"\nThread 17 (Thread 0x7ffff5bb06c0 (LWP 2268725) \"qe-worker-15\"):\n"
~"#0  syscall () at ../sysdeps/unix/sysv/linux/x86_64/syscall.S:38\n#1  0x000055555ba4c877 in rayon_core::sleep::Sleep::sleep ()\n#2  0x000055555ba4c30b in rayon_core::registry::WorkerThread::wait_until_cold ()\n#3  0x000055555ba4bcd2 in std::sys::backtrace::__rust_begin_short_backtrace ()\n#4  0x000055555ba4ba3c in core::ops::function::FnOnce::call_once{{vtable.shim}} ()\n#5  0x000055555bd7502a in std::sys::thread::unix::Thread::new::thread_start ()\n#6  0x00007ffff7c9cb84 in start_thread (arg=<optimized out>) at ./nptl/pthread_create.c:447\n#7  0x00007ffff7d29ecc in clone3 () at ../sysdeps/unix/sysv/linux/x86_64/clone3.S:78\n"
~"\nThread 16 (Thread 0x7ffff5db16c0 (LWP 2268724) \"qe-worker-14\"):\n"
~"#0  syscall () at ../sysdeps/unix/sysv/linux/x86_64/syscall.S:38\n#1  0x000055555ba4c877 in rayon_core::sleep::Sleep::sleep ()\n#2  0x000055555ba4c30b in rayon_core::registry::WorkerThread::wait_until_cold ()\n#3  0x000055555ba4bcd2 in std::sys::backtrace::__rust_begin_short_backtrace ()\n#4  0x000055555ba4ba3c in core::ops::function::FnOnce::call_once{{vtable.shim}} ()\n#5  0x000055555bd7502a in std::sys::thread::unix::Thread::new::thread_start ()\n#6  0x00007ffff7c9cb84 in start_thread (arg=<optimized out>) at ./nptl/pthread_create.c:447\n#7  0x00007ffff7d29ecc in clone3 () at ../sysdeps/unix/sysv/linux/x86_64/clone3.S:78\n"
~"\nThread 15 (Thread 0x7ffff5fb26c0 (LWP 2268723) \"qe-worker-13\"):\n"
~"#0  syscall () at ../sysdeps/unix/sysv/linux/x86_64/syscall.S:38\n#1  0x000055555ba4c877 in rayon_core::sleep::Sleep::sleep ()\n#2  0x000055555ba4c30b in rayon_core::registry::WorkerThread::wait_until_cold ()\n#3  0x000055555ba4bcd2 in std::sys::backtrace::__rust_begin_short_backtrace ()\n#4  0x000055555ba4ba3c in core::ops::function::FnOnce::call_once{{vtable.shim}} ()\n#5  0x000055555bd7502a in std::sys::thread::unix::Thread::new::thread_start ()\n#6  0x00007ffff7c9cb84 in start_thread (arg=<optimized out>) at ./nptl/pthread_create.c:447\n#7  0x00007ffff7d29ecc in clone3 () at ../sysdeps/unix/sysv/linux/x86_64/clone3.S:78\n"
~"\nThread 14 (Thread 0x7ffff61b36c0 (LWP 2268722) \"qe-worker-12\"):\n"
~"#0  syscall () at ../sysdeps/unix/sysv/linux/x86_64/syscall.S:38\n#1  0x000055555ba4c877 in rayon_core::sleep::Sleep::sleep ()\n#2  0x000055555ba4c30b in rayon_core::registry::WorkerThread::wait_until_cold ()\n#3  0x000055555ba4bcd2 in std::sys::backtrace::__rust_begin_short_backtrace ()\n#4  0x000055555ba4ba3c in core::ops::function::FnOnce::call_once{{vtable.shim}} ()\n#5  0x000055555bd7502a in std::sys::thread::unix::Thread::new::thread_start ()\n#6  0x00007ffff7c9cb84 in start_thread (arg=<optimized out>) at ./nptl/pthread_create.c:447\n#7  0x00007ffff7d29ecc in clone3 () at ../sysdeps/unix/sysv/linux/x86_64/clone3.S:78\n"
~"\nThread 13 (Thread 0x7ffff63b46c0 (LWP 2268721) \"qe-worker-11\"):\n"
~"#0  syscall () at ../sysdeps/unix/sysv/linux/x86_64/syscall.S:38\n#1  0x000055555ba4c877 in rayon_core::sleep::Sleep::sleep ()\n#2  0x000055555ba4c30b in rayon_core::registry::WorkerThread::wait_until_cold ()\n#3  0x000055555ba4bcd2 in std::sys::backtrace::__rust_begin_short_backtrace ()\n#4  0x000055555ba4ba3c in core::ops::function::FnOnce::call_once{{vtable.shim}} ()\n#5  0x000055555bd7502a in std::sys::thread::unix::Thread::new::thread_start ()\n#6  0x00007ffff7c9cb84 in start_thread (arg=<optimized out>) at ./nptl/pthread_create.c:447\n#7  0x00007ffff7d29ecc in clone3 () at ../sysdeps/unix/sysv/linux/x86_64/clone3.S:78\n"
~"\nThread 12 (Thread 0x7ffff65b56c0 (LWP 2268720) \"qe-worker-10\"):\n"
~"#0  syscall () at ../sysdeps/unix/sysv/linux/x86_64/syscall.S:38\n#1  0x000055555ba4c877 in rayon_core::sleep::Sleep::sleep ()\n#2  0x000055555ba4c30b in rayon_core::registry::WorkerThread::wait_until_cold ()\n#3  0x000055555ba4bcd2 in std::sys::backtrace::__rust_begin_short_backtrace ()\n#4  0x000055555ba4ba3c in core::ops::function::FnOnce::call_once{{vtable.shim}} ()\n#5  0x000055555bd7502a in std::sys::thread::unix::Thread::new::thread_start ()\n#6  0x00007ffff7c9cb84 in start_thread (arg=<optimized out>) at ./nptl/pthread_create.c:447\n#7  0x00007ffff7d29ecc in clone3 () at ../sysdeps/unix/sysv/linux/x86_64/clone3.S:78\n"
~"\nThread 11 (Thread 0x7ffff67b66c0 (LWP 2268719) \"qe-worker-9\"):\n"
~"#0  syscall () at ../sysdeps/unix/sysv/linux/x86_64/syscall.S:38\n#1  0x000055555ba4c877 in rayon_core::sleep::Sleep::sleep ()\n#2  0x000055555ba4c30b in rayon_core::registry::WorkerThread::wait_until_cold ()\n#3  0x000055555ba4bcd2 in std::sys::backtrace::__rust_begin_short_backtrace ()\n#4  0x000055555ba4ba3c in core::ops::function::FnOnce::call_once{{vtable.shim}} ()\n#5  0x000055555bd7502a in std::sys::thread::unix::Thread::new::thread_start ()\n#6  0x00007ffff7c9cb84 in start_thread (arg=<optimized out>) at ./nptl/pthread_create.c:447\n#7  0x00007ffff7d29ecc in clone3 () at ../sysdeps/unix/sysv/linux/x86_64/clone3.S:78\n"
~"\nThread 10 (Thread 0x7ffff69b76c0 (LWP 2268718) \"qe-worker-8\"):\n"
~"#0  syscall () at ../sysdeps/unix/sysv/linux/x86_64/syscall.S:38\n#1  0x000055555ba4c877 in rayon_core::sleep::Sleep::sleep ()\n#2  0x000055555ba4c30b in rayon_core::registry::WorkerThread::wait_until_cold ()\n#3  0x000055555ba4bcd2 in std::sys::backtrace::__rust_begin_short_backtrace ()\n#4  0x000055555ba4ba3c in core::ops::function::FnOnce::call_once{{vtable.shim}} ()\n#5  0x000055555bd7502a in std::sys::thread::unix::Thread::new::thread_start ()\n#6  0x00007ffff7c9cb84 in start_thread (arg=<optimized out>) at ./nptl/pthread_create.c:447\n#7  0x00007ffff7d29ecc in clone3 () at ../sysdeps/unix/sysv/linux/x86_64/clone3.S:78\n"
~"\nThread 9 (Thread 0x7ffff6bb86c0 (LWP 2268717) \"qe-worker-7\"):\n"
~"#0  syscall () at ../sysdeps/unix/sysv/linux/x86_64/syscall.S:38\n#1  0x000055555ba4c877 in rayon_core::sleep::Sleep::sleep ()\n#2  0x000055555ba4c30b in rayon_core::registry::WorkerThread::wait_until_cold ()\n#3  0x000055555ba4bcd2 in std::sys::backtrace::__rust_begin_short_backtrace ()\n#4  0x000055555ba4ba3c in core::ops::function::FnOnce::call_once{{vtable.shim}} ()\n#5  0x000055555bd7502a in std::sys::thread::unix::Thread::new::thread_start ()\n#6  0x00007ffff7c9cb84 in start_thread (arg=<optimized out>) at ./nptl/pthread_create.c:447\n#7  0x00007ffff7d29ecc in clone3 () at ../sysdeps/unix/sysv/linux/x86_64/clone3.S:78\n"
~"\nThread 8 (Thread 0x7ffff6db96c0 (LWP 2268716) \"qe-worker-6\"):\n"
~"#0  syscall () at ../sysdeps/unix/sysv/linux/x86_64/syscall.S:38\n#1  0x000055555ba4c877 in rayon_core::sleep::Sleep::sleep ()\n#2  0x000055555ba4c30b in rayon_core::registry::WorkerThread::wait_until_cold ()\n#3  0x000055555ba4bcd2 in std::sys::backtrace::__rust_begin_short_backtrace ()\n#4  0x000055555ba4ba3c in core::ops::function::FnOnce::call_once{{vtable.shim}} ()\n#5  0x000055555bd7502a in std::sys::thread::unix::Thread::new::thread_start ()\n#6  0x00007ffff7c9cb84 in start_thread (arg=<optimized out>) at ./nptl/pthread_create.c:447\n#7  0x00007ffff7d29ecc in clone3 () at ../sysdeps/unix/sysv/linux/x86_64/clone3.S:78\n"
~"\nThread 7 (Thread 0x7ffff6fba6c0 (LWP 2268715) \"qe-worker-5\"):\n"
~"#0  syscall () at ../sysdeps/unix/sysv/linux/x86_64/syscall.S:38\n#1  0x000055555ba4c877 in rayon_core::sleep::Sleep::sleep ()\n#2  0x000055555ba4c30b in rayon_core::registry::WorkerThread::wait_until_cold ()\n#3  0x000055555ba4bcd2 in std::sys::backtrace::__rust_begin_short_backtrace ()\n#4  0x000055555ba4ba3c in core::ops::function::FnOnce::call_once{{vtable.shim}} ()\n#5  0x000055555bd7502a in std::sys::thread::unix::Thread::new::thread_start ()\n#6  0x00007ffff7c9cb84 in start_thread (arg=<optimized out>) at ./nptl/pthread_create.c:447\n#7  0x00007ffff7d29ecc in clone3 () at ../sysdeps/unix/sysv/linux/x86_64/clone3.S:78\n"
~"\nThread 6 (Thread 0x7ffff71bb6c0 (LWP 2268714) \"qe-worker-4\"):\n"
~"#0  syscall () at ../sysdeps/unix/sysv/linux/x86_64/syscall.S:38\n#1  0x000055555ba4c877 in rayon_core::sleep::Sleep::sleep ()\n#2  0x000055555ba4c30b in rayon_core::registry::WorkerThread::wait_until_cold ()\n#3  0x000055555ba4bcd2 in std::sys::backtrace::__rust_begin_short_backtrace ()\n#4  0x000055555ba4ba3c in core::ops::function::FnOnce::call_once{{vtable.shim}} ()\n#5  0x000055555bd7502a in std::sys::thread::unix::Thread::new::thread_start ()\n#6  0x00007ffff7c9cb84 in start_thread (arg=<optimized out>) at ./nptl/pthread_create.c:447\n#7  0x00007ffff7d29ecc in clone3 () at ../sysdeps/unix/sysv/linux/x86_64/clone3.S:78\n"
~"\nThread 5 (Thread 0x7ffff73bc6c0 (LWP 2268713) \"qe-worker-3\"):\n"
~"#0  syscall () at ../sysdeps/unix/sysv/linux/x86_64/syscall.S:38\n#1  0x000055555ba4c877 in rayon_core::sleep::Sleep::sleep ()\n#2  0x000055555ba4c30b in rayon_core::registry::WorkerThread::wait_until_cold ()\n#3  0x000055555ba4bcd2 in std::sys::backtrace::__rust_begin_short_backtrace ()\n#4  0x000055555ba4ba3c in core::ops::function::FnOnce::call_once{{vtable.shim}} ()\n#5  0x000055555bd7502a in std::sys::thread::unix::Thread::new::thread_start ()\n#6  0x00007ffff7c9cb84 in start_thread (arg=<optimized out>) at ./nptl/pthread_create.c:447\n#7  0x00007ffff7d29ecc in clone3 () at ../sysdeps/unix/sysv/linux/x86_64/clone3.S:78\n"
~"\nThread 4 (Thread 0x7ffff75bd6c0 (LWP 2268712) \"qe-worker-2\"):\n"
~"#0  syscall () at ../sysdeps/unix/sysv/linux/x86_64/syscall.S:38\n#1  0x000055555ba4c877 in rayon_core::sleep::Sleep::sleep ()\n#2  0x000055555ba4c30b in rayon_core::registry::WorkerThread::wait_until_cold ()\n#3  0x000055555ba4bcd2 in std::sys::backtrace::__rust_begin_short_backtrace ()\n#4  0x000055555ba4ba3c in core::ops::function::FnOnce::call_once{{vtable.shim}} ()\n#5  0x000055555bd7502a in std::sys::thread::unix::Thread::new::thread_start ()\n#6  0x00007ffff7c9cb84 in start_thread (arg=<optimized out>) at ./nptl/pthread_create.c:447\n#7  0x00007ffff7d29ecc in clone3 () at ../sysdeps/unix/sysv/linux/x86_64/clone3.S:78\n"
~"\nThread 3 (Thread 0x7ffff77be6c0 (LWP 2268711) \"qe-worker-1\"):\n"
~"#0  syscall () at ../sysdeps/unix/sysv/linux/x86_64/syscall.S:38\n#1  0x000055555ba4c877 in rayon_core::sleep::Sleep::sleep ()\n#2  0x000055555ba4c30b in rayon_core::registry::WorkerThread::wait_until_cold ()\n#3  0x000055555ba4bcd2 in std::sys::backtrace::__rust_begin_short_backtrace ()\n#4  0x000055555ba4ba3c in core::ops::function::FnOnce::call_once{{vtable.shim}} ()\n#5  0x000055555bd7502a in std::sys::thread::unix::Thread::new::thread_start ()\n#6  0x00007ffff7c9cb84 in start_thread (arg=<optimized out>) at ./nptl/pthread_create.c:447\n#7  0x00007ffff7d29ecc in clone3 () at ../sysdeps/unix/sysv/linux/x86_64/clone3.S:78\n"
~"\nThread 2 (Thread 0x7ffff79bf6c0 (LWP 2268710) \"qe-worker-0\"):\n"
~"#0  syscall () at ../sysdeps/unix/sysv/linux/x86_64/syscall.S:38\n#1  0x000055555ba4c877 in rayon_core::sleep::Sleep::sleep ()\n#2  0x000055555ba4c30b in rayon_core::registry::WorkerThread::wait_until_cold ()\n#3  0x000055555ba4bcd2 in std::sys::backtrace::__rust_begin_short_backtrace ()\n#4  0x000055555ba4ba3c in core::ops::function::FnOnce::call_once{{vtable.shim}} ()\n#5  0x000055555bd7502a in std::sys::thread::unix::Thread::new::thread_start ()\n#6  0x00007ffff7c9cb84 in start_thread (arg=<optimized out>) at ./nptl/pthread_create.c:447\n#7  0x00007ffff7d29ecc in clone3 () at ../sysdeps/unix/sysv/linux/x86_64/clone3.S:78\n"
~"\nThread 1 (Thread 0x7ffff7e8d100 (LWP 2268699) \"serial_frontier\"):\n"
~"#0  syscall () at ../sysdeps/unix/sysv/linux/x86_64/syscall.S:38\n#1  0x000055555ba4d835 in rayon_core::latch::LockLatch::wait_and_reset ()\n#2  0x000055555b5304f3 in rayon_core::registry::Registry::in_worker_cold ()\n#3  0x000055555b526cfa in rayon::iter::plumbing::bridge_producer_consumer::helper ()\n#4  0x000055555b4a2d45 in query_engine::physical::morsel_agg::live_spill::execute::{{closure}} ()\n#5  0x000055555b4930c1 in <query_engine::physical::operators::spillable::SpillableHashAggregateExec as query_engine::physical::plan::PhysicalOperator>::execute::{{closure}} ()\n#6  0x000055555b632182 in <query_engine::physical::operators::project::ProjectExec as query_engine::physical::plan::PhysicalOperator>::execute::{{closure}} ()\n#7  0x000055555b4a7680 in query_engine::physical::operators::spillable::stream_merge_input_partitions::{{closure}} ()\n(More stack frames follow...)\n"
86^done
(gdb) 
87^running
*running,thread-id="all"
(gdb) 
88^done
(gdb) 
~"\nThread "
~"1 \"serial_frontier\" received signal SIGINT, Interrupt.\n"
~"syscall () at ../sysdeps/unix/sysv/linux/x86_64/syscall.S:38\n"
~"38\tin ../sysdeps/unix/sysv/linux/x86_64/syscall.S\n"
*stopped,reason="signal-received",signal-name="SIGINT",signal-meaning="Interrupt",frame={addr="0x00007ffff7d2752d",func="syscall",args=[],file="../sysdeps/unix/sysv/linux/x86_64/syscall.S",fullname="./misc/../sysdeps/unix/sysv/linux/x86_64/syscall.S",line="38",arch="i386:x86-64"},thread-id="1",stopped-threads="all",core="12"
~"\nThread 34 (Thread 0x7fff877fb6c0 (LWP 2268742) \"tokio-rt-worker\"):\n"
~"#0  syscall () at ../sysdeps/unix/sysv/linux/x86_64/syscall.S:38\n#1  0x000055555afdfe97 in parking_lot::condvar::Condvar::wait_until_internal ()\n#2  0x000055555bd86bfa in std::sys::backtrace::__rust_begin_short_backtrace ()\n#3  0x000055555bd89aea in core::ops::function::FnOnce::call_once{{vtable.shim}} ()\n#4  0x000055555bd7502a in std::sys::thread::unix::Thread::new::thread_start ()\n#5  0x00007ffff7c9cb84 in start_thread (arg=<optimized out>) at ./nptl/pthread_create.c:447\n#6  0x00007ffff7d29ecc in clone3 () at ../sysdeps/unix/sysv/linux/x86_64/clone3.S:78\n"
~"\nThread 33 (Thread 0x7fff879fc6c0 (LWP 2268741) \"tokio-rt-worker\"):\n"
~"#0  syscall () at ../sysdeps/unix/sysv/linux/x86_64/syscall.S:38\n#1  0x000055555afdfe39 in parking_lot::condvar::Condvar::wait_until_internal ()\n#2  0x000055555bd97d50 in tokio::runtime::scheduler::multi_thread::worker::Context::park_internal ()\n#3  0x000055555bd96fec in tokio::runtime::scheduler::multi_thread::worker::run ()\n#4  0x000055555bd9506d in tokio::runtime::task::raw::poll ()\n#5  0x000055555bd86b52 in std::sys::backtrace::__rust_begin_short_backtrace ()\n#6  0x000055555bd89aea in core::ops::function::FnOnce::call_once{{vtable.shim}} ()\n#7  0x000055555bd7502a in std::sys::thread::unix::Thread::new::thread_start ()\n(More stack frames follow...)\n"
~"\nThread 32 (Thread 0x7fff87bfd6c0 (LWP 2268740) \"tokio-rt-worker\"):\n"
~"#0  syscall () at ../sysdeps/unix/sysv/linux/x86_64/syscall.S:38\n#1  0x000055555afdfe39 in parking_lot::condvar::Condvar::wait_until_internal ()\n#2  0x000055555bd97d50 in tokio::runtime::scheduler::multi_thread::worker::Context::park_internal ()\n#3  0x000055555bd96fec in tokio::runtime::scheduler::multi_thread::worker::run ()\n#4  0x000055555bd9506d in tokio::runtime::task::raw::poll ()\n#5  0x000055555bd86b52 in std::sys::backtrace::__rust_begin_short_backtrace ()\n#6  0x000055555bd89aea in core::ops::function::FnOnce::call_once{{vtable.shim}} ()\n#7  0x000055555bd7502a in std::sys::thread::unix::Thread::new::thread_start ()\n(More stack frames follow...)\n"
~"\nThread 31 (Thread 0x7fff87dfe6c0 (LWP 2268739) \"tokio-rt-worker\"):\n"
~"#0  syscall () at ../sysdeps/unix/sysv/linux/x86_64/syscall.S:38\n#1  0x000055555afdfe39 in parking_lot::condvar::Condvar::wait_until_internal ()\n#2  0x000055555bd97d50 in tokio::runtime::scheduler::multi_thread::worker::Context::park_internal ()\n#3  0x000055555bd96fec in tokio::runtime::scheduler::multi_thread::worker::run ()\n#4  0x000055555bd9506d in tokio::runtime::task::raw::poll ()\n#5  0x000055555bd86b52 in std::sys::backtrace::__rust_begin_short_backtrace ()\n#6  0x000055555bd89aea in core::ops::function::FnOnce::call_once{{vtable.shim}} ()\n#7  0x000055555bd7502a in std::sys::thread::unix::Thread::new::thread_start ()\n(More stack frames follow...)\n"
~"\nThread 30 (Thread 0x7fff87fff6c0 (LWP 2268738) \"tokio-rt-worker\"):\n"
~"#0  syscall () at ../sysdeps/unix/sysv/linux/x86_64/syscall.S:38\n#1  0x000055555afdfe39 in parking_lot::condvar::Condvar::wait_until_internal ()\n#2  0x000055555bd97d50 in tokio::runtime::scheduler::multi_thread::worker::Context::park_internal ()\n#3  0x000055555bd96fec in tokio::runtime::scheduler::multi_thread::worker::run ()\n#4  0x000055555bd9506d in tokio::runtime::task::raw::poll ()\n#5  0x000055555bd86b52 in std::sys::backtrace::__rust_begin_short_backtrace ()\n#6  0x000055555bd89aea in core::ops::function::FnOnce::call_once{{vtable.shim}} ()\n#7  0x000055555bd7502a in std::sys::thread::unix::Thread::new::thread_start ()\n(More stack frames follow...)\n"
~"\nThread 29 (Thread 0x7ffff43a46c0 (LWP 2268737) \"tokio-rt-worker\"):\n"
~"#0  syscall () at ../sysdeps/unix/sysv/linux/x86_64/syscall.S:38\n#1  0x000055555afdfe39 in parking_lot::condvar::Condvar::wait_until_internal ()\n#2  0x000055555bd97d50 in tokio::runtime::scheduler::multi_thread::worker::Context::park_internal ()\n#3  0x000055555bd96fec in tokio::runtime::scheduler::multi_thread::worker::run ()\n#4  0x000055555bd9506d in tokio::runtime::task::raw::poll ()\n#5  0x000055555bd86b52 in std::sys::backtrace::__rust_begin_short_backtrace ()\n#6  0x000055555bd89aea in core::ops::function::FnOnce::call_once{{vtable.shim}} ()\n#7  0x000055555bd7502a in std::sys::thread::unix::Thread::new::thread_start ()\n(More stack frames follow...)\n"
~"\nThread 28 (Thread 0x7ffff45a56c0 (LWP 2268736) \"tokio-rt-worker\"):\n"
~"#0  syscall () at ../sysdeps/unix/sysv/linux/x86_64/syscall.S:38\n#1  0x000055555afdfe39 in parking_lot::condvar::Condvar::wait_until_internal ()\n#2  0x000055555bd97d50 in tokio::runtime::scheduler::multi_thread::worker::Context::park_internal ()\n#3  0x000055555bd96fec in tokio::runtime::scheduler::multi_thread::worker::run ()\n#4  0x000055555bd9506d in tokio::runtime::task::raw::poll ()\n#5  0x000055555bd86b52 in std::sys::backtrace::__rust_begin_short_backtrace ()\n#6  0x000055555bd89aea in core::ops::function::FnOnce::call_once{{vtable.shim}} ()\n#7  0x000055555bd7502a in std::sys::thread::unix::Thread::new::thread_start ()\n(More stack frames follow...)\n"
~"\nThread 27 (Thread 0x7ffff47a66c0 (LWP 2268735) \"tokio-rt-worker\"):\n"
~"#0  syscall () at ../sysdeps/unix/sysv/linux/x86_64/syscall.S:38\n#1  0x000055555afdfe39 in parking_lot::condvar::Condvar::wait_until_internal ()\n#2  0x000055555bd97d50 in tokio::runtime::scheduler::multi_thread::worker::Context::park_internal ()\n#3  0x000055555bd96fec in tokio::runtime::scheduler::multi_thread::worker::run ()\n#4  0x000055555bd9506d in tokio::runtime::task::raw::poll ()\n#5  0x000055555bd86b52 in std::sys::backtrace::__rust_begin_short_backtrace ()\n#6  0x000055555bd89aea in core::ops::function::FnOnce::call_once{{vtable.shim}} ()\n#7  0x000055555bd7502a in std::sys::thread::unix::Thread::new::thread_start ()\n(More stack frames follow...)\n"
~"\nThread 26 (Thread 0x7ffff49a76c0 (LWP 2268734) \"tokio-rt-worker\"):\n"
~"#0  syscall () at ../sysdeps/unix/sysv/linux/x86_64/syscall.S:38\n#1  0x000055555afdfe39 in parking_lot::condvar::Condvar::wait_until_internal ()\n#2  0x000055555bd97d50 in tokio::runtime::scheduler::multi_thread::worker::Context::park_internal ()\n#3  0x000055555bd96fec in tokio::runtime::scheduler::multi_thread::worker::run ()\n#4  0x000055555bd9506d in tokio::runtime::task::raw::poll ()\n#5  0x000055555bd86b52 in std::sys::backtrace::__rust_begin_short_backtrace ()\n#6  0x000055555bd89aea in core::ops::function::FnOnce::call_once{{vtable.shim}} ()\n#7  0x000055555bd7502a in std::sys::thread::unix::Thread::new::thread_start ()\n(More stack frames follow...)\n"
~"\nThread 25 (Thread 0x7ffff4ba86c0 (LWP 2268733) \"tokio-rt-worker\"):\n"
~"#0  syscall () at ../sysdeps/unix/sysv/linux/x86_64/syscall.S:38\n#1  0x000055555afdfe39 in parking_lot::condvar::Condvar::wait_until_internal ()\n#2  0x000055555bd97d50 in tokio::runtime::scheduler::multi_thread::worker::Context::park_internal ()\n#3  0x000055555bd96fec in tokio::runtime::scheduler::multi_thread::worker::run ()\n#4  0x000055555bd9506d in tokio::runtime::task::raw::poll ()\n#5  0x000055555bd86b52 in std::sys::backtrace::__rust_begin_short_backtrace ()\n#6  0x000055555bd89aea in core::ops::function::FnOnce::call_once{{vtable.shim}} ()\n#7  0x000055555bd7502a in std::sys::thread::unix::Thread::new::thread_start ()\n(More stack frames follow...)\n"
~"\nThread 24 (Thread 0x7ffff4da96c0 (LWP 2268732) \"tokio-rt-worker\"):\n"
~"#0  syscall () at ../sysdeps/unix/sysv/linux/x86_64/syscall.S:38\n#1  0x000055555afdfe39 in parking_lot::condvar::Condvar::wait_until_internal ()\n#2  0x000055555bd97d50 in tokio::runtime::scheduler::multi_thread::worker::Context::park_internal ()\n#3  0x000055555bd96fec in tokio::runtime::scheduler::multi_thread::worker::run ()\n#4  0x000055555bd9506d in tokio::runtime::task::raw::poll ()\n#5  0x000055555bd86b52 in std::sys::backtrace::__rust_begin_short_backtrace ()\n#6  0x000055555bd89aea in core::ops::function::FnOnce::call_once{{vtable.shim}} ()\n#7  0x000055555bd7502a in std::sys::thread::unix::Thread::new::thread_start ()\n(More stack frames follow...)\n"
~"\nThread 23 (Thread 0x7ffff4faa6c0 (LWP 2268731) \"tokio-rt-worker\"):\n"
~"#0  syscall () at ../sysdeps/unix/sysv/linux/x86_64/syscall.S:38\n#1  0x000055555afdfe39 in parking_lot::condvar::Condvar::wait_until_internal ()\n#2  0x000055555bd97d50 in tokio::runtime::scheduler::multi_thread::worker::Context::park_internal ()\n#3  0x000055555bd96fec in tokio::runtime::scheduler::multi_thread::worker::run ()\n#4  0x000055555bd9506d in tokio::runtime::task::raw::poll ()\n#5  0x000055555bd86b52 in std::sys::backtrace::__rust_begin_short_backtrace ()\n#6  0x000055555bd89aea in core::ops::function::FnOnce::call_once{{vtable.shim}} ()\n#7  0x000055555bd7502a in std::sys::thread::unix::Thread::new::thread_start ()\n(More stack frames follow...)\n"
~"\nThread 22 (Thread 0x7ffff51ab6c0 (LWP 2268730) \"tokio-rt-worker\"):\n"
~"#0  syscall () at ../sysdeps/unix/sysv/linux/x86_64/syscall.S:38\n#1  0x000055555afdfe39 in parking_lot::condvar::Condvar::wait_until_internal ()\n#2  0x000055555bd97d50 in tokio::runtime::scheduler::multi_thread::worker::Context::park_internal ()\n#3  0x000055555bd96fec in tokio::runtime::scheduler::multi_thread::worker::run ()\n#4  0x000055555bd9506d in tokio::runtime::task::raw::poll ()\n#5  0x000055555bd86b52 in std::sys::backtrace::__rust_begin_short_backtrace ()\n#6  0x000055555bd89aea in core::ops::function::FnOnce::call_once{{vtable.shim}} ()\n#7  0x000055555bd7502a in std::sys::thread::unix::Thread::new::thread_start ()\n(More stack frames follow...)\n"
~"\nThread 21 (Thread 0x7ffff53ac6c0 (LWP 2268729) \"tokio-rt-worker\"):\n"
~"#0  syscall () at ../sysdeps/unix/sysv/linux/x86_64/syscall.S:38\n#1  0x000055555afdfe39 in parking_lot::condvar::Condvar::wait_until_internal ()\n#2  0x000055555bd97d50 in tokio::runtime::scheduler::multi_thread::worker::Context::park_internal ()\n#3  0x000055555bd96fec in tokio::runtime::scheduler::multi_thread::worker::run ()\n#4  0x000055555bd9506d in tokio::runtime::task::raw::poll ()\n#5  0x000055555bd86b52 in std::sys::backtrace::__rust_begin_short_backtrace ()\n#6  0x000055555bd89aea in core::ops::function::FnOnce::call_once{{vtable.shim}} ()\n#7  0x000055555bd7502a in std::sys::thread::unix::Thread::new::thread_start ()\n(More stack frames follow...)\n"
~"\nThread 20 (Thread 0x7ffff55ad6c0 (LWP 2268728) \"tokio-rt-worker\"):\n"
~"#0  syscall () at ../sysdeps/unix/sysv/linux/x86_64/syscall.S:38\n#1  0x000055555afdfe39 in parking_lot::condvar::Condvar::wait_until_internal ()\n#2  0x000055555bd97d50 in tokio::runtime::scheduler::multi_thread::worker::Context::park_internal ()\n#3  0x000055555bd96fec in tokio::runtime::scheduler::multi_thread::worker::run ()\n#4  0x000055555bd9506d in tokio::runtime::task::raw::poll ()\n#5  0x000055555bd86b52 in std::sys::backtrace::__rust_begin_short_backtrace ()\n#6  0x000055555bd89aea in core::ops::function::FnOnce::call_once{{vtable.shim}} ()\n#7  0x000055555bd7502a in std::sys::thread::unix::Thread::new::thread_start ()\n(More stack frames follow...)\n"
~"\nThread 19 (Thread 0x7ffff57ae6c0 (LWP 2268727) \"tokio-rt-worker\"):\n"
~"#0  syscall () at ../sysdeps/unix/sysv/linux/x86_64/syscall.S:38\n#1  0x000055555afdfe39 in parking_lot::condvar::Condvar::wait_until_internal ()\n#2  0x000055555bd97d50 in tokio::runtime::scheduler::multi_thread::worker::Context::park_internal ()\n#3  0x000055555bd96fec in tokio::runtime::scheduler::multi_thread::worker::run ()\n#4  0x000055555bd9506d in tokio::runtime::task::raw::poll ()\n#5  0x000055555bd86b52 in std::sys::backtrace::__rust_begin_short_backtrace ()\n#6  0x000055555bd89aea in core::ops::function::FnOnce::call_once{{vtable.shim}} ()\n#7  0x000055555bd7502a in std::sys::thread::unix::Thread::new::thread_start ()\n(More stack frames follow...)\n"
~"\nThread 18 (Thread 0x7ffff59af6c0 (LWP 2268726) \"tokio-rt-worker\"):\n"
~"#0  0x00007ffff7d2a2d2 in epoll_wait (epfd=3, events=0x36f6e300000, maxevents=1024, timeout=-1) at ../sysdeps/unix/sysv/linux/epoll_wait.c:30\n#1  0x000055555bd994ae in tokio::runtime::io::driver::Driver::turn ()\n#2  0x000055555bd9919d in tokio::runtime::time::Driver::park_internal ()\n#3  0x000055555bd97b94 in tokio::runtime::scheduler::multi_thread::worker::Context::park_internal ()\n#4  0x000055555bd96fec in tokio::runtime::scheduler::multi_thread::worker::run ()\n#5  0x000055555bd9506d in tokio::runtime::task::raw::poll ()\n#6  0x000055555bd86b52 in std::sys::backtrace::__rust_begin_short_backtrace ()\n#7  0x000055555bd89aea in core::ops::function::FnOnce::call_once{{vtable.shim}} ()\n(More stack frames follow...)\n"
~"\nThread 17 (Thread 0x7ffff5bb06c0 (LWP 2268725) \"qe-worker-15\"):\n"
~"#0  syscall () at ../sysdeps/unix/sysv/linux/x86_64/syscall.S:38\n#1  0x000055555ba4c877 in rayon_core::sleep::Sleep::sleep ()\n#2  0x000055555ba4c30b in rayon_core::registry::WorkerThread::wait_until_cold ()\n#3  0x000055555ba4bcd2 in std::sys::backtrace::__rust_begin_short_backtrace ()\n#4  0x000055555ba4ba3c in core::ops::function::FnOnce::call_once{{vtable.shim}} ()\n#5  0x000055555bd7502a in std::sys::thread::unix::Thread::new::thread_start ()\n#6  0x00007ffff7c9cb84 in start_thread (arg=<optimized out>) at ./nptl/pthread_create.c:447\n#7  0x00007ffff7d29ecc in clone3 () at ../sysdeps/unix/sysv/linux/x86_64/clone3.S:78\n"
~"\nThread 16 (Thread 0x7ffff5db16c0 (LWP 2268724) \"qe-worker-14\"):\n"
~"#0  syscall () at ../sysdeps/unix/sysv/linux/x86_64/syscall.S:38\n#1  0x000055555ba4c877 in rayon_core::sleep::Sleep::sleep ()\n#2  0x000055555ba4c30b in rayon_core::registry::WorkerThread::wait_until_cold ()\n#3  0x000055555ba4bcd2 in std::sys::backtrace::__rust_begin_short_backtrace ()\n#4  0x000055555ba4ba3c in core::ops::function::FnOnce::call_once{{vtable.shim}} ()\n#5  0x000055555bd7502a in std::sys::thread::unix::Thread::new::thread_start ()\n#6  0x00007ffff7c9cb84 in start_thread (arg=<optimized out>) at ./nptl/pthread_create.c:447\n#7  0x00007ffff7d29ecc in clone3 () at ../sysdeps/unix/sysv/linux/x86_64/clone3.S:78\n"
~"\nThread 15 (Thread 0x7ffff5fb26c0 (LWP 2268723) \"qe-worker-13\"):\n"
~"#0  syscall () at ../sysdeps/unix/sysv/linux/x86_64/syscall.S:38\n#1  0x000055555ba4c877 in rayon_core::sleep::Sleep::sleep ()\n#2  0x000055555ba4c30b in rayon_core::registry::WorkerThread::wait_until_cold ()\n#3  0x000055555ba4bcd2 in std::sys::backtrace::__rust_begin_short_backtrace ()\n#4  0x000055555ba4ba3c in core::ops::function::FnOnce::call_once{{vtable.shim}} ()\n#5  0x000055555bd7502a in std::sys::thread::unix::Thread::new::thread_start ()\n#6  0x00007ffff7c9cb84 in start_thread (arg=<optimized out>) at ./nptl/pthread_create.c:447\n#7  0x00007ffff7d29ecc in clone3 () at ../sysdeps/unix/sysv/linux/x86_64/clone3.S:78\n"
~"\nThread 14 (Thread 0x7ffff61b36c0 (LWP 2268722) \"qe-worker-12\"):\n"
~"#0  syscall () at ../sysdeps/unix/sysv/linux/x86_64/syscall.S:38\n#1  0x000055555ba4c877 in rayon_core::sleep::Sleep::sleep ()\n#2  0x000055555ba4c30b in rayon_core::registry::WorkerThread::wait_until_cold ()\n#3  0x000055555ba4bcd2 in std::sys::backtrace::__rust_begin_short_backtrace ()\n#4  0x000055555ba4ba3c in core::ops::function::FnOnce::call_once{{vtable.shim}} ()\n#5  0x000055555bd7502a in std::sys::thread::unix::Thread::new::thread_start ()\n#6  0x00007ffff7c9cb84 in start_thread (arg=<optimized out>) at ./nptl/pthread_create.c:447\n#7  0x00007ffff7d29ecc in clone3 () at ../sysdeps/unix/sysv/linux/x86_64/clone3.S:78\n"
~"\nThread 13 (Thread 0x7ffff63b46c0 (LWP 2268721) \"qe-worker-11\"):\n"
~"#0  syscall () at ../sysdeps/unix/sysv/linux/x86_64/syscall.S:38\n#1  0x000055555ba4c877 in rayon_core::sleep::Sleep::sleep ()\n#2  0x000055555ba4c30b in rayon_core::registry::WorkerThread::wait_until_cold ()\n#3  0x000055555ba4bcd2 in std::sys::backtrace::__rust_begin_short_backtrace ()\n#4  0x000055555ba4ba3c in core::ops::function::FnOnce::call_once{{vtable.shim}} ()\n#5  0x000055555bd7502a in std::sys::thread::unix::Thread::new::thread_start ()\n#6  0x00007ffff7c9cb84 in start_thread (arg=<optimized out>) at ./nptl/pthread_create.c:447\n#7  0x00007ffff7d29ecc in clone3 () at ../sysdeps/unix/sysv/linux/x86_64/clone3.S:78\n"
~"\nThread 12 (Thread 0x7ffff65b56c0 (LWP 2268720) \"qe-worker-10\"):\n"
~"#0  syscall () at ../sysdeps/unix/sysv/linux/x86_64/syscall.S:38\n#1  0x000055555ba4c877 in rayon_core::sleep::Sleep::sleep ()\n#2  0x000055555ba4c30b in rayon_core::registry::WorkerThread::wait_until_cold ()\n#3  0x000055555ba4bcd2 in std::sys::backtrace::__rust_begin_short_backtrace ()\n#4  0x000055555ba4ba3c in core::ops::function::FnOnce::call_once{{vtable.shim}} ()\n#5  0x000055555bd7502a in std::sys::thread::unix::Thread::new::thread_start ()\n#6  0x00007ffff7c9cb84 in start_thread (arg=<optimized out>) at ./nptl/pthread_create.c:447\n#7  0x00007ffff7d29ecc in clone3 () at ../sysdeps/unix/sysv/linux/x86_64/clone3.S:78\n"
~"\nThread 11 (Thread 0x7ffff67b66c0 (LWP 2268719) \"qe-worker-9\"):\n"
~"#0  syscall () at ../sysdeps/unix/sysv/linux/x86_64/syscall.S:38\n#1  0x000055555ba4c877 in rayon_core::sleep::Sleep::sleep ()\n#2  0x000055555ba4c30b in rayon_core::registry::WorkerThread::wait_until_cold ()\n#3  0x000055555ba4bcd2 in std::sys::backtrace::__rust_begin_short_backtrace ()\n#4  0x000055555ba4ba3c in core::ops::function::FnOnce::call_once{{vtable.shim}} ()\n#5  0x000055555bd7502a in std::sys::thread::unix::Thread::new::thread_start ()\n#6  0x00007ffff7c9cb84 in start_thread (arg=<optimized out>) at ./nptl/pthread_create.c:447\n#7  0x00007ffff7d29ecc in clone3 () at ../sysdeps/unix/sysv/linux/x86_64/clone3.S:78\n"
~"\nThread 10 (Thread 0x7ffff69b76c0 (LWP 2268718) \"qe-worker-8\"):\n"
~"#0  syscall () at ../sysdeps/unix/sysv/linux/x86_64/syscall.S:38\n#1  0x000055555ba4c877 in rayon_core::sleep::Sleep::sleep ()\n#2  0x000055555ba4c30b in rayon_core::registry::WorkerThread::wait_until_cold ()\n#3  0x000055555ba4bcd2 in std::sys::backtrace::__rust_begin_short_backtrace ()\n#4  0x000055555ba4ba3c in core::ops::function::FnOnce::call_once{{vtable.shim}} ()\n#5  0x000055555bd7502a in std::sys::thread::unix::Thread::new::thread_start ()\n#6  0x00007ffff7c9cb84 in start_thread (arg=<optimized out>) at ./nptl/pthread_create.c:447\n#7  0x00007ffff7d29ecc in clone3 () at ../sysdeps/unix/sysv/linux/x86_64/clone3.S:78\n"
~"\nThread 9 (Thread 0x7ffff6bb86c0 (LWP 2268717) \"qe-worker-7\"):\n"
~"#0  syscall () at ../sysdeps/unix/sysv/linux/x86_64/syscall.S:38\n#1  0x000055555ba4c877 in rayon_core::sleep::Sleep::sleep ()\n#2  0x000055555ba4c30b in rayon_core::registry::WorkerThread::wait_until_cold ()\n#3  0x000055555ba4bcd2 in std::sys::backtrace::__rust_begin_short_backtrace ()\n#4  0x000055555ba4ba3c in core::ops::function::FnOnce::call_once{{vtable.shim}} ()\n#5  0x000055555bd7502a in std::sys::thread::unix::Thread::new::thread_start ()\n#6  0x00007ffff7c9cb84 in start_thread (arg=<optimized out>) at ./nptl/pthread_create.c:447\n#7  0x00007ffff7d29ecc in clone3 () at ../sysdeps/unix/sysv/linux/x86_64/clone3.S:78\n"
~"\nThread 8 (Thread 0x7ffff6db96c0 (LWP 2268716) \"qe-worker-6\"):\n"
~"#0  syscall () at ../sysdeps/unix/sysv/linux/x86_64/syscall.S:38\n#1  0x000055555ba4c877 in rayon_core::sleep::Sleep::sleep ()\n#2  0x000055555ba4c30b in rayon_core::registry::WorkerThread::wait_until_cold ()\n#3  0x000055555ba4bcd2 in std::sys::backtrace::__rust_begin_short_backtrace ()\n#4  0x000055555ba4ba3c in core::ops::function::FnOnce::call_once{{vtable.shim}} ()\n#5  0x000055555bd7502a in std::sys::thread::unix::Thread::new::thread_start ()\n#6  0x00007ffff7c9cb84 in start_thread (arg=<optimized out>) at ./nptl/pthread_create.c:447\n#7  0x00007ffff7d29ecc in clone3 () at ../sysdeps/unix/sysv/linux/x86_64/clone3.S:78\n"
~"\nThread 7 (Thread 0x7ffff6fba6c0 (LWP 2268715) \"qe-worker-5\"):\n"
~"#0  syscall () at ../sysdeps/unix/sysv/linux/x86_64/syscall.S:38\n#1  0x000055555ba4c877 in rayon_core::sleep::Sleep::sleep ()\n#2  0x000055555ba4c30b in rayon_core::registry::WorkerThread::wait_until_cold ()\n#3  0x000055555ba4bcd2 in std::sys::backtrace::__rust_begin_short_backtrace ()\n#4  0x000055555ba4ba3c in core::ops::function::FnOnce::call_once{{vtable.shim}} ()\n#5  0x000055555bd7502a in std::sys::thread::unix::Thread::new::thread_start ()\n#6  0x00007ffff7c9cb84 in start_thread (arg=<optimized out>) at ./nptl/pthread_create.c:447\n#7  0x00007ffff7d29ecc in clone3 () at ../sysdeps/unix/sysv/linux/x86_64/clone3.S:78\n"
~"\nThread 6 (Thread 0x7ffff71bb6c0 (LWP 2268714) \"qe-worker-4\"):\n"
~"#0  0x000055555ba4c05e in rayon_core::registry::WorkerThread::wait_until_cold ()\n#1  0x000055555ba4bcd2 in std::sys::backtrace::__rust_begin_short_backtrace ()\n#2  0x000055555ba4ba3c in core::ops::function::FnOnce::call_once{{vtable.shim}} ()\n#3  0x000055555bd7502a in std::sys::thread::unix::Thread::new::thread_start ()\n#4  0x00007ffff7c9cb84 in start_thread (arg=<optimized out>) at ./nptl/pthread_create.c:447\n#5  0x00007ffff7d29ecc in clone3 () at ../sysdeps/unix/sysv/linux/x86_64/clone3.S:78\n"
~"\nThread 5 (Thread 0x7ffff73bc6c0 (LWP 2268713) \"qe-worker-3\"):\n"
~"#0  0x00007ffff7d0e90b in __GI_sched_yield () at ../sysdeps/unix/syscall-template.S:120\n#1  0x000055555ba4bef3 in rayon_core::registry::WorkerThread::wait_until_cold ()\n#2  0x000055555ba4bcd2 in std::sys::backtrace::__rust_begin_short_backtrace ()\n#3  0x000055555ba4ba3c in core::ops::function::FnOnce::call_once{{vtable.shim}} ()\n#4  0x000055555bd7502a in std::sys::thread::unix::Thread::new::thread_start ()\n#5  0x00007ffff7c9cb84 in start_thread (arg=<optimized out>) at ./nptl/pthread_create.c:447\n#6  0x00007ffff7d29ecc in clone3 () at ../sysdeps/unix/sysv/linux/x86_64/clone3.S:78\n"
~"\nThread 4 (Thread 0x7ffff75bd6c0 (LWP 2268712) \"qe-worker-2\"):\n"
~"#0  0x00007ffff7d0e90b in __GI_sched_yield () at ../sysdeps/unix/syscall-template.S:120\n#1  0x000055555ba4bef3 in rayon_core::registry::WorkerThread::wait_until_cold ()\n#2  0x000055555ba4bcd2 in std::sys::backtrace::__rust_begin_short_backtrace ()\n#3  0x000055555ba4ba3c in core::ops::function::FnOnce::call_once{{vtable.shim}} ()\n#4  0x000055555bd7502a in std::sys::thread::unix::Thread::new::thread_start ()\n#5  0x00007ffff7c9cb84 in start_thread (arg=<optimized out>) at ./nptl/pthread_create.c:447\n#6  0x00007ffff7d29ecc in clone3 () at ../sysdeps/unix/sysv/linux/x86_64/clone3.S:78\n"
~"\nThread 3 (Thread 0x7ffff77be6c0 (LWP 2268711) \"qe-worker-1\"):\n"
~"#0  syscall () at ../sysdeps/unix/sysv/linux/x86_64/syscall.S:38\n#1  0x000055555ba4c877 in rayon_core::sleep::Sleep::sleep ()\n#2  0x000055555ba4c30b in rayon_core::registry::WorkerThread::wait_until_cold ()\n#3  0x000055555ba4bcd2 in std::sys::backtrace::__rust_begin_short_backtrace ()\n#4  0x000055555ba4ba3c in core::ops::function::FnOnce::call_once{{vtable.shim}} ()\n#5  0x000055555bd7502a in std::sys::thread::unix::Thread::new::thread_start ()\n#6  0x00007ffff7c9cb84 in start_thread (arg=<optimized out>) at ./nptl/pthread_create.c:447\n#7  0x00007ffff7d29ecc in clone3 () at ../sysdeps/unix/sysv/linux/x86_64/clone3.S:78\n"
~"\nThread 2 (Thread 0x7ffff79bf6c0 (LWP 2268710) \"qe-worker-0\"):\n"
~"#0  0x00007ffff7d0e90b in __GI_sched_yield () at ../sysdeps/unix/syscall-template.S:120\n#1  0x000055555ba4bef3 in rayon_core::registry::WorkerThread::wait_until_cold ()\n#2  0x000055555b531cf8 in rayon_core::join::join_context::{{closure}} ()\n#3  0x000055555b53244e in <rayon_core::job::StackJob<L,F,R> as rayon_core::job::Job>::execute ()\n#4  0x000055555ba4c3c4 in rayon_core::registry::WorkerThread::wait_until_cold ()\n#5  0x000055555ba4bcd2 in std::sys::backtrace::__rust_begin_short_backtrace ()\n#6  0x000055555ba4ba3c in core::ops::function::FnOnce::call_once{{vtable.shim}} ()\n#7  0x000055555bd7502a in std::sys::thread::unix::Thread::new::thread_start ()\n(More stack frames follow...)\n"
~"\nThread 1 (Thread 0x7ffff7e8d100 (LWP 2268699) \"serial_frontier\"):\n"
~"#0  syscall () at ../sysdeps/unix/sysv/linux/x86_64/syscall.S:38\n#1  0x000055555ba4d835 in rayon_core::latch::LockLatch::wait_and_reset ()\n#2  0x000055555b531e43 in rayon_core::registry::Registry::in_worker_cold ()\n#3  0x000055555b523e4e in rayon::iter::plumbing::bridge_producer_consumer::helper ()\n#4  0x000055555b4a1e2a in query_engine::physical::morsel_agg::live_spill::execute::{{closure}} ()\n#5  0x000055555b4930c1 in <query_engine::physical::operators::spillable::SpillableHashAggregateExec as query_engine::physical::plan::PhysicalOperator>::execute::{{closure}} ()\n#6  0x000055555b632182 in <query_engine::physical::operators::project::ProjectExec as query_engine::physical::plan::PhysicalOperator>::execute::{{closure}} ()\n#7  0x000055555b4a7680 in query_engine::physical::operators::spillable::stream_merge_input_partitions::{{closure}} ()\n(More stack frames follow...)\n"
89^done
(gdb) 
90^running
*running,thread-id="all"
(gdb) 
91^done
(gdb) 
~"\nThread "
~"1 \"serial_frontier\" received signal SIGINT, Interrupt.\n"
~"0x000055555b530f06 in query_engine::physical::morsel_agg::prepared_keys::PreparedKeys::key ()\n"
*stopped,reason="signal-received",signal-name="SIGINT",signal-meaning="Interrupt",frame={addr="0x000055555b530f06",func="query_engine::physical::morsel_agg::prepared_keys::PreparedKeys::key",args=[],arch="i386:x86-64"},thread-id="1",stopped-threads="all",core="15"
~"\nThread 34 (Thread 0x7fff877fb6c0 (LWP 2268742) \"tokio-rt-worker\"):\n"
~"#0  syscall () at ../sysdeps/unix/sysv/linux/x86_64/syscall.S:38\n#1  0x000055555afdfe97 in parking_lot::condvar::Condvar::wait_until_internal ()\n#2  0x000055555bd86bfa in std::sys::backtrace::__rust_begin_short_backtrace ()\n#3  0x000055555bd89aea in core::ops::function::FnOnce::call_once{{vtable.shim}} ()\n#4  0x000055555bd7502a in std::sys::thread::unix::Thread::new::thread_start ()\n#5  0x00007ffff7c9cb84 in start_thread (arg=<optimized out>) at ./nptl/pthread_create.c:447\n#6  0x00007ffff7d29ecc in clone3 () at ../sysdeps/unix/sysv/linux/x86_64/clone3.S:78\n"
~"\nThread 33 (Thread 0x7fff879fc6c0 (LWP 2268741) \"tokio-rt-worker\"):\n"
~"#0  syscall () at ../sysdeps/unix/sysv/linux/x86_64/syscall.S:38\n#1  0x000055555afdfe39 in parking_lot::condvar::Condvar::wait_until_internal ()\n#2  0x000055555bd97d50 in tokio::runtime::scheduler::multi_thread::worker::Context::park_internal ()\n#3  0x000055555bd96fec in tokio::runtime::scheduler::multi_thread::worker::run ()\n#4  0x000055555bd9506d in tokio::runtime::task::raw::poll ()\n#5  0x000055555bd86b52 in std::sys::backtrace::__rust_begin_short_backtrace ()\n#6  0x000055555bd89aea in core::ops::function::FnOnce::call_once{{vtable.shim}} ()\n#7  0x000055555bd7502a in std::sys::thread::unix::Thread::new::thread_start ()\n(More stack frames follow...)\n"
~"\nThread 32 (Thread 0x7fff87bfd6c0 (LWP 2268740) \"tokio-rt-worker\"):\n"
~"#0  syscall () at ../sysdeps/unix/sysv/linux/x86_64/syscall.S:38\n#1  0x000055555afdfe39 in parking_lot::condvar::Condvar::wait_until_internal ()\n#2  0x000055555bd97d50 in tokio::runtime::scheduler::multi_thread::worker::Context::park_internal ()\n#3  0x000055555bd96fec in tokio::runtime::scheduler::multi_thread::worker::run ()\n#4  0x000055555bd9506d in tokio::runtime::task::raw::poll ()\n#5  0x000055555bd86b52 in std::sys::backtrace::__rust_begin_short_backtrace ()\n#6  0x000055555bd89aea in core::ops::function::FnOnce::call_once{{vtable.shim}} ()\n#7  0x000055555bd7502a in std::sys::thread::unix::Thread::new::thread_start ()\n(More stack frames follow...)\n"
~"\nThread 31 (Thread 0x7fff87dfe6c0 (LWP 2268739) \"tokio-rt-worker\"):\n"
~"#0  syscall () at ../sysdeps/unix/sysv/linux/x86_64/syscall.S:38\n#1  0x000055555afdfe39 in parking_lot::condvar::Condvar::wait_until_internal ()\n#2  0x000055555bd97d50 in tokio::runtime::scheduler::multi_thread::worker::Context::park_internal ()\n#3  0x000055555bd96fec in tokio::runtime::scheduler::multi_thread::worker::run ()\n#4  0x000055555bd9506d in tokio::runtime::task::raw::poll ()\n#5  0x000055555bd86b52 in std::sys::backtrace::__rust_begin_short_backtrace ()\n#6  0x000055555bd89aea in core::ops::function::FnOnce::call_once{{vtable.shim}} ()\n#7  0x000055555bd7502a in std::sys::thread::unix::Thread::new::thread_start ()\n(More stack frames follow...)\n"
~"\nThread 30 (Thread 0x7fff87fff6c0 (LWP 2268738) \"tokio-rt-worker\"):\n"
~"#0  syscall () at ../sysdeps/unix/sysv/linux/x86_64/syscall.S:38\n#1  0x000055555afdfe39 in parking_lot::condvar::Condvar::wait_until_internal ()\n#2  0x000055555bd97d50 in tokio::runtime::scheduler::multi_thread::worker::Context::park_internal ()\n#3  0x000055555bd96fec in tokio::runtime::scheduler::multi_thread::worker::run ()\n#4  0x000055555bd9506d in tokio::runtime::task::raw::poll ()\n#5  0x000055555bd86b52 in std::sys::backtrace::__rust_begin_short_backtrace ()\n#6  0x000055555bd89aea in core::ops::function::FnOnce::call_once{{vtable.shim}} ()\n#7  0x000055555bd7502a in std::sys::thread::unix::Thread::new::thread_start ()\n(More stack frames follow...)\n"
~"\nThread 29 (Thread 0x7ffff43a46c0 (LWP 2268737) \"tokio-rt-worker\"):\n"
~"#0  syscall () at ../sysdeps/unix/sysv/linux/x86_64/syscall.S:38\n#1  0x000055555afdfe39 in parking_lot::condvar::Condvar::wait_until_internal ()\n#2  0x000055555bd97d50 in tokio::runtime::scheduler::multi_thread::worker::Context::park_internal ()\n#3  0x000055555bd96fec in tokio::runtime::scheduler::multi_thread::worker::run ()\n#4  0x000055555bd9506d in tokio::runtime::task::raw::poll ()\n#5  0x000055555bd86b52 in std::sys::backtrace::__rust_begin_short_backtrace ()\n#6  0x000055555bd89aea in core::ops::function::FnOnce::call_once{{vtable.shim}} ()\n#7  0x000055555bd7502a in std::sys::thread::unix::Thread::new::thread_start ()\n(More stack frames follow...)\n"
~"\nThread 28 (Thread 0x7ffff45a56c0 (LWP 2268736) \"tokio-rt-worker\"):\n"
~"#0  syscall () at ../sysdeps/unix/sysv/linux/x86_64/syscall.S:38\n#1  0x000055555afdfe39 in parking_lot::condvar::Condvar::wait_until_internal ()\n#2  0x000055555bd97d50 in tokio::runtime::scheduler::multi_thread::worker::Context::park_internal ()\n#3  0x000055555bd96fec in tokio::runtime::scheduler::multi_thread::worker::run ()\n#4  0x000055555bd9506d in tokio::runtime::task::raw::poll ()\n#5  0x000055555bd86b52 in std::sys::backtrace::__rust_begin_short_backtrace ()\n#6  0x000055555bd89aea in core::ops::function::FnOnce::call_once{{vtable.shim}} ()\n#7  0x000055555bd7502a in std::sys::thread::unix::Thread::new::thread_start ()\n(More stack frames follow...)\n"
~"\nThread 27 (Thread 0x7ffff47a66c0 (LWP 2268735) \"tokio-rt-worker\"):\n"
~"#0  syscall () at ../sysdeps/unix/sysv/linux/x86_64/syscall.S:38\n#1  0x000055555afdfe39 in parking_lot::condvar::Condvar::wait_until_internal ()\n#2  0x000055555bd97d50 in tokio::runtime::scheduler::multi_thread::worker::Context::park_internal ()\n#3  0x000055555bd96fec in tokio::runtime::scheduler::multi_thread::worker::run ()\n#4  0x000055555bd9506d in tokio::runtime::task::raw::poll ()\n#5  0x000055555bd86b52 in std::sys::backtrace::__rust_begin_short_backtrace ()\n#6  0x000055555bd89aea in core::ops::function::FnOnce::call_once{{vtable.shim}} ()\n#7  0x000055555bd7502a in std::sys::thread::unix::Thread::new::thread_start ()\n(More stack frames follow...)\n"
~"\nThread 26 (Thread 0x7ffff49a76c0 (LWP 2268734) \"tokio-rt-worker\"):\n"
~"#0  syscall () at ../sysdeps/unix/sysv/linux/x86_64/syscall.S:38\n#1  0x000055555afdfe39 in parking_lot::condvar::Condvar::wait_until_internal ()\n#2  0x000055555bd97d50 in tokio::runtime::scheduler::multi_thread::worker::Context::park_internal ()\n#3  0x000055555bd96fec in tokio::runtime::scheduler::multi_thread::worker::run ()\n#4  0x000055555bd9506d in tokio::runtime::task::raw::poll ()\n#5  0x000055555bd86b52 in std::sys::backtrace::__rust_begin_short_backtrace ()\n#6  0x000055555bd89aea in core::ops::function::FnOnce::call_once{{vtable.shim}} ()\n#7  0x000055555bd7502a in std::sys::thread::unix::Thread::new::thread_start ()\n(More stack frames follow...)\n"
~"\nThread 25 (Thread 0x7ffff4ba86c0 (LWP 2268733) \"tokio-rt-worker\"):\n"
~"#0  syscall () at ../sysdeps/unix/sysv/linux/x86_64/syscall.S:38\n#1  0x000055555afdfe39 in parking_lot::condvar::Condvar::wait_until_internal ()\n#2  0x000055555bd97d50 in tokio::runtime::scheduler::multi_thread::worker::Context::park_internal ()\n#3  0x000055555bd96fec in tokio::runtime::scheduler::multi_thread::worker::run ()\n#4  0x000055555bd9506d in tokio::runtime::task::raw::poll ()\n#5  0x000055555bd86b52 in std::sys::backtrace::__rust_begin_short_backtrace ()\n#6  0x000055555bd89aea in core::ops::function::FnOnce::call_once{{vtable.shim}} ()\n#7  0x000055555bd7502a in std::sys::thread::unix::Thread::new::thread_start ()\n(More stack frames follow...)\n"
~"\nThread 24 (Thread 0x7ffff4da96c0 (LWP 2268732) \"tokio-rt-worker\"):\n"
~"#0  syscall () at ../sysdeps/unix/sysv/linux/x86_64/syscall.S:38\n#1  0x000055555afdfe39 in parking_lot::condvar::Condvar::wait_until_internal ()\n#2  0x000055555bd97d50 in tokio::runtime::scheduler::multi_thread::worker::Context::park_internal ()\n#3  0x000055555bd96fec in tokio::runtime::scheduler::multi_thread::worker::run ()\n#4  0x000055555bd9506d in tokio::runtime::task::raw::poll ()\n#5  0x000055555bd86b52 in std::sys::backtrace::__rust_begin_short_backtrace ()\n#6  0x000055555bd89aea in core::ops::function::FnOnce::call_once{{vtable.shim}} ()\n#7  0x000055555bd7502a in std::sys::thread::unix::Thread::new::thread_start ()\n(More stack frames follow...)\n"
~"\nThread 23 (Thread 0x7ffff4faa6c0 (LWP 2268731) \"tokio-rt-worker\"):\n"
~"#0  syscall () at ../sysdeps/unix/sysv/linux/x86_64/syscall.S:38\n#1  0x000055555afdfe39 in parking_lot::condvar::Condvar::wait_until_internal ()\n#2  0x000055555bd97d50 in tokio::runtime::scheduler::multi_thread::worker::Context::park_internal ()\n#3  0x000055555bd96fec in tokio::runtime::scheduler::multi_thread::worker::run ()\n#4  0x000055555bd9506d in tokio::runtime::task::raw::poll ()\n#5  0x000055555bd86b52 in std::sys::backtrace::__rust_begin_short_backtrace ()\n#6  0x000055555bd89aea in core::ops::function::FnOnce::call_once{{vtable.shim}} ()\n#7  0x000055555bd7502a in std::sys::thread::unix::Thread::new::thread_start ()\n(More stack frames follow...)\n"
~"\nThread 22 (Thread 0x7ffff51ab6c0 (LWP 2268730) \"tokio-rt-worker\"):\n"
~"#0  syscall () at ../sysdeps/unix/sysv/linux/x86_64/syscall.S:38\n#1  0x000055555afdfe39 in parking_lot::condvar::Condvar::wait_until_internal ()\n#2  0x000055555bd97d50 in tokio::runtime::scheduler::multi_thread::worker::Context::park_internal ()\n#3  0x000055555bd96fec in tokio::runtime::scheduler::multi_thread::worker::run ()\n#4  0x000055555bd9506d in tokio::runtime::task::raw::poll ()\n#5  0x000055555bd86b52 in std::sys::backtrace::__rust_begin_short_backtrace ()\n#6  0x000055555bd89aea in core::ops::function::FnOnce::call_once{{vtable.shim}} ()\n#7  0x000055555bd7502a in std::sys::thread::unix::Thread::new::thread_start ()\n(More stack frames follow...)\n"
~"\nThread 21 (Thread 0x7ffff53ac6c0 (LWP 2268729) \"tokio-rt-worker\"):\n"
~"#0  syscall () at ../sysdeps/unix/sysv/linux/x86_64/syscall.S:38\n#1  0x000055555afdfe39 in parking_lot::condvar::Condvar::wait_until_internal ()\n#2  0x000055555bd97d50 in tokio::runtime::scheduler::multi_thread::worker::Context::park_internal ()\n#3  0x000055555bd96fec in tokio::runtime::scheduler::multi_thread::worker::run ()\n#4  0x000055555bd9506d in tokio::runtime::task::raw::poll ()\n#5  0x000055555bd86b52 in std::sys::backtrace::__rust_begin_short_backtrace ()\n#6  0x000055555bd89aea in core::ops::function::FnOnce::call_once{{vtable.shim}} ()\n#7  0x000055555bd7502a in std::sys::thread::unix::Thread::new::thread_start ()\n(More stack frames follow...)\n"
~"\nThread 20 (Thread 0x7ffff55ad6c0 (LWP 2268728) \"tokio-rt-worker\"):\n"
~"#0  syscall () at ../sysdeps/unix/sysv/linux/x86_64/syscall.S:38\n#1  0x000055555afdfe39 in parking_lot::condvar::Condvar::wait_until_internal ()\n#2  0x000055555bd97d50 in tokio::runtime::scheduler::multi_thread::worker::Context::park_internal ()\n#3  0x000055555bd96fec in tokio::runtime::scheduler::multi_thread::worker::run ()\n#4  0x000055555bd9506d in tokio::runtime::task::raw::poll ()\n#5  0x000055555bd86b52 in std::sys::backtrace::__rust_begin_short_backtrace ()\n#6  0x000055555bd89aea in core::ops::function::FnOnce::call_once{{vtable.shim}} ()\n#7  0x000055555bd7502a in std::sys::thread::unix::Thread::new::thread_start ()\n(More stack frames follow...)\n"
~"\nThread 19 (Thread 0x7ffff57ae6c0 (LWP 2268727) \"tokio-rt-worker\"):\n"
~"#0  syscall () at ../sysdeps/unix/sysv/linux/x86_64/syscall.S:38\n#1  0x000055555afdfe39 in parking_lot::condvar::Condvar::wait_until_internal ()\n#2  0x000055555bd97d50 in tokio::runtime::scheduler::multi_thread::worker::Context::park_internal ()\n#3  0x000055555bd96fec in tokio::runtime::scheduler::multi_thread::worker::run ()\n#4  0x000055555bd9506d in tokio::runtime::task::raw::poll ()\n#5  0x000055555bd86b52 in std::sys::backtrace::__rust_begin_short_backtrace ()\n#6  0x000055555bd89aea in core::ops::function::FnOnce::call_once{{vtable.shim}} ()\n#7  0x000055555bd7502a in std::sys::thread::unix::Thread::new::thread_start ()\n(More stack frames follow...)\n"
~"\nThread 18 (Thread 0x7ffff59af6c0 (LWP 2268726) \"tokio-rt-worker\"):\n"
~"#0  0x00007ffff7d2a2d2 in epoll_wait (epfd=3, events=0x36f6e300000, maxevents=1024, timeout=-1) at ../sysdeps/unix/sysv/linux/epoll_wait.c:30\n#1  0x000055555bd994ae in tokio::runtime::io::driver::Driver::turn ()\n#2  0x000055555bd9919d in tokio::runtime::time::Driver::park_internal ()\n#3  0x000055555bd97b94 in tokio::runtime::scheduler::multi_thread::worker::Context::park_internal ()\n#4  0x000055555bd96fec in tokio::runtime::scheduler::multi_thread::worker::run ()\n#5  0x000055555bd9506d in tokio::runtime::task::raw::poll ()\n#6  0x000055555bd86b52 in std::sys::backtrace::__rust_begin_short_backtrace ()\n#7  0x000055555bd89aea in core::ops::function::FnOnce::call_once{{vtable.shim}} ()\n(More stack frames follow...)\n"
~"\nThread 17 (Thread 0x7ffff5bb06c0 (LWP 2268725) \"qe-worker-15\"):\n"
~"#0  syscall () at ../sysdeps/unix/sysv/linux/x86_64/syscall.S:38\n#1  0x000055555ba4c877 in rayon_core::sleep::Sleep::sleep ()\n#2  0x000055555ba4c30b in rayon_core::registry::WorkerThread::wait_until_cold ()\n#3  0x000055555ba4bcd2 in std::sys::backtrace::__rust_begin_short_backtrace ()\n#4  0x000055555ba4ba3c in core::ops::function::FnOnce::call_once{{vtable.shim}} ()\n#5  0x000055555bd7502a in std::sys::thread::unix::Thread::new::thread_start ()\n#6  0x00007ffff7c9cb84 in start_thread (arg=<optimized out>) at ./nptl/pthread_create.c:447\n#7  0x00007ffff7d29ecc in clone3 () at ../sysdeps/unix/sysv/linux/x86_64/clone3.S:78\n"
~"\nThread 16 (Thread 0x7ffff5db16c0 (LWP 2268724) \"qe-worker-14\"):\n"
~"#0  syscall () at ../sysdeps/unix/sysv/linux/x86_64/syscall.S:38\n#1  0x000055555ba4c877 in rayon_core::sleep::Sleep::sleep ()\n#2  0x000055555ba4c30b in rayon_core::registry::WorkerThread::wait_until_cold ()\n#3  0x000055555ba4bcd2 in std::sys::backtrace::__rust_begin_short_backtrace ()\n#4  0x000055555ba4ba3c in core::ops::function::FnOnce::call_once{{vtable.shim}} ()\n#5  0x000055555bd7502a in std::sys::thread::unix::Thread::new::thread_start ()\n#6  0x00007ffff7c9cb84 in start_thread (arg=<optimized out>) at ./nptl/pthread_create.c:447\n#7  0x00007ffff7d29ecc in clone3 () at ../sysdeps/unix/sysv/linux/x86_64/clone3.S:78\n"
~"\nThread 15 (Thread 0x7ffff5fb26c0 (LWP 2268723) \"qe-worker-13\"):\n"
~"#0  syscall () at ../sysdeps/unix/sysv/linux/x86_64/syscall.S:38\n#1  0x000055555ba4c877 in rayon_core::sleep::Sleep::sleep ()\n#2  0x000055555ba4c30b in rayon_core::registry::WorkerThread::wait_until_cold ()\n#3  0x000055555ba4bcd2 in std::sys::backtrace::__rust_begin_short_backtrace ()\n#4  0x000055555ba4ba3c in core::ops::function::FnOnce::call_once{{vtable.shim}} ()\n#5  0x000055555bd7502a in std::sys::thread::unix::Thread::new::thread_start ()\n#6  0x00007ffff7c9cb84 in start_thread (arg=<optimized out>) at ./nptl/pthread_create.c:447\n#7  0x00007ffff7d29ecc in clone3 () at ../sysdeps/unix/sysv/linux/x86_64/clone3.S:78\n"
~"\nThread 14 (Thread 0x7ffff61b36c0 (LWP 2268722) \"qe-worker-12\"):\n"
~"#0  syscall () at ../sysdeps/unix/sysv/linux/x86_64/syscall.S:38\n#1  0x000055555ba4c877 in rayon_core::sleep::Sleep::sleep ()\n#2  0x000055555ba4c30b in rayon_core::registry::WorkerThread::wait_until_cold ()\n#3  0x000055555ba4bcd2 in std::sys::backtrace::__rust_begin_short_backtrace ()\n#4  0x000055555ba4ba3c in core::ops::function::FnOnce::call_once{{vtable.shim}} ()\n#5  0x000055555bd7502a in std::sys::thread::unix::Thread::new::thread_start ()\n#6  0x00007ffff7c9cb84 in start_thread (arg=<optimized out>) at ./nptl/pthread_create.c:447\n#7  0x00007ffff7d29ecc in clone3 () at ../sysdeps/unix/sysv/linux/x86_64/clone3.S:78\n"
~"\nThread 13 (Thread 0x7ffff63b46c0 (LWP 2268721) \"qe-worker-11\"):\n"
~"#0  syscall () at ../sysdeps/unix/sysv/linux/x86_64/syscall.S:38\n#1  0x000055555ba4c877 in rayon_core::sleep::Sleep::sleep ()\n#2  0x000055555ba4c30b in rayon_core::registry::WorkerThread::wait_until_cold ()\n#3  0x000055555ba4bcd2 in std::sys::backtrace::__rust_begin_short_backtrace ()\n#4  0x000055555ba4ba3c in core::ops::function::FnOnce::call_once{{vtable.shim}} ()\n#5  0x000055555bd7502a in std::sys::thread::unix::Thread::new::thread_start ()\n#6  0x00007ffff7c9cb84 in start_thread (arg=<optimized out>) at ./nptl/pthread_create.c:447\n#7  0x00007ffff7d29ecc in clone3 () at ../sysdeps/unix/sysv/linux/x86_64/clone3.S:78\n"
~"\nThread 12 (Thread 0x7ffff65b56c0 (LWP 2268720) \"qe-worker-10\"):\n"
~"#0  syscall () at ../sysdeps/unix/sysv/linux/x86_64/syscall.S:38\n#1  0x000055555ba4c877 in rayon_core::sleep::Sleep::sleep ()\n#2  0x000055555ba4c30b in rayon_core::registry::WorkerThread::wait_until_cold ()\n#3  0x000055555ba4bcd2 in std::sys::backtrace::__rust_begin_short_backtrace ()\n#4  0x000055555ba4ba3c in core::ops::function::FnOnce::call_once{{vtable.shim}} ()\n#5  0x000055555bd7502a in std::sys::thread::unix::Thread::new::thread_start ()\n#6  0x00007ffff7c9cb84 in start_thread (arg=<optimized out>) at ./nptl/pthread_create.c:447\n#7  0x00007ffff7d29ecc in clone3 () at ../sysdeps/unix/sysv/linux/x86_64/clone3.S:78\n"
~"\nThread 11 (Thread 0x7ffff67b66c0 (LWP 2268719) \"qe-worker-9\"):\n"
~"#0  syscall () at ../sysdeps/unix/sysv/linux/x86_64/syscall.S:38\n#1  0x000055555ba4c877 in rayon_core::sleep::Sleep::sleep ()\n#2  0x000055555ba4c30b in rayon_core::registry::WorkerThread::wait_until_cold ()\n#3  0x000055555ba4bcd2 in std::sys::backtrace::__rust_begin_short_backtrace ()\n#4  0x000055555ba4ba3c in core::ops::function::FnOnce::call_once{{vtable.shim}} ()\n#5  0x000055555bd7502a in std::sys::thread::unix::Thread::new::thread_start ()\n#6  0x00007ffff7c9cb84 in start_thread (arg=<optimized out>) at ./nptl/pthread_create.c:447\n#7  0x00007ffff7d29ecc in clone3 () at ../sysdeps/unix/sysv/linux/x86_64/clone3.S:78\n"
~"\nThread 10 (Thread 0x7ffff69b76c0 (LWP 2268718) \"qe-worker-8\"):\n"
~"#0  syscall () at ../sysdeps/unix/sysv/linux/x86_64/syscall.S:38\n#1  0x000055555ba4c877 in rayon_core::sleep::Sleep::sleep ()\n#2  0x000055555ba4c30b in rayon_core::registry::WorkerThread::wait_until_cold ()\n#3  0x000055555ba4bcd2 in std::sys::backtrace::__rust_begin_short_backtrace ()\n#4  0x000055555ba4ba3c in core::ops::function::FnOnce::call_once{{vtable.shim}} ()\n#5  0x000055555bd7502a in std::sys::thread::unix::Thread::new::thread_start ()\n#6  0x00007ffff7c9cb84 in start_thread (arg=<optimized out>) at ./nptl/pthread_create.c:447\n#7  0x00007ffff7d29ecc in clone3 () at ../sysdeps/unix/sysv/linux/x86_64/clone3.S:78\n"
~"\nThread 9 (Thread 0x7ffff6bb86c0 (LWP 2268717) \"qe-worker-7\"):\n"
~"#0  syscall () at ../sysdeps/unix/sysv/linux/x86_64/syscall.S:38\n#1  0x000055555ba4c877 in rayon_core::sleep::Sleep::sleep ()\n#2  0x000055555ba4c30b in rayon_core::registry::WorkerThread::wait_until_cold ()\n#3  0x000055555ba4bcd2 in std::sys::backtrace::__rust_begin_short_backtrace ()\n#4  0x000055555ba4ba3c in core::ops::function::FnOnce::call_once{{vtable.shim}} ()\n#5  0x000055555bd7502a in std::sys::thread::unix::Thread::new::thread_start ()\n#6  0x00007ffff7c9cb84 in start_thread (arg=<optimized out>) at ./nptl/pthread_create.c:447\n#7  0x00007ffff7d29ecc in clone3 () at ../sysdeps/unix/sysv/linux/x86_64/clone3.S:78\n"
~"\nThread 8 (Thread 0x7ffff6db96c0 (LWP 2268716) \"qe-worker-6\"):\n"
~"#0  syscall () at ../sysdeps/unix/sysv/linux/x86_64/syscall.S:38\n#1  0x000055555ba4c877 in rayon_core::sleep::Sleep::sleep ()\n#2  0x000055555ba4c30b in rayon_core::registry::WorkerThread::wait_until_cold ()\n#3  0x000055555ba4bcd2 in std::sys::backtrace::__rust_begin_short_backtrace ()\n#4  0x000055555ba4ba3c in core::ops::function::FnOnce::call_once{{vtable.shim}} ()\n#5  0x000055555bd7502a in std::sys::thread::unix::Thread::new::thread_start ()\n#6  0x00007ffff7c9cb84 in start_thread (arg=<optimized out>) at ./nptl/pthread_create.c:447\n#7  0x00007ffff7d29ecc in clone3 () at ../sysdeps/unix/sysv/linux/x86_64/clone3.S:78\n"
~"\nThread 7 (Thread 0x7ffff6fba6c0 (LWP 2268715) \"qe-worker-5\"):\n"
~"#0  syscall () at ../sysdeps/unix/sysv/linux/x86_64/syscall.S:38\n#1  0x000055555ba4c877 in rayon_core::sleep::Sleep::sleep ()\n#2  0x000055555ba4c30b in rayon_core::registry::WorkerThread::wait_until_cold ()\n#3  0x000055555ba4bcd2 in std::sys::backtrace::__rust_begin_short_backtrace ()\n#4  0x000055555ba4ba3c in core::ops::function::FnOnce::call_once{{vtable.shim}} ()\n#5  0x000055555bd7502a in std::sys::thread::unix::Thread::new::thread_start ()\n#6  0x00007ffff7c9cb84 in start_thread (arg=<optimized out>) at ./nptl/pthread_create.c:447\n#7  0x00007ffff7d29ecc in clone3 () at ../sysdeps/unix/sysv/linux/x86_64/clone3.S:78\n"
~"\nThread 6 (Thread 0x7ffff71bb6c0 (LWP 2268714) \"qe-worker-4\"):\n"
~"#0  syscall () at ../sysdeps/unix/sysv/linux/x86_64/syscall.S:38\n#1  0x000055555ba4c877 in rayon_core::sleep::Sleep::sleep ()\n#2  0x000055555ba4c30b in rayon_core::registry::WorkerThread::wait_until_cold ()\n#3  0x000055555ba4bcd2 in std::sys::backtrace::__rust_begin_short_backtrace ()\n#4  0x000055555ba4ba3c in core::ops::function::FnOnce::call_once{{vtable.shim}} ()\n#5  0x000055555bd7502a in std::sys::thread::unix::Thread::new::thread_start ()\n#6  0x00007ffff7c9cb84 in start_thread (arg=<optimized out>) at ./nptl/pthread_create.c:447\n#7  0x00007ffff7d29ecc in clone3 () at ../sysdeps/unix/sysv/linux/x86_64/clone3.S:78\n"
~"\nThread 5 (Thread 0x7ffff73bc6c0 (LWP 2268713) \"qe-worker-3\"):\n"
~"#0  syscall () at ../sysdeps/unix/sysv/linux/x86_64/syscall.S:38\n#1  0x000055555ba4c877 in rayon_core::sleep::Sleep::sleep ()\n#2  0x000055555ba4c30b in rayon_core::registry::WorkerThread::wait_until_cold ()\n#3  0x000055555ba4bcd2 in std::sys::backtrace::__rust_begin_short_backtrace ()\n#4  0x000055555ba4ba3c in core::ops::function::FnOnce::call_once{{vtable.shim}} ()\n#5  0x000055555bd7502a in std::sys::thread::unix::Thread::new::thread_start ()\n#6  0x00007ffff7c9cb84 in start_thread (arg=<optimized out>) at ./nptl/pthread_create.c:447\n#7  0x00007ffff7d29ecc in clone3 () at ../sysdeps/unix/sysv/linux/x86_64/clone3.S:78\n"
~"\nThread 4 (Thread 0x7ffff75bd6c0 (LWP 2268712) \"qe-worker-2\"):\n"
~"#0  syscall () at ../sysdeps/unix/sysv/linux/x86_64/syscall.S:38\n#1  0x000055555ba4c877 in rayon_core::sleep::Sleep::sleep ()\n#2  0x000055555ba4c30b in rayon_core::registry::WorkerThread::wait_until_cold ()\n#3  0x000055555ba4bcd2 in std::sys::backtrace::__rust_begin_short_backtrace ()\n#4  0x000055555ba4ba3c in core::ops::function::FnOnce::call_once{{vtable.shim}} ()\n#5  0x000055555bd7502a in std::sys::thread::unix::Thread::new::thread_start ()\n#6  0x00007ffff7c9cb84 in start_thread (arg=<optimized out>) at ./nptl/pthread_create.c:447\n#7  0x00007ffff7d29ecc in clone3 () at ../sysdeps/unix/sysv/linux/x86_64/clone3.S:78\n"
~"\nThread 3 (Thread 0x7ffff77be6c0 (LWP 2268711) \"qe-worker-1\"):\n"
~"#0  syscall () at ../sysdeps/unix/sysv/linux/x86_64/syscall.S:38\n#1  0x000055555ba4c877 in rayon_core::sleep::Sleep::sleep ()\n#2  0x000055555ba4c30b in rayon_core::registry::WorkerThread::wait_until_cold ()\n#3  0x000055555ba4bcd2 in std::sys::backtrace::__rust_begin_short_backtrace ()\n#4  0x000055555ba4ba3c in core::ops::function::FnOnce::call_once{{vtable.shim}} ()\n#5  0x000055555bd7502a in std::sys::thread::unix::Thread::new::thread_start ()\n#6  0x00007ffff7c9cb84 in start_thread (arg=<optimized out>) at ./nptl/pthread_create.c:447\n#7  0x00007ffff7d29ecc in clone3 () at ../sysdeps/unix/sysv/linux/x86_64/clone3.S:78\n"
~"\nThread 2 (Thread 0x7ffff79bf6c0 (LWP 2268710) \"qe-worker-0\"):\n"
~"#0  syscall () at ../sysdeps/unix/sysv/linux/x86_64/syscall.S:38\n#1  0x000055555ba4c877 in rayon_core::sleep::Sleep::sleep ()\n#2  0x000055555ba4c30b in rayon_core::registry::WorkerThread::wait_until_cold ()\n#3  0x000055555ba4bcd2 in std::sys::backtrace::__rust_begin_short_backtrace ()\n#4  0x000055555ba4ba3c in core::ops::function::FnOnce::call_once{{vtable.shim}} ()\n#5  0x000055555bd7502a in std::sys::thread::unix::Thread::new::thread_start ()\n#6  0x00007ffff7c9cb84 in start_thread (arg=<optimized out>) at ./nptl/pthread_create.c:447\n#7  0x00007ffff7d29ecc in clone3 () at ../sysdeps/unix/sysv/linux/x86_64/clone3.S:78\n"
~"\nThread 1 (Thread 0x7ffff7e8d100 (LWP 2268699) \"serial_frontier\"):\n"
~"#0  0x000055555b530f06 in query_engine::physical::morsel_agg::prepared_keys::PreparedKeys::key ()\n#1  0x000055555b52497f in query_engine::physical::morsel_agg::parallel_controllers::ParallelControllers::route ()\n#2  0x000055555b4a2185 in query_engine::physical::morsel_agg::live_spill::execute::{{closure}} ()\n#3  0x000055555b4930c1 in <query_engine::physical::operators::spillable::SpillableHashAggregateExec as query_engine::physical::plan::PhysicalOperator>::execute::{{closure}} ()\n#4  0x000055555b632182 in <query_engine::physical::operators::project::ProjectExec as query_engine::physical::plan::PhysicalOperator>::execute::{{closure}} ()\n#5  0x000055555b4a7680 in query_engine::physical::operators::spillable::stream_merge_input_partitions::{{closure}} ()\n#6  0x000055555b53e445 in <query_engine::physical::operators::spillable::ExternalSortExec as query_engine::physical::plan::PhysicalOperator>::execute::{{closure}} ()\n#7  0x0000555556b43f81 in query_engine::execution::context::ExecutionContext::sql_impl::{{closure}}::{{closure}}::{{closure}} ()\n(More stack frames follow...)\n"
92^done
(gdb) 
93^running
*running,thread-id="all"
(gdb) 
94^done
(gdb) 
~"\nThread "
~"1 \"serial_frontier\" received signal SIGINT, Interrupt.\n"
~"syscall () at ../sysdeps/unix/sysv/linux/x86_64/syscall.S:38\n"
~"38\tin ../sysdeps/unix/sysv/linux/x86_64/syscall.S\n"
*stopped,reason="signal-received",signal-name="SIGINT",signal-meaning="Interrupt",frame={addr="0x00007ffff7d2752d",func="syscall",args=[],file="../sysdeps/unix/sysv/linux/x86_64/syscall.S",fullname="./misc/../sysdeps/unix/sysv/linux/x86_64/syscall.S",line="38",arch="i386:x86-64"},thread-id="1",stopped-threads="all",core="14"
~"\nThread 34 (Thread 0x7fff877fb6c0 (LWP 2268742) \"tokio-rt-worker\"):\n"
~"#0  syscall () at ../sysdeps/unix/sysv/linux/x86_64/syscall.S:38\n#1  0x000055555afdfe97 in parking_lot::condvar::Condvar::wait_until_internal ()\n#2  0x000055555bd86bfa in std::sys::backtrace::__rust_begin_short_backtrace ()\n#3  0x000055555bd89aea in core::ops::function::FnOnce::call_once{{vtable.shim}} ()\n#4  0x000055555bd7502a in std::sys::thread::unix::Thread::new::thread_start ()\n#5  0x00007ffff7c9cb84 in start_thread (arg=<optimized out>) at ./nptl/pthread_create.c:447\n#6  0x00007ffff7d29ecc in clone3 () at ../sysdeps/unix/sysv/linux/x86_64/clone3.S:78\n"
~"\nThread 33 (Thread 0x7fff879fc6c0 (LWP 2268741) \"tokio-rt-worker\"):\n"
~"#0  syscall () at ../sysdeps/unix/sysv/linux/x86_64/syscall.S:38\n#1  0x000055555afdfe39 in parking_lot::condvar::Condvar::wait_until_internal ()\n#2  0x000055555bd97d50 in tokio::runtime::scheduler::multi_thread::worker::Context::park_internal ()\n#3  0x000055555bd96fec in tokio::runtime::scheduler::multi_thread::worker::run ()\n#4  0x000055555bd9506d in tokio::runtime::task::raw::poll ()\n#5  0x000055555bd86b52 in std::sys::backtrace::__rust_begin_short_backtrace ()\n#6  0x000055555bd89aea in core::ops::function::FnOnce::call_once{{vtable.shim}} ()\n#7  0x000055555bd7502a in std::sys::thread::unix::Thread::new::thread_start ()\n(More stack frames follow...)\n"
~"\nThread 32 (Thread 0x7fff87bfd6c0 (LWP 2268740) \"tokio-rt-worker\"):\n"
~"#0  syscall () at ../sysdeps/unix/sysv/linux/x86_64/syscall.S:38\n#1  0x000055555afdfe39 in parking_lot::condvar::Condvar::wait_until_internal ()\n#2  0x000055555bd97d50 in tokio::runtime::scheduler::multi_thread::worker::Context::park_internal ()\n#3  0x000055555bd96fec in tokio::runtime::scheduler::multi_thread::worker::run ()\n#4  0x000055555bd9506d in tokio::runtime::task::raw::poll ()\n#5  0x000055555bd86b52 in std::sys::backtrace::__rust_begin_short_backtrace ()\n#6  0x000055555bd89aea in core::ops::function::FnOnce::call_once{{vtable.shim}} ()\n#7  0x000055555bd7502a in std::sys::thread::unix::Thread::new::thread_start ()\n(More stack frames follow...)\n"
~"\nThread 31 (Thread 0x7fff87dfe6c0 (LWP 2268739) \"tokio-rt-worker\"):\n"
~"#0  syscall () at ../sysdeps/unix/sysv/linux/x86_64/syscall.S:38\n#1  0x000055555afdfe39 in parking_lot::condvar::Condvar::wait_until_internal ()\n#2  0x000055555bd97d50 in tokio::runtime::scheduler::multi_thread::worker::Context::park_internal ()\n#3  0x000055555bd96fec in tokio::runtime::scheduler::multi_thread::worker::run ()\n#4  0x000055555bd9506d in tokio::runtime::task::raw::poll ()\n#5  0x000055555bd86b52 in std::sys::backtrace::__rust_begin_short_backtrace ()\n#6  0x000055555bd89aea in core::ops::function::FnOnce::call_once{{vtable.shim}} ()\n#7  0x000055555bd7502a in std::sys::thread::unix::Thread::new::thread_start ()\n(More stack frames follow...)\n"
~"\nThread 30 (Thread 0x7fff87fff6c0 (LWP 2268738) \"tokio-rt-worker\"):\n"
~"#0  syscall () at ../sysdeps/unix/sysv/linux/x86_64/syscall.S:38\n#1  0x000055555afdfe39 in parking_lot::condvar::Condvar::wait_until_internal ()\n#2  0x000055555bd97d50 in tokio::runtime::scheduler::multi_thread::worker::Context::park_internal ()\n#3  0x000055555bd96fec in tokio::runtime::scheduler::multi_thread::worker::run ()\n#4  0x000055555bd9506d in tokio::runtime::task::raw::poll ()\n#5  0x000055555bd86b52 in std::sys::backtrace::__rust_begin_short_backtrace ()\n#6  0x000055555bd89aea in core::ops::function::FnOnce::call_once{{vtable.shim}} ()\n#7  0x000055555bd7502a in std::sys::thread::unix::Thread::new::thread_start ()\n(More stack frames follow...)\n"
~"\nThread 29 (Thread 0x7ffff43a46c0 (LWP 2268737) \"tokio-rt-worker\"):\n"
~"#0  syscall () at ../sysdeps/unix/sysv/linux/x86_64/syscall.S:38\n#1  0x000055555afdfe39 in parking_lot::condvar::Condvar::wait_until_internal ()\n#2  0x000055555bd97d50 in tokio::runtime::scheduler::multi_thread::worker::Context::park_internal ()\n#3  0x000055555bd96fec in tokio::runtime::scheduler::multi_thread::worker::run ()\n#4  0x000055555bd9506d in tokio::runtime::task::raw::poll ()\n#5  0x000055555bd86b52 in std::sys::backtrace::__rust_begin_short_backtrace ()\n#6  0x000055555bd89aea in core::ops::function::FnOnce::call_once{{vtable.shim}} ()\n#7  0x000055555bd7502a in std::sys::thread::unix::Thread::new::thread_start ()\n(More stack frames follow...)\n"
~"\nThread 28 (Thread 0x7ffff45a56c0 (LWP 2268736) \"tokio-rt-worker\"):\n"
~"#0  syscall () at ../sysdeps/unix/sysv/linux/x86_64/syscall.S:38\n#1  0x000055555afdfe39 in parking_lot::condvar::Condvar::wait_until_internal ()\n#2  0x000055555bd97d50 in tokio::runtime::scheduler::multi_thread::worker::Context::park_internal ()\n#3  0x000055555bd96fec in tokio::runtime::scheduler::multi_thread::worker::run ()\n#4  0x000055555bd9506d in tokio::runtime::task::raw::poll ()\n#5  0x000055555bd86b52 in std::sys::backtrace::__rust_begin_short_backtrace ()\n#6  0x000055555bd89aea in core::ops::function::FnOnce::call_once{{vtable.shim}} ()\n#7  0x000055555bd7502a in std::sys::thread::unix::Thread::new::thread_start ()\n(More stack frames follow...)\n"
~"\nThread 27 (Thread 0x7ffff47a66c0 (LWP 2268735) \"tokio-rt-worker\"):\n"
~"#0  syscall () at ../sysdeps/unix/sysv/linux/x86_64/syscall.S:38\n#1  0x000055555afdfe39 in parking_lot::condvar::Condvar::wait_until_internal ()\n#2  0x000055555bd97d50 in tokio::runtime::scheduler::multi_thread::worker::Context::park_internal ()\n#3  0x000055555bd96fec in tokio::runtime::scheduler::multi_thread::worker::run ()\n#4  0x000055555bd9506d in tokio::runtime::task::raw::poll ()\n#5  0x000055555bd86b52 in std::sys::backtrace::__rust_begin_short_backtrace ()\n#6  0x000055555bd89aea in core::ops::function::FnOnce::call_once{{vtable.shim}} ()\n#7  0x000055555bd7502a in std::sys::thread::unix::Thread::new::thread_start ()\n(More stack frames follow...)\n"
~"\nThread 26 (Thread 0x7ffff49a76c0 (LWP 2268734) \"tokio-rt-worker\"):\n"
~"#0  syscall () at ../sysdeps/unix/sysv/linux/x86_64/syscall.S:38\n#1  0x000055555afdfe39 in parking_lot::condvar::Condvar::wait_until_internal ()\n#2  0x000055555bd97d50 in tokio::runtime::scheduler::multi_thread::worker::Context::park_internal ()\n#3  0x000055555bd96fec in tokio::runtime::scheduler::multi_thread::worker::run ()\n#4  0x000055555bd9506d in tokio::runtime::task::raw::poll ()\n#5  0x000055555bd86b52 in std::sys::backtrace::__rust_begin_short_backtrace ()\n#6  0x000055555bd89aea in core::ops::function::FnOnce::call_once{{vtable.shim}} ()\n#7  0x000055555bd7502a in std::sys::thread::unix::Thread::new::thread_start ()\n(More stack frames follow...)\n"
~"\nThread 25 (Thread 0x7ffff4ba86c0 (LWP 2268733) \"tokio-rt-worker\"):\n"
~"#0  syscall () at ../sysdeps/unix/sysv/linux/x86_64/syscall.S:38\n#1  0x000055555afdfe39 in parking_lot::condvar::Condvar::wait_until_internal ()\n#2  0x000055555bd97d50 in tokio::runtime::scheduler::multi_thread::worker::Context::park_internal ()\n#3  0x000055555bd96fec in tokio::runtime::scheduler::multi_thread::worker::run ()\n#4  0x000055555bd9506d in tokio::runtime::task::raw::poll ()\n#5  0x000055555bd86b52 in std::sys::backtrace::__rust_begin_short_backtrace ()\n#6  0x000055555bd89aea in core::ops::function::FnOnce::call_once{{vtable.shim}} ()\n#7  0x000055555bd7502a in std::sys::thread::unix::Thread::new::thread_start ()\n(More stack frames follow...)\n"
~"\nThread 24 (Thread 0x7ffff4da96c0 (LWP 2268732) \"tokio-rt-worker\"):\n"
~"#0  syscall () at ../sysdeps/unix/sysv/linux/x86_64/syscall.S:38\n#1  0x000055555afdfe39 in parking_lot::condvar::Condvar::wait_until_internal ()\n#2  0x000055555bd97d50 in tokio::runtime::scheduler::multi_thread::worker::Context::park_internal ()\n#3  0x000055555bd96fec in tokio::runtime::scheduler::multi_thread::worker::run ()\n#4  0x000055555bd9506d in tokio::runtime::task::raw::poll ()\n#5  0x000055555bd86b52 in std::sys::backtrace::__rust_begin_short_backtrace ()\n#6  0x000055555bd89aea in core::ops::function::FnOnce::call_once{{vtable.shim}} ()\n#7  0x000055555bd7502a in std::sys::thread::unix::Thread::new::thread_start ()\n(More stack frames follow...)\n"
~"\nThread 23 (Thread 0x7ffff4faa6c0 (LWP 2268731) \"tokio-rt-worker\"):\n"
~"#0  syscall () at ../sysdeps/unix/sysv/linux/x86_64/syscall.S:38\n#1  0x000055555afdfe39 in parking_lot::condvar::Condvar::wait_until_internal ()\n#2  0x000055555bd97d50 in tokio::runtime::scheduler::multi_thread::worker::Context::park_internal ()\n#3  0x000055555bd96fec in tokio::runtime::scheduler::multi_thread::worker::run ()\n#4  0x000055555bd9506d in tokio::runtime::task::raw::poll ()\n#5  0x000055555bd86b52 in std::sys::backtrace::__rust_begin_short_backtrace ()\n#6  0x000055555bd89aea in core::ops::function::FnOnce::call_once{{vtable.shim}} ()\n#7  0x000055555bd7502a in std::sys::thread::unix::Thread::new::thread_start ()\n(More stack frames follow...)\n"
~"\nThread 22 (Thread 0x7ffff51ab6c0 (LWP 2268730) \"tokio-rt-worker\"):\n"
~"#0  syscall () at ../sysdeps/unix/sysv/linux/x86_64/syscall.S:38\n#1  0x000055555afdfe39 in parking_lot::condvar::Condvar::wait_until_internal ()\n#2  0x000055555bd97d50 in tokio::runtime::scheduler::multi_thread::worker::Context::park_internal ()\n#3  0x000055555bd96fec in tokio::runtime::scheduler::multi_thread::worker::run ()\n#4  0x000055555bd9506d in tokio::runtime::task::raw::poll ()\n#5  0x000055555bd86b52 in std::sys::backtrace::__rust_begin_short_backtrace ()\n#6  0x000055555bd89aea in core::ops::function::FnOnce::call_once{{vtable.shim}} ()\n#7  0x000055555bd7502a in std::sys::thread::unix::Thread::new::thread_start ()\n(More stack frames follow...)\n"
~"\nThread 21 (Thread 0x7ffff53ac6c0 (LWP 2268729) \"tokio-rt-worker\"):\n"
~"#0  syscall () at ../sysdeps/unix/sysv/linux/x86_64/syscall.S:38\n#1  0x000055555afdfe39 in parking_lot::condvar::Condvar::wait_until_internal ()\n#2  0x000055555bd97d50 in tokio::runtime::scheduler::multi_thread::worker::Context::park_internal ()\n#3  0x000055555bd96fec in tokio::runtime::scheduler::multi_thread::worker::run ()\n#4  0x000055555bd9506d in tokio::runtime::task::raw::poll ()\n#5  0x000055555bd86b52 in std::sys::backtrace::__rust_begin_short_backtrace ()\n#6  0x000055555bd89aea in core::ops::function::FnOnce::call_once{{vtable.shim}} ()\n#7  0x000055555bd7502a in std::sys::thread::unix::Thread::new::thread_start ()\n(More stack frames follow...)\n"
~"\nThread 20 (Thread 0x7ffff55ad6c0 (LWP 2268728) \"tokio-rt-worker\"):\n"
~"#0  syscall () at ../sysdeps/unix/sysv/linux/x86_64/syscall.S:38\n#1  0x000055555afdfe39 in parking_lot::condvar::Condvar::wait_until_internal ()\n#2  0x000055555bd97d50 in tokio::runtime::scheduler::multi_thread::worker::Context::park_internal ()\n#3  0x000055555bd96fec in tokio::runtime::scheduler::multi_thread::worker::run ()\n#4  0x000055555bd9506d in tokio::runtime::task::raw::poll ()\n#5  0x000055555bd86b52 in std::sys::backtrace::__rust_begin_short_backtrace ()\n#6  0x000055555bd89aea in core::ops::function::FnOnce::call_once{{vtable.shim}} ()\n#7  0x000055555bd7502a in std::sys::thread::unix::Thread::new::thread_start ()\n(More stack frames follow...)\n"
~"\nThread 19 (Thread 0x7ffff57ae6c0 (LWP 2268727) \"tokio-rt-worker\"):\n"
~"#0  syscall () at ../sysdeps/unix/sysv/linux/x86_64/syscall.S:38\n#1  0x000055555afdfe39 in parking_lot::condvar::Condvar::wait_until_internal ()\n#2  0x000055555bd97d50 in tokio::runtime::scheduler::multi_thread::worker::Context::park_internal ()\n#3  0x000055555bd96fec in tokio::runtime::scheduler::multi_thread::worker::run ()\n#4  0x000055555bd9506d in tokio::runtime::task::raw::poll ()\n#5  0x000055555bd86b52 in std::sys::backtrace::__rust_begin_short_backtrace ()\n#6  0x000055555bd89aea in core::ops::function::FnOnce::call_once{{vtable.shim}} ()\n#7  0x000055555bd7502a in std::sys::thread::unix::Thread::new::thread_start ()\n(More stack frames follow...)\n"
~"\nThread 18 (Thread 0x7ffff59af6c0 (LWP 2268726) \"tokio-rt-worker\"):\n"
~"#0  0x00007ffff7d2a2d2 in epoll_wait (epfd=3, events=0x36f6e300000, maxevents=1024, timeout=-1) at ../sysdeps/unix/sysv/linux/epoll_wait.c:30\n#1  0x000055555bd994ae in tokio::runtime::io::driver::Driver::turn ()\n#2  0x000055555bd9919d in tokio::runtime::time::Driver::park_internal ()\n#3  0x000055555bd97b94 in tokio::runtime::scheduler::multi_thread::worker::Context::park_internal ()\n#4  0x000055555bd96fec in tokio::runtime::scheduler::multi_thread::worker::run ()\n#5  0x000055555bd9506d in tokio::runtime::task::raw::poll ()\n#6  0x000055555bd86b52 in std::sys::backtrace::__rust_begin_short_backtrace ()\n#7  0x000055555bd89aea in core::ops::function::FnOnce::call_once{{vtable.shim}} ()\n(More stack frames follow...)\n"
~"\nThread 17 (Thread 0x7ffff5bb06c0 (LWP 2268725) \"qe-worker-15\"):\n"
~"#0  syscall () at ../sysdeps/unix/sysv/linux/x86_64/syscall.S:38\n#1  0x000055555ba4c877 in rayon_core::sleep::Sleep::sleep ()\n#2  0x000055555ba4c30b in rayon_core::registry::WorkerThread::wait_until_cold ()\n#3  0x000055555ba4bcd2 in std::sys::backtrace::__rust_begin_short_backtrace ()\n#4  0x000055555ba4ba3c in core::ops::function::FnOnce::call_once{{vtable.shim}} ()\n#5  0x000055555bd7502a in std::sys::thread::unix::Thread::new::thread_start ()\n#6  0x00007ffff7c9cb84 in start_thread (arg=<optimized out>) at ./nptl/pthread_create.c:447\n#7  0x00007ffff7d29ecc in clone3 () at ../sysdeps/unix/sysv/linux/x86_64/clone3.S:78\n"
~"\nThread 16 (Thread 0x7ffff5db16c0 (LWP 2268724) \"qe-worker-14\"):\n"
~"#0  syscall () at ../sysdeps/unix/sysv/linux/x86_64/syscall.S:38\n#1  0x000055555ba4c877 in rayon_core::sleep::Sleep::sleep ()\n#2  0x000055555ba4c30b in rayon_core::registry::WorkerThread::wait_until_cold ()\n#3  0x000055555ba4bcd2 in std::sys::backtrace::__rust_begin_short_backtrace ()\n#4  0x000055555ba4ba3c in core::ops::function::FnOnce::call_once{{vtable.shim}} ()\n#5  0x000055555bd7502a in std::sys::thread::unix::Thread::new::thread_start ()\n#6  0x00007ffff7c9cb84 in start_thread (arg=<optimized out>) at ./nptl/pthread_create.c:447\n#7  0x00007ffff7d29ecc in clone3 () at ../sysdeps/unix/sysv/linux/x86_64/clone3.S:78\n"
~"\nThread 15 (Thread 0x7ffff5fb26c0 (LWP 2268723) \"qe-worker-13\"):\n"
~"#0  syscall () at ../sysdeps/unix/sysv/linux/x86_64/syscall.S:38\n#1  0x000055555ba4c877 in rayon_core::sleep::Sleep::sleep ()\n#2  0x000055555ba4c30b in rayon_core::registry::WorkerThread::wait_until_cold ()\n#3  0x000055555ba4bcd2 in std::sys::backtrace::__rust_begin_short_backtrace ()\n#4  0x000055555ba4ba3c in core::ops::function::FnOnce::call_once{{vtable.shim}} ()\n#5  0x000055555bd7502a in std::sys::thread::unix::Thread::new::thread_start ()\n#6  0x00007ffff7c9cb84 in start_thread (arg=<optimized out>) at ./nptl/pthread_create.c:447\n#7  0x00007ffff7d29ecc in clone3 () at ../sysdeps/unix/sysv/linux/x86_64/clone3.S:78\n"
~"\nThread 14 (Thread 0x7ffff61b36c0 (LWP 2268722) \"qe-worker-12\"):\n"
~"#0  syscall () at ../sysdeps/unix/sysv/linux/x86_64/syscall.S:38\n#1  0x000055555ba4c877 in rayon_core::sleep::Sleep::sleep ()\n#2  0x000055555ba4c30b in rayon_core::registry::WorkerThread::wait_until_cold ()\n#3  0x000055555ba4bcd2 in std::sys::backtrace::__rust_begin_short_backtrace ()\n#4  0x000055555ba4ba3c in core::ops::function::FnOnce::call_once{{vtable.shim}} ()\n#5  0x000055555bd7502a in std::sys::thread::unix::Thread::new::thread_start ()\n#6  0x00007ffff7c9cb84 in start_thread (arg=<optimized out>) at ./nptl/pthread_create.c:447\n#7  0x00007ffff7d29ecc in clone3 () at ../sysdeps/unix/sysv/linux/x86_64/clone3.S:78\n"
~"\nThread 13 (Thread 0x7ffff63b46c0 (LWP 2268721) \"qe-worker-11\"):\n"
~"#0  syscall () at ../sysdeps/unix/sysv/linux/x86_64/syscall.S:38\n#1  0x000055555ba4c877 in rayon_core::sleep::Sleep::sleep ()\n#2  0x000055555ba4c30b in rayon_core::registry::WorkerThread::wait_until_cold ()\n#3  0x000055555ba4bcd2 in std::sys::backtrace::__rust_begin_short_backtrace ()\n#4  0x000055555ba4ba3c in core::ops::function::FnOnce::call_once{{vtable.shim}} ()\n#5  0x000055555bd7502a in std::sys::thread::unix::Thread::new::thread_start ()\n#6  0x00007ffff7c9cb84 in start_thread (arg=<optimized out>) at ./nptl/pthread_create.c:447\n#7  0x00007ffff7d29ecc in clone3 () at ../sysdeps/unix/sysv/linux/x86_64/clone3.S:78\n"
~"\nThread 12 (Thread 0x7ffff65b56c0 (LWP 2268720) \"qe-worker-10\"):\n"
~"#0  syscall () at ../sysdeps/unix/sysv/linux/x86_64/syscall.S:38\n#1  0x000055555ba4c877 in rayon_core::sleep::Sleep::sleep ()\n#2  0x000055555ba4c30b in rayon_core::registry::WorkerThread::wait_until_cold ()\n#3  0x000055555ba4bcd2 in std::sys::backtrace::__rust_begin_short_backtrace ()\n#4  0x000055555ba4ba3c in core::ops::function::FnOnce::call_once{{vtable.shim}} ()\n#5  0x000055555bd7502a in std::sys::thread::unix::Thread::new::thread_start ()\n#6  0x00007ffff7c9cb84 in start_thread (arg=<optimized out>) at ./nptl/pthread_create.c:447\n#7  0x00007ffff7d29ecc in clone3 () at ../sysdeps/unix/sysv/linux/x86_64/clone3.S:78\n"
~"\nThread 11 (Thread 0x7ffff67b66c0 (LWP 2268719) \"qe-worker-9\"):\n"
~"#0  syscall () at ../sysdeps/unix/sysv/linux/x86_64/syscall.S:38\n#1  0x000055555ba4c877 in rayon_core::sleep::Sleep::sleep ()\n#2  0x000055555ba4c30b in rayon_core::registry::WorkerThread::wait_until_cold ()\n#3  0x000055555ba4bcd2 in std::sys::backtrace::__rust_begin_short_backtrace ()\n#4  0x000055555ba4ba3c in core::ops::function::FnOnce::call_once{{vtable.shim}} ()\n#5  0x000055555bd7502a in std::sys::thread::unix::Thread::new::thread_start ()\n#6  0x00007ffff7c9cb84 in start_thread (arg=<optimized out>) at ./nptl/pthread_create.c:447\n#7  0x00007ffff7d29ecc in clone3 () at ../sysdeps/unix/sysv/linux/x86_64/clone3.S:78\n"
~"\nThread 10 (Thread 0x7ffff69b76c0 (LWP 2268718) \"qe-worker-8\"):\n"
~"#0  syscall () at ../sysdeps/unix/sysv/linux/x86_64/syscall.S:38\n#1  0x000055555ba4c877 in rayon_core::sleep::Sleep::sleep ()\n#2  0x000055555ba4c30b in rayon_core::registry::WorkerThread::wait_until_cold ()\n#3  0x000055555ba4bcd2 in std::sys::backtrace::__rust_begin_short_backtrace ()\n#4  0x000055555ba4ba3c in core::ops::function::FnOnce::call_once{{vtable.shim}} ()\n#5  0x000055555bd7502a in std::sys::thread::unix::Thread::new::thread_start ()\n#6  0x00007ffff7c9cb84 in start_thread (arg=<optimized out>) at ./nptl/pthread_create.c:447\n#7  0x00007ffff7d29ecc in clone3 () at ../sysdeps/unix/sysv/linux/x86_64/clone3.S:78\n"
~"\nThread 9 (Thread 0x7ffff6bb86c0 (LWP 2268717) \"qe-worker-7\"):\n"
~"#0  syscall () at ../sysdeps/unix/sysv/linux/x86_64/syscall.S:38\n#1  0x000055555ba4c877 in rayon_core::sleep::Sleep::sleep ()\n#2  0x000055555ba4c30b in rayon_core::registry::WorkerThread::wait_until_cold ()\n#3  0x000055555ba4bcd2 in std::sys::backtrace::__rust_begin_short_backtrace ()\n#4  0x000055555ba4ba3c in core::ops::function::FnOnce::call_once{{vtable.shim}} ()\n#5  0x000055555bd7502a in std::sys::thread::unix::Thread::new::thread_start ()\n#6  0x00007ffff7c9cb84 in start_thread (arg=<optimized out>) at ./nptl/pthread_create.c:447\n#7  0x00007ffff7d29ecc in clone3 () at ../sysdeps/unix/sysv/linux/x86_64/clone3.S:78\n"
~"\nThread 8 (Thread 0x7ffff6db96c0 (LWP 2268716) \"qe-worker-6\"):\n"
~"#0  syscall () at ../sysdeps/unix/sysv/linux/x86_64/syscall.S:38\n#1  0x000055555ba4c877 in rayon_core::sleep::Sleep::sleep ()\n#2  0x000055555ba4c30b in rayon_core::registry::WorkerThread::wait_until_cold ()\n#3  0x000055555ba4bcd2 in std::sys::backtrace::__rust_begin_short_backtrace ()\n#4  0x000055555ba4ba3c in core::ops::function::FnOnce::call_once{{vtable.shim}} ()\n#5  0x000055555bd7502a in std::sys::thread::unix::Thread::new::thread_start ()\n#6  0x00007ffff7c9cb84 in start_thread (arg=<optimized out>) at ./nptl/pthread_create.c:447\n#7  0x00007ffff7d29ecc in clone3 () at ../sysdeps/unix/sysv/linux/x86_64/clone3.S:78\n"
~"\nThread 7 (Thread 0x7ffff6fba6c0 (LWP 2268715) \"qe-worker-5\"):\n"
~"#0  syscall () at ../sysdeps/unix/sysv/linux/x86_64/syscall.S:38\n#1  0x000055555ba4c877 in rayon_core::sleep::Sleep::sleep ()\n#2  0x000055555ba4c30b in rayon_core::registry::WorkerThread::wait_until_cold ()\n#3  0x000055555ba4bcd2 in std::sys::backtrace::__rust_begin_short_backtrace ()\n#4  0x000055555ba4ba3c in core::ops::function::FnOnce::call_once{{vtable.shim}} ()\n#5  0x000055555bd7502a in std::sys::thread::unix::Thread::new::thread_start ()\n#6  0x00007ffff7c9cb84 in start_thread (arg=<optimized out>) at ./nptl/pthread_create.c:447\n#7  0x00007ffff7d29ecc in clone3 () at ../sysdeps/unix/sysv/linux/x86_64/clone3.S:78\n"
~"\nThread 6 (Thread 0x7ffff71bb6c0 (LWP 2268714) \"qe-worker-4\"):\n"
~"#0  syscall () at ../sysdeps/unix/sysv/linux/x86_64/syscall.S:38\n#1  0x000055555ba4c877 in rayon_core::sleep::Sleep::sleep ()\n#2  0x000055555ba4c30b in rayon_core::registry::WorkerThread::wait_until_cold ()\n#3  0x000055555ba4bcd2 in std::sys::backtrace::__rust_begin_short_backtrace ()\n#4  0x000055555ba4ba3c in core::ops::function::FnOnce::call_once{{vtable.shim}} ()\n#5  0x000055555bd7502a in std::sys::thread::unix::Thread::new::thread_start ()\n#6  0x00007ffff7c9cb84 in start_thread (arg=<optimized out>) at ./nptl/pthread_create.c:447\n#7  0x00007ffff7d29ecc in clone3 () at ../sysdeps/unix/sysv/linux/x86_64/clone3.S:78\n"
~"\nThread 5 (Thread 0x7ffff73bc6c0 (LWP 2268713) \"qe-worker-3\"):\n"
~"#0  syscall () at ../sysdeps/unix/sysv/linux/x86_64/syscall.S:38\n#1  0x000055555ba4c877 in rayon_core::sleep::Sleep::sleep ()\n#2  0x000055555ba4c30b in rayon_core::registry::WorkerThread::wait_until_cold ()\n#3  0x000055555ba4bcd2 in std::sys::backtrace::__rust_begin_short_backtrace ()\n#4  0x000055555ba4ba3c in core::ops::function::FnOnce::call_once{{vtable.shim}} ()\n#5  0x000055555bd7502a in std::sys::thread::unix::Thread::new::thread_start ()\n#6  0x00007ffff7c9cb84 in start_thread (arg=<optimized out>) at ./nptl/pthread_create.c:447\n#7  0x00007ffff7d29ecc in clone3 () at ../sysdeps/unix/sysv/linux/x86_64/clone3.S:78\n"
~"\nThread 4 (Thread 0x7ffff75bd6c0 (LWP 2268712) \"qe-worker-2\"):\n"
~"#0  syscall () at ../sysdeps/unix/sysv/linux/x86_64/syscall.S:38\n#1  0x000055555ba4c877 in rayon_core::sleep::Sleep::sleep ()\n#2  0x000055555ba4c30b in rayon_core::registry::WorkerThread::wait_until_cold ()\n#3  0x000055555ba4bcd2 in std::sys::backtrace::__rust_begin_short_backtrace ()\n#4  0x000055555ba4ba3c in core::ops::function::FnOnce::call_once{{vtable.shim}} ()\n#5  0x000055555bd7502a in std::sys::thread::unix::Thread::new::thread_start ()\n#6  0x00007ffff7c9cb84 in start_thread (arg=<optimized out>) at ./nptl/pthread_create.c:447\n#7  0x00007ffff7d29ecc in clone3 () at ../sysdeps/unix/sysv/linux/x86_64/clone3.S:78\n"
~"\nThread 3 (Thread 0x7ffff77be6c0 (LWP 2268711) \"qe-worker-1\"):\n"
~"#0  syscall () at ../sysdeps/unix/sysv/linux/x86_64/syscall.S:38\n#1  0x000055555ba4c877 in rayon_core::sleep::Sleep::sleep ()\n#2  0x000055555ba4c30b in rayon_core::registry::WorkerThread::wait_until_cold ()\n#3  0x000055555ba4bcd2 in std::sys::backtrace::__rust_begin_short_backtrace ()\n#4  0x000055555ba4ba3c in core::ops::function::FnOnce::call_once{{vtable.shim}} ()\n#5  0x000055555bd7502a in std::sys::thread::unix::Thread::new::thread_start ()\n#6  0x00007ffff7c9cb84 in start_thread (arg=<optimized out>) at ./nptl/pthread_create.c:447\n#7  0x00007ffff7d29ecc in clone3 () at ../sysdeps/unix/sysv/linux/x86_64/clone3.S:78\n"
~"\nThread 2 (Thread 0x7ffff79bf6c0 (LWP 2268710) \"qe-worker-0\"):\n"
~"#0  syscall () at ../sysdeps/unix/sysv/linux/x86_64/syscall.S:38\n#1  0x000055555ba4c877 in rayon_core::sleep::Sleep::sleep ()\n#2  0x000055555ba4c30b in rayon_core::registry::WorkerThread::wait_until_cold ()\n#3  0x000055555ba4bcd2 in std::sys::backtrace::__rust_begin_short_backtrace ()\n#4  0x000055555ba4ba3c in core::ops::function::FnOnce::call_once{{vtable.shim}} ()\n#5  0x000055555bd7502a in std::sys::thread::unix::Thread::new::thread_start ()\n#6  0x00007ffff7c9cb84 in start_thread (arg=<optimized out>) at ./nptl/pthread_create.c:447\n#7  0x00007ffff7d29ecc in clone3 () at ../sysdeps/unix/sysv/linux/x86_64/clone3.S:78\n"
~"\nThread 1 (Thread 0x7ffff7e8d100 (LWP 2268699) \"serial_frontier\"):\n"
~"#0  syscall () at ../sysdeps/unix/sysv/linux/x86_64/syscall.S:38\n#1  0x000055555ba4d835 in rayon_core::latch::LockLatch::wait_and_reset ()\n#2  0x000055555b5304f3 in rayon_core::registry::Registry::in_worker_cold ()\n#3  0x000055555b526cfa in rayon::iter::plumbing::bridge_producer_consumer::helper ()\n#4  0x000055555b4a2d45 in query_engine::physical::morsel_agg::live_spill::execute::{{closure}} ()\n#5  0x000055555b4930c1 in <query_engine::physical::operators::spillable::SpillableHashAggregateExec as query_engine::physical::plan::PhysicalOperator>::execute::{{closure}} ()\n#6  0x000055555b632182 in <query_engine::physical::operators::project::ProjectExec as query_engine::physical::plan::PhysicalOperator>::execute::{{closure}} ()\n#7  0x000055555b4a7680 in query_engine::physical::operators::spillable::stream_merge_input_partitions::{{closure}} ()\n(More stack frames follow...)\n"
95^done
(gdb) 
96^running
*running,thread-id="all"
(gdb) 
97^done
(gdb) 
~"\nThread "
~"1 \"serial_frontier\" received signal SIGINT, Interrupt.\n"
~"syscall () at ../sysdeps/unix/sysv/linux/x86_64/syscall.S:38\n"
~"38\tin ../sysdeps/unix/sysv/linux/x86_64/syscall.S\n"
*stopped,reason="signal-received",signal-name="SIGINT",signal-meaning="Interrupt",frame={addr="0x00007ffff7d2752d",func="syscall",args=[],file="../sysdeps/unix/sysv/linux/x86_64/syscall.S",fullname="./misc/../sysdeps/unix/sysv/linux/x86_64/syscall.S",line="38",arch="i386:x86-64"},thread-id="1",stopped-threads="all",core="14"
~"\nThread 34 (Thread 0x7fff877fb6c0 (LWP 2268742) \"tokio-rt-worker\"):\n"
~"#0  syscall () at ../sysdeps/unix/sysv/linux/x86_64/syscall.S:38\n#1  0x000055555afdfe97 in parking_lot::condvar::Condvar::wait_until_internal ()\n#2  0x000055555bd86bfa in std::sys::backtrace::__rust_begin_short_backtrace ()\n#3  0x000055555bd89aea in core::ops::function::FnOnce::call_once{{vtable.shim}} ()\n#4  0x000055555bd7502a in std::sys::thread::unix::Thread::new::thread_start ()\n#5  0x00007ffff7c9cb84 in start_thread (arg=<optimized out>) at ./nptl/pthread_create.c:447\n#6  0x00007ffff7d29ecc in clone3 () at ../sysdeps/unix/sysv/linux/x86_64/clone3.S:78\n"
~"\nThread 33 (Thread 0x7fff879fc6c0 (LWP 2268741) \"tokio-rt-worker\"):\n"
~"#0  syscall () at ../sysdeps/unix/sysv/linux/x86_64/syscall.S:38\n#1  0x000055555afdfe39 in parking_lot::condvar::Condvar::wait_until_internal ()\n#2  0x000055555bd97d50 in tokio::runtime::scheduler::multi_thread::worker::Context::park_internal ()\n#3  0x000055555bd96fec in tokio::runtime::scheduler::multi_thread::worker::run ()\n#4  0x000055555bd9506d in tokio::runtime::task::raw::poll ()\n#5  0x000055555bd86b52 in std::sys::backtrace::__rust_begin_short_backtrace ()\n#6  0x000055555bd89aea in core::ops::function::FnOnce::call_once{{vtable.shim}} ()\n#7  0x000055555bd7502a in std::sys::thread::unix::Thread::new::thread_start ()\n(More stack frames follow...)\n"
~"\nThread 32 (Thread 0x7fff87bfd6c0 (LWP 2268740) \"tokio-rt-worker\"):\n"
~"#0  syscall () at ../sysdeps/unix/sysv/linux/x86_64/syscall.S:38\n#1  0x000055555afdfe39 in parking_lot::condvar::Condvar::wait_until_internal ()\n#2  0x000055555bd97d50 in tokio::runtime::scheduler::multi_thread::worker::Context::park_internal ()\n#3  0x000055555bd96fec in tokio::runtime::scheduler::multi_thread::worker::run ()\n#4  0x000055555bd9506d in tokio::runtime::task::raw::poll ()\n#5  0x000055555bd86b52 in std::sys::backtrace::__rust_begin_short_backtrace ()\n#6  0x000055555bd89aea in core::ops::function::FnOnce::call_once{{vtable.shim}} ()\n#7  0x000055555bd7502a in std::sys::thread::unix::Thread::new::thread_start ()\n(More stack frames follow...)\n"
~"\nThread 31 (Thread 0x7fff87dfe6c0 (LWP 2268739) \"tokio-rt-worker\"):\n"
~"#0  syscall () at ../sysdeps/unix/sysv/linux/x86_64/syscall.S:38\n#1  0x000055555afdfe39 in parking_lot::condvar::Condvar::wait_until_internal ()\n#2  0x000055555bd97d50 in tokio::runtime::scheduler::multi_thread::worker::Context::park_internal ()\n#3  0x000055555bd96fec in tokio::runtime::scheduler::multi_thread::worker::run ()\n#4  0x000055555bd9506d in tokio::runtime::task::raw::poll ()\n#5  0x000055555bd86b52 in std::sys::backtrace::__rust_begin_short_backtrace ()\n#6  0x000055555bd89aea in core::ops::function::FnOnce::call_once{{vtable.shim}} ()\n#7  0x000055555bd7502a in std::sys::thread::unix::Thread::new::thread_start ()\n(More stack frames follow...)\n"
~"\nThread 30 (Thread 0x7fff87fff6c0 (LWP 2268738) \"tokio-rt-worker\"):\n"
~"#0  syscall () at ../sysdeps/unix/sysv/linux/x86_64/syscall.S:38\n#1  0x000055555afdfe39 in parking_lot::condvar::Condvar::wait_until_internal ()\n#2  0x000055555bd97d50 in tokio::runtime::scheduler::multi_thread::worker::Context::park_internal ()\n#3  0x000055555bd96fec in tokio::runtime::scheduler::multi_thread::worker::run ()\n#4  0x000055555bd9506d in tokio::runtime::task::raw::poll ()\n#5  0x000055555bd86b52 in std::sys::backtrace::__rust_begin_short_backtrace ()\n#6  0x000055555bd89aea in core::ops::function::FnOnce::call_once{{vtable.shim}} ()\n#7  0x000055555bd7502a in std::sys::thread::unix::Thread::new::thread_start ()\n(More stack frames follow...)\n"
~"\nThread 29 (Thread 0x7ffff43a46c0 (LWP 2268737) \"tokio-rt-worker\"):\n"
~"#0  syscall () at ../sysdeps/unix/sysv/linux/x86_64/syscall.S:38\n#1  0x000055555afdfe39 in parking_lot::condvar::Condvar::wait_until_internal ()\n#2  0x000055555bd97d50 in tokio::runtime::scheduler::multi_thread::worker::Context::park_internal ()\n#3  0x000055555bd96fec in tokio::runtime::scheduler::multi_thread::worker::run ()\n#4  0x000055555bd9506d in tokio::runtime::task::raw::poll ()\n#5  0x000055555bd86b52 in std::sys::backtrace::__rust_begin_short_backtrace ()\n#6  0x000055555bd89aea in core::ops::function::FnOnce::call_once{{vtable.shim}} ()\n#7  0x000055555bd7502a in std::sys::thread::unix::Thread::new::thread_start ()\n(More stack frames follow...)\n"
~"\nThread 28 (Thread 0x7ffff45a56c0 (LWP 2268736) \"tokio-rt-worker\"):\n"
~"#0  syscall () at ../sysdeps/unix/sysv/linux/x86_64/syscall.S:38\n#1  0x000055555afdfe39 in parking_lot::condvar::Condvar::wait_until_internal ()\n#2  0x000055555bd97d50 in tokio::runtime::scheduler::multi_thread::worker::Context::park_internal ()\n#3  0x000055555bd96fec in tokio::runtime::scheduler::multi_thread::worker::run ()\n#4  0x000055555bd9506d in tokio::runtime::task::raw::poll ()\n#5  0x000055555bd86b52 in std::sys::backtrace::__rust_begin_short_backtrace ()\n#6  0x000055555bd89aea in core::ops::function::FnOnce::call_once{{vtable.shim}} ()\n#7  0x000055555bd7502a in std::sys::thread::unix::Thread::new::thread_start ()\n(More stack frames follow...)\n"
~"\nThread 27 (Thread 0x7ffff47a66c0 (LWP 2268735) \"tokio-rt-worker\"):\n"
~"#0  syscall () at ../sysdeps/unix/sysv/linux/x86_64/syscall.S:38\n#1  0x000055555afdfe39 in parking_lot::condvar::Condvar::wait_until_internal ()\n#2  0x000055555bd97d50 in tokio::runtime::scheduler::multi_thread::worker::Context::park_internal ()\n#3  0x000055555bd96fec in tokio::runtime::scheduler::multi_thread::worker::run ()\n#4  0x000055555bd9506d in tokio::runtime::task::raw::poll ()\n#5  0x000055555bd86b52 in std::sys::backtrace::__rust_begin_short_backtrace ()\n#6  0x000055555bd89aea in core::ops::function::FnOnce::call_once{{vtable.shim}} ()\n#7  0x000055555bd7502a in std::sys::thread::unix::Thread::new::thread_start ()\n(More stack frames follow...)\n"
~"\nThread 26 (Thread 0x7ffff49a76c0 (LWP 2268734) \"tokio-rt-worker\"):\n"
~"#0  syscall () at ../sysdeps/unix/sysv/linux/x86_64/syscall.S:38\n#1  0x000055555afdfe39 in parking_lot::condvar::Condvar::wait_until_internal ()\n#2  0x000055555bd97d50 in tokio::runtime::scheduler::multi_thread::worker::Context::park_internal ()\n#3  0x000055555bd96fec in tokio::runtime::scheduler::multi_thread::worker::run ()\n#4  0x000055555bd9506d in tokio::runtime::task::raw::poll ()\n#5  0x000055555bd86b52 in std::sys::backtrace::__rust_begin_short_backtrace ()\n#6  0x000055555bd89aea in core::ops::function::FnOnce::call_once{{vtable.shim}} ()\n#7  0x000055555bd7502a in std::sys::thread::unix::Thread::new::thread_start ()\n(More stack frames follow...)\n"
~"\nThread 25 (Thread 0x7ffff4ba86c0 (LWP 2268733) \"tokio-rt-worker\"):\n"
~"#0  syscall () at ../sysdeps/unix/sysv/linux/x86_64/syscall.S:38\n#1  0x000055555afdfe39 in parking_lot::condvar::Condvar::wait_until_internal ()\n#2  0x000055555bd97d50 in tokio::runtime::scheduler::multi_thread::worker::Context::park_internal ()\n#3  0x000055555bd96fec in tokio::runtime::scheduler::multi_thread::worker::run ()\n#4  0x000055555bd9506d in tokio::runtime::task::raw::poll ()\n#5  0x000055555bd86b52 in std::sys::backtrace::__rust_begin_short_backtrace ()\n#6  0x000055555bd89aea in core::ops::function::FnOnce::call_once{{vtable.shim}} ()\n#7  0x000055555bd7502a in std::sys::thread::unix::Thread::new::thread_start ()\n(More stack frames follow...)\n"
~"\nThread 24 (Thread 0x7ffff4da96c0 (LWP 2268732) \"tokio-rt-worker\"):\n"
~"#0  syscall () at ../sysdeps/unix/sysv/linux/x86_64/syscall.S:38\n#1  0x000055555afdfe39 in parking_lot::condvar::Condvar::wait_until_internal ()\n#2  0x000055555bd97d50 in tokio::runtime::scheduler::multi_thread::worker::Context::park_internal ()\n#3  0x000055555bd96fec in tokio::runtime::scheduler::multi_thread::worker::run ()\n#4  0x000055555bd9506d in tokio::runtime::task::raw::poll ()\n#5  0x000055555bd86b52 in std::sys::backtrace::__rust_begin_short_backtrace ()\n#6  0x000055555bd89aea in core::ops::function::FnOnce::call_once{{vtable.shim}} ()\n#7  0x000055555bd7502a in std::sys::thread::unix::Thread::new::thread_start ()\n(More stack frames follow...)\n"
~"\nThread 23 (Thread 0x7ffff4faa6c0 (LWP 2268731) \"tokio-rt-worker\"):\n"
~"#0  syscall () at ../sysdeps/unix/sysv/linux/x86_64/syscall.S:38\n#1  0x000055555afdfe39 in parking_lot::condvar::Condvar::wait_until_internal ()\n#2  0x000055555bd97d50 in tokio::runtime::scheduler::multi_thread::worker::Context::park_internal ()\n#3  0x000055555bd96fec in tokio::runtime::scheduler::multi_thread::worker::run ()\n#4  0x000055555bd9506d in tokio::runtime::task::raw::poll ()\n#5  0x000055555bd86b52 in std::sys::backtrace::__rust_begin_short_backtrace ()\n#6  0x000055555bd89aea in core::ops::function::FnOnce::call_once{{vtable.shim}} ()\n#7  0x000055555bd7502a in std::sys::thread::unix::Thread::new::thread_start ()\n(More stack frames follow...)\n"
~"\nThread 22 (Thread 0x7ffff51ab6c0 (LWP 2268730) \"tokio-rt-worker\"):\n"
~"#0  syscall () at ../sysdeps/unix/sysv/linux/x86_64/syscall.S:38\n#1  0x000055555afdfe39 in parking_lot::condvar::Condvar::wait_until_internal ()\n#2  0x000055555bd97d50 in tokio::runtime::scheduler::multi_thread::worker::Context::park_internal ()\n#3  0x000055555bd96fec in tokio::runtime::scheduler::multi_thread::worker::run ()\n#4  0x000055555bd9506d in tokio::runtime::task::raw::poll ()\n#5  0x000055555bd86b52 in std::sys::backtrace::__rust_begin_short_backtrace ()\n#6  0x000055555bd89aea in core::ops::function::FnOnce::call_once{{vtable.shim}} ()\n#7  0x000055555bd7502a in std::sys::thread::unix::Thread::new::thread_start ()\n(More stack frames follow...)\n"
~"\nThread 21 (Thread 0x7ffff53ac6c0 (LWP 2268729) \"tokio-rt-worker\"):\n"
~"#0  syscall () at ../sysdeps/unix/sysv/linux/x86_64/syscall.S:38\n#1  0x000055555afdfe39 in parking_lot::condvar::Condvar::wait_until_internal ()\n#2  0x000055555bd97d50 in tokio::runtime::scheduler::multi_thread::worker::Context::park_internal ()\n#3  0x000055555bd96fec in tokio::runtime::scheduler::multi_thread::worker::run ()\n#4  0x000055555bd9506d in tokio::runtime::task::raw::poll ()\n#5  0x000055555bd86b52 in std::sys::backtrace::__rust_begin_short_backtrace ()\n#6  0x000055555bd89aea in core::ops::function::FnOnce::call_once{{vtable.shim}} ()\n#7  0x000055555bd7502a in std::sys::thread::unix::Thread::new::thread_start ()\n(More stack frames follow...)\n"
~"\nThread 20 (Thread 0x7ffff55ad6c0 (LWP 2268728) \"tokio-rt-worker\"):\n"
~"#0  syscall () at ../sysdeps/unix/sysv/linux/x86_64/syscall.S:38\n#1  0x000055555afdfe39 in parking_lot::condvar::Condvar::wait_until_internal ()\n#2  0x000055555bd97d50 in tokio::runtime::scheduler::multi_thread::worker::Context::park_internal ()\n#3  0x000055555bd96fec in tokio::runtime::scheduler::multi_thread::worker::run ()\n#4  0x000055555bd9506d in tokio::runtime::task::raw::poll ()\n#5  0x000055555bd86b52 in std::sys::backtrace::__rust_begin_short_backtrace ()\n#6  0x000055555bd89aea in core::ops::function::FnOnce::call_once{{vtable.shim}} ()\n#7  0x000055555bd7502a in std::sys::thread::unix::Thread::new::thread_start ()\n(More stack frames follow...)\n"
~"\nThread 19 (Thread 0x7ffff57ae6c0 (LWP 2268727) \"tokio-rt-worker\"):\n"
~"#0  syscall () at ../sysdeps/unix/sysv/linux/x86_64/syscall.S:38\n#1  0x000055555afdfe39 in parking_lot::condvar::Condvar::wait_until_internal ()\n#2  0x000055555bd97d50 in tokio::runtime::scheduler::multi_thread::worker::Context::park_internal ()\n#3  0x000055555bd96fec in tokio::runtime::scheduler::multi_thread::worker::run ()\n#4  0x000055555bd9506d in tokio::runtime::task::raw::poll ()\n#5  0x000055555bd86b52 in std::sys::backtrace::__rust_begin_short_backtrace ()\n#6  0x000055555bd89aea in core::ops::function::FnOnce::call_once{{vtable.shim}} ()\n#7  0x000055555bd7502a in std::sys::thread::unix::Thread::new::thread_start ()\n(More stack frames follow...)\n"
~"\nThread 18 (Thread 0x7ffff59af6c0 (LWP 2268726) \"tokio-rt-worker\"):\n"
~"#0  0x00007ffff7d2a2d2 in epoll_wait (epfd=3, events=0x36f6e300000, maxevents=1024, timeout=-1) at ../sysdeps/unix/sysv/linux/epoll_wait.c:30\n#1  0x000055555bd994ae in tokio::runtime::io::driver::Driver::turn ()\n#2  0x000055555bd9919d in tokio::runtime::time::Driver::park_internal ()\n#3  0x000055555bd97b94 in tokio::runtime::scheduler::multi_thread::worker::Context::park_internal ()\n#4  0x000055555bd96fec in tokio::runtime::scheduler::multi_thread::worker::run ()\n#5  0x000055555bd9506d in tokio::runtime::task::raw::poll ()\n#6  0x000055555bd86b52 in std::sys::backtrace::__rust_begin_short_backtrace ()\n#7  0x000055555bd89aea in core::ops::function::FnOnce::call_once{{vtable.shim}} ()\n(More stack frames follow...)\n"
~"\nThread 17 (Thread 0x7ffff5bb06c0 (LWP 2268725) \"qe-worker-15\"):\n"
~"#0  syscall () at ../sysdeps/unix/sysv/linux/x86_64/syscall.S:38\n#1  0x000055555ba4c877 in rayon_core::sleep::Sleep::sleep ()\n#2  0x000055555ba4c30b in rayon_core::registry::WorkerThread::wait_until_cold ()\n#3  0x000055555ba4bcd2 in std::sys::backtrace::__rust_begin_short_backtrace ()\n#4  0x000055555ba4ba3c in core::ops::function::FnOnce::call_once{{vtable.shim}} ()\n#5  0x000055555bd7502a in std::sys::thread::unix::Thread::new::thread_start ()\n#6  0x00007ffff7c9cb84 in start_thread (arg=<optimized out>) at ./nptl/pthread_create.c:447\n#7  0x00007ffff7d29ecc in clone3 () at ../sysdeps/unix/sysv/linux/x86_64/clone3.S:78\n"
~"\nThread 16 (Thread 0x7ffff5db16c0 (LWP 2268724) \"qe-worker-14\"):\n"
~"#0  syscall () at ../sysdeps/unix/sysv/linux/x86_64/syscall.S:38\n#1  0x000055555ba4c877 in rayon_core::sleep::Sleep::sleep ()\n#2  0x000055555ba4c30b in rayon_core::registry::WorkerThread::wait_until_cold ()\n#3  0x000055555ba4bcd2 in std::sys::backtrace::__rust_begin_short_backtrace ()\n#4  0x000055555ba4ba3c in core::ops::function::FnOnce::call_once{{vtable.shim}} ()\n#5  0x000055555bd7502a in std::sys::thread::unix::Thread::new::thread_start ()\n#6  0x00007ffff7c9cb84 in start_thread (arg=<optimized out>) at ./nptl/pthread_create.c:447\n#7  0x00007ffff7d29ecc in clone3 () at ../sysdeps/unix/sysv/linux/x86_64/clone3.S:78\n"
~"\nThread 15 (Thread 0x7ffff5fb26c0 (LWP 2268723) \"qe-worker-13\"):\n"
~"#0  syscall () at ../sysdeps/unix/sysv/linux/x86_64/syscall.S:38\n#1  0x000055555ba4c877 in rayon_core::sleep::Sleep::sleep ()\n#2  0x000055555ba4c30b in rayon_core::registry::WorkerThread::wait_until_cold ()\n#3  0x000055555ba4bcd2 in std::sys::backtrace::__rust_begin_short_backtrace ()\n#4  0x000055555ba4ba3c in core::ops::function::FnOnce::call_once{{vtable.shim}} ()\n#5  0x000055555bd7502a in std::sys::thread::unix::Thread::new::thread_start ()\n#6  0x00007ffff7c9cb84 in start_thread (arg=<optimized out>) at ./nptl/pthread_create.c:447\n#7  0x00007ffff7d29ecc in clone3 () at ../sysdeps/unix/sysv/linux/x86_64/clone3.S:78\n"
~"\nThread 14 (Thread 0x7ffff61b36c0 (LWP 2268722) \"qe-worker-12\"):\n"
~"#0  syscall () at ../sysdeps/unix/sysv/linux/x86_64/syscall.S:38\n#1  0x000055555ba4c877 in rayon_core::sleep::Sleep::sleep ()\n#2  0x000055555ba4c30b in rayon_core::registry::WorkerThread::wait_until_cold ()\n#3  0x000055555ba4bcd2 in std::sys::backtrace::__rust_begin_short_backtrace ()\n#4  0x000055555ba4ba3c in core::ops::function::FnOnce::call_once{{vtable.shim}} ()\n#5  0x000055555bd7502a in std::sys::thread::unix::Thread::new::thread_start ()\n#6  0x00007ffff7c9cb84 in start_thread (arg=<optimized out>) at ./nptl/pthread_create.c:447\n#7  0x00007ffff7d29ecc in clone3 () at ../sysdeps/unix/sysv/linux/x86_64/clone3.S:78\n"
~"\nThread 13 (Thread 0x7ffff63b46c0 (LWP 2268721) \"qe-worker-11\"):\n"
~"#0  syscall () at ../sysdeps/unix/sysv/linux/x86_64/syscall.S:38\n#1  0x000055555ba4c877 in rayon_core::sleep::Sleep::sleep ()\n#2  0x000055555ba4c30b in rayon_core::registry::WorkerThread::wait_until_cold ()\n#3  0x000055555ba4bcd2 in std::sys::backtrace::__rust_begin_short_backtrace ()\n#4  0x000055555ba4ba3c in core::ops::function::FnOnce::call_once{{vtable.shim}} ()\n#5  0x000055555bd7502a in std::sys::thread::unix::Thread::new::thread_start ()\n#6  0x00007ffff7c9cb84 in start_thread (arg=<optimized out>) at ./nptl/pthread_create.c:447\n#7  0x00007ffff7d29ecc in clone3 () at ../sysdeps/unix/sysv/linux/x86_64/clone3.S:78\n"
~"\nThread 12 (Thread 0x7ffff65b56c0 (LWP 2268720) \"qe-worker-10\"):\n"
~"#0  syscall () at ../sysdeps/unix/sysv/linux/x86_64/syscall.S:38\n#1  0x000055555ba4c877 in rayon_core::sleep::Sleep::sleep ()\n#2  0x000055555ba4c30b in rayon_core::registry::WorkerThread::wait_until_cold ()\n#3  0x000055555ba4bcd2 in std::sys::backtrace::__rust_begin_short_backtrace ()\n#4  0x000055555ba4ba3c in core::ops::function::FnOnce::call_once{{vtable.shim}} ()\n#5  0x000055555bd7502a in std::sys::thread::unix::Thread::new::thread_start ()\n#6  0x00007ffff7c9cb84 in start_thread (arg=<optimized out>) at ./nptl/pthread_create.c:447\n#7  0x00007ffff7d29ecc in clone3 () at ../sysdeps/unix/sysv/linux/x86_64/clone3.S:78\n"
~"\nThread 11 (Thread 0x7ffff67b66c0 (LWP 2268719) \"qe-worker-9\"):\n"
~"#0  syscall () at ../sysdeps/unix/sysv/linux/x86_64/syscall.S:38\n#1  0x000055555ba4c877 in rayon_core::sleep::Sleep::sleep ()\n#2  0x000055555ba4c30b in rayon_core::registry::WorkerThread::wait_until_cold ()\n#3  0x000055555ba4bcd2 in std::sys::backtrace::__rust_begin_short_backtrace ()\n#4  0x000055555ba4ba3c in core::ops::function::FnOnce::call_once{{vtable.shim}} ()\n#5  0x000055555bd7502a in std::sys::thread::unix::Thread::new::thread_start ()\n#6  0x00007ffff7c9cb84 in start_thread (arg=<optimized out>) at ./nptl/pthread_create.c:447\n#7  0x00007ffff7d29ecc in clone3 () at ../sysdeps/unix/sysv/linux/x86_64/clone3.S:78\n"
~"\nThread 10 (Thread 0x7ffff69b76c0 (LWP 2268718) \"qe-worker-8\"):\n"
~"#0  syscall () at ../sysdeps/unix/sysv/linux/x86_64/syscall.S:38\n#1  0x000055555ba4c877 in rayon_core::sleep::Sleep::sleep ()\n#2  0x000055555ba4c30b in rayon_core::registry::WorkerThread::wait_until_cold ()\n#3  0x000055555ba4bcd2 in std::sys::backtrace::__rust_begin_short_backtrace ()\n#4  0x000055555ba4ba3c in core::ops::function::FnOnce::call_once{{vtable.shim}} ()\n#5  0x000055555bd7502a in std::sys::thread::unix::Thread::new::thread_start ()\n#6  0x00007ffff7c9cb84 in start_thread (arg=<optimized out>) at ./nptl/pthread_create.c:447\n#7  0x00007ffff7d29ecc in clone3 () at ../sysdeps/unix/sysv/linux/x86_64/clone3.S:78\n"
~"\nThread 9 (Thread 0x7ffff6bb86c0 (LWP 2268717) \"qe-worker-7\"):\n"
~"#0  syscall () at ../sysdeps/unix/sysv/linux/x86_64/syscall.S:38\n#1  0x000055555ba4c877 in rayon_core::sleep::Sleep::sleep ()\n#2  0x000055555ba4c30b in rayon_core::registry::WorkerThread::wait_until_cold ()\n#3  0x000055555ba4bcd2 in std::sys::backtrace::__rust_begin_short_backtrace ()\n#4  0x000055555ba4ba3c in core::ops::function::FnOnce::call_once{{vtable.shim}} ()\n#5  0x000055555bd7502a in std::sys::thread::unix::Thread::new::thread_start ()\n#6  0x00007ffff7c9cb84 in start_thread (arg=<optimized out>) at ./nptl/pthread_create.c:447\n#7  0x00007ffff7d29ecc in clone3 () at ../sysdeps/unix/sysv/linux/x86_64/clone3.S:78\n"
~"\nThread 8 (Thread 0x7ffff6db96c0 (LWP 2268716) \"qe-worker-6\"):\n"
~"#0  syscall () at ../sysdeps/unix/sysv/linux/x86_64/syscall.S:38\n#1  0x000055555ba4c877 in rayon_core::sleep::Sleep::sleep ()\n#2  0x000055555ba4c30b in rayon_core::registry::WorkerThread::wait_until_cold ()\n#3  0x000055555ba4bcd2 in std::sys::backtrace::__rust_begin_short_backtrace ()\n#4  0x000055555ba4ba3c in core::ops::function::FnOnce::call_once{{vtable.shim}} ()\n#5  0x000055555bd7502a in std::sys::thread::unix::Thread::new::thread_start ()\n#6  0x00007ffff7c9cb84 in start_thread (arg=<optimized out>) at ./nptl/pthread_create.c:447\n#7  0x00007ffff7d29ecc in clone3 () at ../sysdeps/unix/sysv/linux/x86_64/clone3.S:78\n"
~"\nThread 7 (Thread 0x7ffff6fba6c0 (LWP 2268715) \"qe-worker-5\"):\n"
~"#0  syscall () at ../sysdeps/unix/sysv/linux/x86_64/syscall.S:38\n#1  0x000055555ba4c877 in rayon_core::sleep::Sleep::sleep ()\n#2  0x000055555ba4c30b in rayon_core::registry::WorkerThread::wait_until_cold ()\n#3  0x000055555ba4bcd2 in std::sys::backtrace::__rust_begin_short_backtrace ()\n#4  0x000055555ba4ba3c in core::ops::function::FnOnce::call_once{{vtable.shim}} ()\n#5  0x000055555bd7502a in std::sys::thread::unix::Thread::new::thread_start ()\n#6  0x00007ffff7c9cb84 in start_thread (arg=<optimized out>) at ./nptl/pthread_create.c:447\n#7  0x00007ffff7d29ecc in clone3 () at ../sysdeps/unix/sysv/linux/x86_64/clone3.S:78\n"
~"\nThread 6 (Thread 0x7ffff71bb6c0 (LWP 2268714) \"qe-worker-4\"):\n"
~"#0  syscall () at ../sysdeps/unix/sysv/linux/x86_64/syscall.S:38\n#1  0x000055555ba4c877 in rayon_core::sleep::Sleep::sleep ()\n#2  0x000055555ba4c30b in rayon_core::registry::WorkerThread::wait_until_cold ()\n#3  0x000055555ba4bcd2 in std::sys::backtrace::__rust_begin_short_backtrace ()\n#4  0x000055555ba4ba3c in core::ops::function::FnOnce::call_once{{vtable.shim}} ()\n#5  0x000055555bd7502a in std::sys::thread::unix::Thread::new::thread_start ()\n#6  0x00007ffff7c9cb84 in start_thread (arg=<optimized out>) at ./nptl/pthread_create.c:447\n#7  0x00007ffff7d29ecc in clone3 () at ../sysdeps/unix/sysv/linux/x86_64/clone3.S:78\n"
~"\nThread 5 (Thread 0x7ffff73bc6c0 (LWP 2268713) \"qe-worker-3\"):\n"
~"#0  syscall () at ../sysdeps/unix/sysv/linux/x86_64/syscall.S:38\n#1  0x000055555ba4c877 in rayon_core::sleep::Sleep::sleep ()\n#2  0x000055555ba4c30b in rayon_core::registry::WorkerThread::wait_until_cold ()\n#3  0x000055555ba4bcd2 in std::sys::backtrace::__rust_begin_short_backtrace ()\n#4  0x000055555ba4ba3c in core::ops::function::FnOnce::call_once{{vtable.shim}} ()\n#5  0x000055555bd7502a in std::sys::thread::unix::Thread::new::thread_start ()\n#6  0x00007ffff7c9cb84 in start_thread (arg=<optimized out>) at ./nptl/pthread_create.c:447\n#7  0x00007ffff7d29ecc in clone3 () at ../sysdeps/unix/sysv/linux/x86_64/clone3.S:78\n"
~"\nThread 4 (Thread 0x7ffff75bd6c0 (LWP 2268712) \"qe-worker-2\"):\n"
~"#0  syscall () at ../sysdeps/unix/sysv/linux/x86_64/syscall.S:38\n#1  0x000055555ba4c877 in rayon_core::sleep::Sleep::sleep ()\n#2  0x000055555ba4c30b in rayon_core::registry::WorkerThread::wait_until_cold ()\n#3  0x000055555ba4bcd2 in std::sys::backtrace::__rust_begin_short_backtrace ()\n#4  0x000055555ba4ba3c in core::ops::function::FnOnce::call_once{{vtable.shim}} ()\n#5  0x000055555bd7502a in std::sys::thread::unix::Thread::new::thread_start ()\n#6  0x00007ffff7c9cb84 in start_thread (arg=<optimized out>) at ./nptl/pthread_create.c:447\n#7  0x00007ffff7d29ecc in clone3 () at ../sysdeps/unix/sysv/linux/x86_64/clone3.S:78\n"
~"\nThread 3 (Thread 0x7ffff77be6c0 (LWP 2268711) \"qe-worker-1\"):\n"
~"#0  syscall () at ../sysdeps/unix/sysv/linux/x86_64/syscall.S:38\n#1  0x000055555ba4c877 in rayon_core::sleep::Sleep::sleep ()\n#2  0x000055555ba4c30b in rayon_core::registry::WorkerThread::wait_until_cold ()\n#3  0x000055555ba4bcd2 in std::sys::backtrace::__rust_begin_short_backtrace ()\n#4  0x000055555ba4ba3c in core::ops::function::FnOnce::call_once{{vtable.shim}} ()\n#5  0x000055555bd7502a in std::sys::thread::unix::Thread::new::thread_start ()\n#6  0x00007ffff7c9cb84 in start_thread (arg=<optimized out>) at ./nptl/pthread_create.c:447\n#7  0x00007ffff7d29ecc in clone3 () at ../sysdeps/unix/sysv/linux/x86_64/clone3.S:78\n"
~"\nThread 2 (Thread 0x7ffff79bf6c0 (LWP 2268710) \"qe-worker-0\"):\n"
~"#0  syscall () at ../sysdeps/unix/sysv/linux/x86_64/syscall.S:38\n#1  0x000055555ba4c877 in rayon_core::sleep::Sleep::sleep ()\n#2  0x000055555ba4c30b in rayon_core::registry::WorkerThread::wait_until_cold ()\n#3  0x000055555ba4bcd2 in std::sys::backtrace::__rust_begin_short_backtrace ()\n#4  0x000055555ba4ba3c in core::ops::function::FnOnce::call_once{{vtable.shim}} ()\n#5  0x000055555bd7502a in std::sys::thread::unix::Thread::new::thread_start ()\n#6  0x00007ffff7c9cb84 in start_thread (arg=<optimized out>) at ./nptl/pthread_create.c:447\n#7  0x00007ffff7d29ecc in clone3 () at ../sysdeps/unix/sysv/linux/x86_64/clone3.S:78\n"
~"\nThread 1 (Thread 0x7ffff7e8d100 (LWP 2268699) \"serial_frontier\"):\n"
~"#0  syscall () at ../sysdeps/unix/sysv/linux/x86_64/syscall.S:38\n#1  0x000055555ba4d835 in rayon_core::latch::LockLatch::wait_and_reset ()\n#2  0x000055555b531e43 in rayon_core::registry::Registry::in_worker_cold ()\n#3  0x000055555b523e4e in rayon::iter::plumbing::bridge_producer_consumer::helper ()\n#4  0x000055555b4a1e2a in query_engine::physical::morsel_agg::live_spill::execute::{{closure}} ()\n#5  0x000055555b4930c1 in <query_engine::physical::operators::spillable::SpillableHashAggregateExec as query_engine::physical::plan::PhysicalOperator>::execute::{{closure}} ()\n#6  0x000055555b632182 in <query_engine::physical::operators::project::ProjectExec as query_engine::physical::plan::PhysicalOperator>::execute::{{closure}} ()\n#7  0x000055555b4a7680 in query_engine::physical::operators::spillable::stream_merge_input_partitions::{{closure}} ()\n(More stack frames follow...)\n"
98^done
(gdb) 
99^running
*running,thread-id="all"
(gdb) 
100^done
(gdb) 
~"\nThread "
~"1 \"serial_frontier\" received signal SIGINT, Interrupt.\n"
~"syscall () at ../sysdeps/unix/sysv/linux/x86_64/syscall.S:38\n"
~"38\tin ../sysdeps/unix/sysv/linux/x86_64/syscall.S\n"
*stopped,reason="signal-received",signal-name="SIGINT",signal-meaning="Interrupt",frame={addr="0x00007ffff7d2752d",func="syscall",args=[],file="../sysdeps/unix/sysv/linux/x86_64/syscall.S",fullname="./misc/../sysdeps/unix/sysv/linux/x86_64/syscall.S",line="38",arch="i386:x86-64"},thread-id="1",stopped-threads="all",core="14"
~"\nThread 34 (Thread 0x7fff877fb6c0 (LWP 2268742) \"tokio-rt-worker\"):\n"
~"#0  syscall () at ../sysdeps/unix/sysv/linux/x86_64/syscall.S:38\n#1  0x000055555afdfe97 in parking_lot::condvar::Condvar::wait_until_internal ()\n#2  0x000055555bd86bfa in std::sys::backtrace::__rust_begin_short_backtrace ()\n#3  0x000055555bd89aea in core::ops::function::FnOnce::call_once{{vtable.shim}} ()\n#4  0x000055555bd7502a in std::sys::thread::unix::Thread::new::thread_start ()\n#5  0x00007ffff7c9cb84 in start_thread (arg=<optimized out>) at ./nptl/pthread_create.c:447\n#6  0x00007ffff7d29ecc in clone3 () at ../sysdeps/unix/sysv/linux/x86_64/clone3.S:78\n"
~"\nThread 33 (Thread 0x7fff879fc6c0 (LWP 2268741) \"tokio-rt-worker\"):\n"
~"#0  syscall () at ../sysdeps/unix/sysv/linux/x86_64/syscall.S:38\n#1  0x000055555afdfe39 in parking_lot::condvar::Condvar::wait_until_internal ()\n#2  0x000055555bd97d50 in tokio::runtime::scheduler::multi_thread::worker::Context::park_internal ()\n#3  0x000055555bd96fec in tokio::runtime::scheduler::multi_thread::worker::run ()\n#4  0x000055555bd9506d in tokio::runtime::task::raw::poll ()\n#5  0x000055555bd86b52 in std::sys::backtrace::__rust_begin_short_backtrace ()\n#6  0x000055555bd89aea in core::ops::function::FnOnce::call_once{{vtable.shim}} ()\n#7  0x000055555bd7502a in std::sys::thread::unix::Thread::new::thread_start ()\n(More stack frames follow...)\n"
~"\nThread 32 (Thread 0x7fff87bfd6c0 (LWP 2268740) \"tokio-rt-worker\"):\n"
~"#0  syscall () at ../sysdeps/unix/sysv/linux/x86_64/syscall.S:38\n#1  0x000055555afdfe39 in parking_lot::condvar::Condvar::wait_until_internal ()\n#2  0x000055555bd97d50 in tokio::runtime::scheduler::multi_thread::worker::Context::park_internal ()\n#3  0x000055555bd96fec in tokio::runtime::scheduler::multi_thread::worker::run ()\n#4  0x000055555bd9506d in tokio::runtime::task::raw::poll ()\n#5  0x000055555bd86b52 in std::sys::backtrace::__rust_begin_short_backtrace ()\n#6  0x000055555bd89aea in core::ops::function::FnOnce::call_once{{vtable.shim}} ()\n#7  0x000055555bd7502a in std::sys::thread::unix::Thread::new::thread_start ()\n(More stack frames follow...)\n"
~"\nThread 31 (Thread 0x7fff87dfe6c0 (LWP 2268739) \"tokio-rt-worker\"):\n"
~"#0  syscall () at ../sysdeps/unix/sysv/linux/x86_64/syscall.S:38\n#1  0x000055555afdfe39 in parking_lot::condvar::Condvar::wait_until_internal ()\n#2  0x000055555bd97d50 in tokio::runtime::scheduler::multi_thread::worker::Context::park_internal ()\n#3  0x000055555bd96fec in tokio::runtime::scheduler::multi_thread::worker::run ()\n#4  0x000055555bd9506d in tokio::runtime::task::raw::poll ()\n#5  0x000055555bd86b52 in std::sys::backtrace::__rust_begin_short_backtrace ()\n#6  0x000055555bd89aea in core::ops::function::FnOnce::call_once{{vtable.shim}} ()\n#7  0x000055555bd7502a in std::sys::thread::unix::Thread::new::thread_start ()\n(More stack frames follow...)\n"
~"\nThread 30 (Thread 0x7fff87fff6c0 (LWP 2268738) \"tokio-rt-worker\"):\n"
~"#0  syscall () at ../sysdeps/unix/sysv/linux/x86_64/syscall.S:38\n#1  0x000055555afdfe39 in parking_lot::condvar::Condvar::wait_until_internal ()\n#2  0x000055555bd97d50 in tokio::runtime::scheduler::multi_thread::worker::Context::park_internal ()\n#3  0x000055555bd96fec in tokio::runtime::scheduler::multi_thread::worker::run ()\n#4  0x000055555bd9506d in tokio::runtime::task::raw::poll ()\n#5  0x000055555bd86b52 in std::sys::backtrace::__rust_begin_short_backtrace ()\n#6  0x000055555bd89aea in core::ops::function::FnOnce::call_once{{vtable.shim}} ()\n#7  0x000055555bd7502a in std::sys::thread::unix::Thread::new::thread_start ()\n(More stack frames follow...)\n"
~"\nThread 29 (Thread 0x7ffff43a46c0 (LWP 2268737) \"tokio-rt-worker\"):\n"
~"#0  syscall () at ../sysdeps/unix/sysv/linux/x86_64/syscall.S:38\n#1  0x000055555afdfe39 in parking_lot::condvar::Condvar::wait_until_internal ()\n#2  0x000055555bd97d50 in tokio::runtime::scheduler::multi_thread::worker::Context::park_internal ()\n#3  0x000055555bd96fec in tokio::runtime::scheduler::multi_thread::worker::run ()\n#4  0x000055555bd9506d in tokio::runtime::task::raw::poll ()\n#5  0x000055555bd86b52 in std::sys::backtrace::__rust_begin_short_backtrace ()\n#6  0x000055555bd89aea in core::ops::function::FnOnce::call_once{{vtable.shim}} ()\n#7  0x000055555bd7502a in std::sys::thread::unix::Thread::new::thread_start ()\n(More stack frames follow...)\n"
~"\nThread 28 (Thread 0x7ffff45a56c0 (LWP 2268736) \"tokio-rt-worker\"):\n"
~"#0  syscall () at ../sysdeps/unix/sysv/linux/x86_64/syscall.S:38\n#1  0x000055555afdfe39 in parking_lot::condvar::Condvar::wait_until_internal ()\n#2  0x000055555bd97d50 in tokio::runtime::scheduler::multi_thread::worker::Context::park_internal ()\n#3  0x000055555bd96fec in tokio::runtime::scheduler::multi_thread::worker::run ()\n#4  0x000055555bd9506d in tokio::runtime::task::raw::poll ()\n#5  0x000055555bd86b52 in std::sys::backtrace::__rust_begin_short_backtrace ()\n#6  0x000055555bd89aea in core::ops::function::FnOnce::call_once{{vtable.shim}} ()\n#7  0x000055555bd7502a in std::sys::thread::unix::Thread::new::thread_start ()\n(More stack frames follow...)\n"
~"\nThread 27 (Thread 0x7ffff47a66c0 (LWP 2268735) \"tokio-rt-worker\"):\n"
~"#0  syscall () at ../sysdeps/unix/sysv/linux/x86_64/syscall.S:38\n#1  0x000055555afdfe39 in parking_lot::condvar::Condvar::wait_until_internal ()\n#2  0x000055555bd97d50 in tokio::runtime::scheduler::multi_thread::worker::Context::park_internal ()\n#3  0x000055555bd96fec in tokio::runtime::scheduler::multi_thread::worker::run ()\n#4  0x000055555bd9506d in tokio::runtime::task::raw::poll ()\n#5  0x000055555bd86b52 in std::sys::backtrace::__rust_begin_short_backtrace ()\n#6  0x000055555bd89aea in core::ops::function::FnOnce::call_once{{vtable.shim}} ()\n#7  0x000055555bd7502a in std::sys::thread::unix::Thread::new::thread_start ()\n(More stack frames follow...)\n"
~"\nThread 26 (Thread 0x7ffff49a76c0 (LWP 2268734) \"tokio-rt-worker\"):\n"
~"#0  syscall () at ../sysdeps/unix/sysv/linux/x86_64/syscall.S:38\n#1  0x000055555afdfe39 in parking_lot::condvar::Condvar::wait_until_internal ()\n#2  0x000055555bd97d50 in tokio::runtime::scheduler::multi_thread::worker::Context::park_internal ()\n#3  0x000055555bd96fec in tokio::runtime::scheduler::multi_thread::worker::run ()\n#4  0x000055555bd9506d in tokio::runtime::task::raw::poll ()\n#5  0x000055555bd86b52 in std::sys::backtrace::__rust_begin_short_backtrace ()\n#6  0x000055555bd89aea in core::ops::function::FnOnce::call_once{{vtable.shim}} ()\n#7  0x000055555bd7502a in std::sys::thread::unix::Thread::new::thread_start ()\n(More stack frames follow...)\n"
~"\nThread 25 (Thread 0x7ffff4ba86c0 (LWP 2268733) \"tokio-rt-worker\"):\n"
~"#0  syscall () at ../sysdeps/unix/sysv/linux/x86_64/syscall.S:38\n#1  0x000055555afdfe39 in parking_lot::condvar::Condvar::wait_until_internal ()\n#2  0x000055555bd97d50 in tokio::runtime::scheduler::multi_thread::worker::Context::park_internal ()\n#3  0x000055555bd96fec in tokio::runtime::scheduler::multi_thread::worker::run ()\n#4  0x000055555bd9506d in tokio::runtime::task::raw::poll ()\n#5  0x000055555bd86b52 in std::sys::backtrace::__rust_begin_short_backtrace ()\n#6  0x000055555bd89aea in core::ops::function::FnOnce::call_once{{vtable.shim}} ()\n#7  0x000055555bd7502a in std::sys::thread::unix::Thread::new::thread_start ()\n(More stack frames follow...)\n"
~"\nThread 24 (Thread 0x7ffff4da96c0 (LWP 2268732) \"tokio-rt-worker\"):\n"
~"#0  syscall () at ../sysdeps/unix/sysv/linux/x86_64/syscall.S:38\n#1  0x000055555afdfe39 in parking_lot::condvar::Condvar::wait_until_internal ()\n#2  0x000055555bd97d50 in tokio::runtime::scheduler::multi_thread::worker::Context::park_internal ()\n#3  0x000055555bd96fec in tokio::runtime::scheduler::multi_thread::worker::run ()\n#4  0x000055555bd9506d in tokio::runtime::task::raw::poll ()\n#5  0x000055555bd86b52 in std::sys::backtrace::__rust_begin_short_backtrace ()\n#6  0x000055555bd89aea in core::ops::function::FnOnce::call_once{{vtable.shim}} ()\n#7  0x000055555bd7502a in std::sys::thread::unix::Thread::new::thread_start ()\n(More stack frames follow...)\n"
~"\nThread 23 (Thread 0x7ffff4faa6c0 (LWP 2268731) \"tokio-rt-worker\"):\n"
~"#0  syscall () at ../sysdeps/unix/sysv/linux/x86_64/syscall.S:38\n#1  0x000055555afdfe39 in parking_lot::condvar::Condvar::wait_until_internal ()\n#2  0x000055555bd97d50 in tokio::runtime::scheduler::multi_thread::worker::Context::park_internal ()\n#3  0x000055555bd96fec in tokio::runtime::scheduler::multi_thread::worker::run ()\n#4  0x000055555bd9506d in tokio::runtime::task::raw::poll ()\n#5  0x000055555bd86b52 in std::sys::backtrace::__rust_begin_short_backtrace ()\n#6  0x000055555bd89aea in core::ops::function::FnOnce::call_once{{vtable.shim}} ()\n#7  0x000055555bd7502a in std::sys::thread::unix::Thread::new::thread_start ()\n(More stack frames follow...)\n"
~"\nThread 22 (Thread 0x7ffff51ab6c0 (LWP 2268730) \"tokio-rt-worker\"):\n"
~"#0  syscall () at ../sysdeps/unix/sysv/linux/x86_64/syscall.S:38\n#1  0x000055555afdfe39 in parking_lot::condvar::Condvar::wait_until_internal ()\n#2  0x000055555bd97d50 in tokio::runtime::scheduler::multi_thread::worker::Context::park_internal ()\n#3  0x000055555bd96fec in tokio::runtime::scheduler::multi_thread::worker::run ()\n#4  0x000055555bd9506d in tokio::runtime::task::raw::poll ()\n#5  0x000055555bd86b52 in std::sys::backtrace::__rust_begin_short_backtrace ()\n#6  0x000055555bd89aea in core::ops::function::FnOnce::call_once{{vtable.shim}} ()\n#7  0x000055555bd7502a in std::sys::thread::unix::Thread::new::thread_start ()\n(More stack frames follow...)\n"
~"\nThread 21 (Thread 0x7ffff53ac6c0 (LWP 2268729) \"tokio-rt-worker\"):\n"
~"#0  syscall () at ../sysdeps/unix/sysv/linux/x86_64/syscall.S:38\n#1  0x000055555afdfe39 in parking_lot::condvar::Condvar::wait_until_internal ()\n#2  0x000055555bd97d50 in tokio::runtime::scheduler::multi_thread::worker::Context::park_internal ()\n#3  0x000055555bd96fec in tokio::runtime::scheduler::multi_thread::worker::run ()\n#4  0x000055555bd9506d in tokio::runtime::task::raw::poll ()\n#5  0x000055555bd86b52 in std::sys::backtrace::__rust_begin_short_backtrace ()\n#6  0x000055555bd89aea in core::ops::function::FnOnce::call_once{{vtable.shim}} ()\n#7  0x000055555bd7502a in std::sys::thread::unix::Thread::new::thread_start ()\n(More stack frames follow...)\n"
~"\nThread 20 (Thread 0x7ffff55ad6c0 (LWP 2268728) \"tokio-rt-worker\"):\n"
~"#0  syscall () at ../sysdeps/unix/sysv/linux/x86_64/syscall.S:38\n#1  0x000055555afdfe39 in parking_lot::condvar::Condvar::wait_until_internal ()\n#2  0x000055555bd97d50 in tokio::runtime::scheduler::multi_thread::worker::Context::park_internal ()\n#3  0x000055555bd96fec in tokio::runtime::scheduler::multi_thread::worker::run ()\n#4  0x000055555bd9506d in tokio::runtime::task::raw::poll ()\n#5  0x000055555bd86b52 in std::sys::backtrace::__rust_begin_short_backtrace ()\n#6  0x000055555bd89aea in core::ops::function::FnOnce::call_once{{vtable.shim}} ()\n#7  0x000055555bd7502a in std::sys::thread::unix::Thread::new::thread_start ()\n(More stack frames follow...)\n"
~"\nThread 19 (Thread 0x7ffff57ae6c0 (LWP 2268727) \"tokio-rt-worker\"):\n"
~"#0  syscall () at ../sysdeps/unix/sysv/linux/x86_64/syscall.S:38\n#1  0x000055555afdfe39 in parking_lot::condvar::Condvar::wait_until_internal ()\n#2  0x000055555bd97d50 in tokio::runtime::scheduler::multi_thread::worker::Context::park_internal ()\n#3  0x000055555bd96fec in tokio::runtime::scheduler::multi_thread::worker::run ()\n#4  0x000055555bd9506d in tokio::runtime::task::raw::poll ()\n#5  0x000055555bd86b52 in std::sys::backtrace::__rust_begin_short_backtrace ()\n#6  0x000055555bd89aea in core::ops::function::FnOnce::call_once{{vtable.shim}} ()\n#7  0x000055555bd7502a in std::sys::thread::unix::Thread::new::thread_start ()\n(More stack frames follow...)\n"
~"\nThread 18 (Thread 0x7ffff59af6c0 (LWP 2268726) \"tokio-rt-worker\"):\n"
~"#0  0x00007ffff7d2a2d2 in epoll_wait (epfd=3, events=0x36f6e300000, maxevents=1024, timeout=-1) at ../sysdeps/unix/sysv/linux/epoll_wait.c:30\n#1  0x000055555bd994ae in tokio::runtime::io::driver::Driver::turn ()\n#2  0x000055555bd9919d in tokio::runtime::time::Driver::park_internal ()\n#3  0x000055555bd97b94 in tokio::runtime::scheduler::multi_thread::worker::Context::park_internal ()\n#4  0x000055555bd96fec in tokio::runtime::scheduler::multi_thread::worker::run ()\n#5  0x000055555bd9506d in tokio::runtime::task::raw::poll ()\n#6  0x000055555bd86b52 in std::sys::backtrace::__rust_begin_short_backtrace ()\n#7  0x000055555bd89aea in core::ops::function::FnOnce::call_once{{vtable.shim}} ()\n(More stack frames follow...)\n"
~"\nThread 17 (Thread 0x7ffff5bb06c0 (LWP 2268725) \"qe-worker-15\"):\n"
~"#0  syscall () at ../sysdeps/unix/sysv/linux/x86_64/syscall.S:38\n#1  0x000055555ba4c877 in rayon_core::sleep::Sleep::sleep ()\n#2  0x000055555ba4c30b in rayon_core::registry::WorkerThread::wait_until_cold ()\n#3  0x000055555ba4bcd2 in std::sys::backtrace::__rust_begin_short_backtrace ()\n#4  0x000055555ba4ba3c in core::ops::function::FnOnce::call_once{{vtable.shim}} ()\n#5  0x000055555bd7502a in std::sys::thread::unix::Thread::new::thread_start ()\n#6  0x00007ffff7c9cb84 in start_thread (arg=<optimized out>) at ./nptl/pthread_create.c:447\n#7  0x00007ffff7d29ecc in clone3 () at ../sysdeps/unix/sysv/linux/x86_64/clone3.S:78\n"
~"\nThread 16 (Thread 0x7ffff5db16c0 (LWP 2268724) \"qe-worker-14\"):\n"
~"#0  syscall () at ../sysdeps/unix/sysv/linux/x86_64/syscall.S:38\n#1  0x000055555ba4c877 in rayon_core::sleep::Sleep::sleep ()\n#2  0x000055555ba4c30b in rayon_core::registry::WorkerThread::wait_until_cold ()\n#3  0x000055555ba4bcd2 in std::sys::backtrace::__rust_begin_short_backtrace ()\n#4  0x000055555ba4ba3c in core::ops::function::FnOnce::call_once{{vtable.shim}} ()\n#5  0x000055555bd7502a in std::sys::thread::unix::Thread::new::thread_start ()\n#6  0x00007ffff7c9cb84 in start_thread (arg=<optimized out>) at ./nptl/pthread_create.c:447\n#7  0x00007ffff7d29ecc in clone3 () at ../sysdeps/unix/sysv/linux/x86_64/clone3.S:78\n"
~"\nThread 15 (Thread 0x7ffff5fb26c0 (LWP 2268723) \"qe-worker-13\"):\n"
~"#0  syscall () at ../sysdeps/unix/sysv/linux/x86_64/syscall.S:38\n#1  0x000055555ba4c877 in rayon_core::sleep::Sleep::sleep ()\n#2  0x000055555ba4c30b in rayon_core::registry::WorkerThread::wait_until_cold ()\n#3  0x000055555ba4bcd2 in std::sys::backtrace::__rust_begin_short_backtrace ()\n#4  0x000055555ba4ba3c in core::ops::function::FnOnce::call_once{{vtable.shim}} ()\n#5  0x000055555bd7502a in std::sys::thread::unix::Thread::new::thread_start ()\n#6  0x00007ffff7c9cb84 in start_thread (arg=<optimized out>) at ./nptl/pthread_create.c:447\n#7  0x00007ffff7d29ecc in clone3 () at ../sysdeps/unix/sysv/linux/x86_64/clone3.S:78\n"
~"\nThread 14 (Thread 0x7ffff61b36c0 (LWP 2268722) \"qe-worker-12\"):\n"
~"#0  syscall () at ../sysdeps/unix/sysv/linux/x86_64/syscall.S:38\n#1  0x000055555ba4c877 in rayon_core::sleep::Sleep::sleep ()\n#2  0x000055555ba4c30b in rayon_core::registry::WorkerThread::wait_until_cold ()\n#3  0x000055555ba4bcd2 in std::sys::backtrace::__rust_begin_short_backtrace ()\n#4  0x000055555ba4ba3c in core::ops::function::FnOnce::call_once{{vtable.shim}} ()\n#5  0x000055555bd7502a in std::sys::thread::unix::Thread::new::thread_start ()\n#6  0x00007ffff7c9cb84 in start_thread (arg=<optimized out>) at ./nptl/pthread_create.c:447\n#7  0x00007ffff7d29ecc in clone3 () at ../sysdeps/unix/sysv/linux/x86_64/clone3.S:78\n"
~"\nThread 13 (Thread 0x7ffff63b46c0 (LWP 2268721) \"qe-worker-11\"):\n"
~"#0  syscall () at ../sysdeps/unix/sysv/linux/x86_64/syscall.S:38\n#1  0x000055555ba4c877 in rayon_core::sleep::Sleep::sleep ()\n#2  0x000055555ba4c30b in rayon_core::registry::WorkerThread::wait_until_cold ()\n#3  0x000055555ba4bcd2 in std::sys::backtrace::__rust_begin_short_backtrace ()\n#4  0x000055555ba4ba3c in core::ops::function::FnOnce::call_once{{vtable.shim}} ()\n#5  0x000055555bd7502a in std::sys::thread::unix::Thread::new::thread_start ()\n#6  0x00007ffff7c9cb84 in start_thread (arg=<optimized out>) at ./nptl/pthread_create.c:447\n#7  0x00007ffff7d29ecc in clone3 () at ../sysdeps/unix/sysv/linux/x86_64/clone3.S:78\n"
~"\nThread 12 (Thread 0x7ffff65b56c0 (LWP 2268720) \"qe-worker-10\"):\n"
~"#0  syscall () at ../sysdeps/unix/sysv/linux/x86_64/syscall.S:38\n#1  0x000055555ba4c877 in rayon_core::sleep::Sleep::sleep ()\n#2  0x000055555ba4c30b in rayon_core::registry::WorkerThread::wait_until_cold ()\n#3  0x000055555ba4bcd2 in std::sys::backtrace::__rust_begin_short_backtrace ()\n#4  0x000055555ba4ba3c in core::ops::function::FnOnce::call_once{{vtable.shim}} ()\n#5  0x000055555bd7502a in std::sys::thread::unix::Thread::new::thread_start ()\n#6  0x00007ffff7c9cb84 in start_thread (arg=<optimized out>) at ./nptl/pthread_create.c:447\n#7  0x00007ffff7d29ecc in clone3 () at ../sysdeps/unix/sysv/linux/x86_64/clone3.S:78\n"
~"\nThread 11 (Thread 0x7ffff67b66c0 (LWP 2268719) \"qe-worker-9\"):\n"
~"#0  syscall () at ../sysdeps/unix/sysv/linux/x86_64/syscall.S:38\n#1  0x000055555ba4c877 in rayon_core::sleep::Sleep::sleep ()\n#2  0x000055555ba4c30b in rayon_core::registry::WorkerThread::wait_until_cold ()\n#3  0x000055555ba4bcd2 in std::sys::backtrace::__rust_begin_short_backtrace ()\n#4  0x000055555ba4ba3c in core::ops::function::FnOnce::call_once{{vtable.shim}} ()\n#5  0x000055555bd7502a in std::sys::thread::unix::Thread::new::thread_start ()\n#6  0x00007ffff7c9cb84 in start_thread (arg=<optimized out>) at ./nptl/pthread_create.c:447\n#7  0x00007ffff7d29ecc in clone3 () at ../sysdeps/unix/sysv/linux/x86_64/clone3.S:78\n"
~"\nThread 10 (Thread 0x7ffff69b76c0 (LWP 2268718) \"qe-worker-8\"):\n"
~"#0  syscall () at ../sysdeps/unix/sysv/linux/x86_64/syscall.S:38\n#1  0x000055555ba4c877 in rayon_core::sleep::Sleep::sleep ()\n#2  0x000055555ba4c30b in rayon_core::registry::WorkerThread::wait_until_cold ()\n#3  0x000055555ba4bcd2 in std::sys::backtrace::__rust_begin_short_backtrace ()\n#4  0x000055555ba4ba3c in core::ops::function::FnOnce::call_once{{vtable.shim}} ()\n#5  0x000055555bd7502a in std::sys::thread::unix::Thread::new::thread_start ()\n#6  0x00007ffff7c9cb84 in start_thread (arg=<optimized out>) at ./nptl/pthread_create.c:447\n#7  0x00007ffff7d29ecc in clone3 () at ../sysdeps/unix/sysv/linux/x86_64/clone3.S:78\n"
~"\nThread 9 (Thread 0x7ffff6bb86c0 (LWP 2268717) \"qe-worker-7\"):\n"
~"#0  syscall () at ../sysdeps/unix/sysv/linux/x86_64/syscall.S:38\n#1  0x000055555ba4c877 in rayon_core::sleep::Sleep::sleep ()\n#2  0x000055555ba4c30b in rayon_core::registry::WorkerThread::wait_until_cold ()\n#3  0x000055555ba4bcd2 in std::sys::backtrace::__rust_begin_short_backtrace ()\n#4  0x000055555ba4ba3c in core::ops::function::FnOnce::call_once{{vtable.shim}} ()\n#5  0x000055555bd7502a in std::sys::thread::unix::Thread::new::thread_start ()\n#6  0x00007ffff7c9cb84 in start_thread (arg=<optimized out>) at ./nptl/pthread_create.c:447\n#7  0x00007ffff7d29ecc in clone3 () at ../sysdeps/unix/sysv/linux/x86_64/clone3.S:78\n"
~"\nThread 8 (Thread 0x7ffff6db96c0 (LWP 2268716) \"qe-worker-6\"):\n"
~"#0  syscall () at ../sysdeps/unix/sysv/linux/x86_64/syscall.S:38\n#1  0x000055555ba4c877 in rayon_core::sleep::Sleep::sleep ()\n#2  0x000055555ba4c30b in rayon_core::registry::WorkerThread::wait_until_cold ()\n#3  0x000055555ba4bcd2 in std::sys::backtrace::__rust_begin_short_backtrace ()\n#4  0x000055555ba4ba3c in core::ops::function::FnOnce::call_once{{vtable.shim}} ()\n#5  0x000055555bd7502a in std::sys::thread::unix::Thread::new::thread_start ()\n#6  0x00007ffff7c9cb84 in start_thread (arg=<optimized out>) at ./nptl/pthread_create.c:447\n#7  0x00007ffff7d29ecc in clone3 () at ../sysdeps/unix/sysv/linux/x86_64/clone3.S:78\n"
~"\nThread 7 (Thread 0x7ffff6fba6c0 (LWP 2268715) \"qe-worker-5\"):\n"
~"#0  syscall () at ../sysdeps/unix/sysv/linux/x86_64/syscall.S:38\n#1  0x000055555ba4c877 in rayon_core::sleep::Sleep::sleep ()\n#2  0x000055555ba4c30b in rayon_core::registry::WorkerThread::wait_until_cold ()\n#3  0x000055555ba4bcd2 in std::sys::backtrace::__rust_begin_short_backtrace ()\n#4  0x000055555ba4ba3c in core::ops::function::FnOnce::call_once{{vtable.shim}} ()\n#5  0x000055555bd7502a in std::sys::thread::unix::Thread::new::thread_start ()\n#6  0x00007ffff7c9cb84 in start_thread (arg=<optimized out>) at ./nptl/pthread_create.c:447\n#7  0x00007ffff7d29ecc in clone3 () at ../sysdeps/unix/sysv/linux/x86_64/clone3.S:78\n"
~"\nThread 6 (Thread 0x7ffff71bb6c0 (LWP 2268714) \"qe-worker-4\"):\n"
~"#0  syscall () at ../sysdeps/unix/sysv/linux/x86_64/syscall.S:38\n#1  0x000055555ba4c877 in rayon_core::sleep::Sleep::sleep ()\n#2  0x000055555ba4c30b in rayon_core::registry::WorkerThread::wait_until_cold ()\n#3  0x000055555ba4bcd2 in std::sys::backtrace::__rust_begin_short_backtrace ()\n#4  0x000055555ba4ba3c in core::ops::function::FnOnce::call_once{{vtable.shim}} ()\n#5  0x000055555bd7502a in std::sys::thread::unix::Thread::new::thread_start ()\n#6  0x00007ffff7c9cb84 in start_thread (arg=<optimized out>) at ./nptl/pthread_create.c:447\n#7  0x00007ffff7d29ecc in clone3 () at ../sysdeps/unix/sysv/linux/x86_64/clone3.S:78\n"
~"\nThread 5 (Thread 0x7ffff73bc6c0 (LWP 2268713) \"qe-worker-3\"):\n"
~"#0  syscall () at ../sysdeps/unix/sysv/linux/x86_64/syscall.S:38\n#1  0x000055555ba4c877 in rayon_core::sleep::Sleep::sleep ()\n#2  0x000055555ba4c30b in rayon_core::registry::WorkerThread::wait_until_cold ()\n#3  0x000055555ba4bcd2 in std::sys::backtrace::__rust_begin_short_backtrace ()\n#4  0x000055555ba4ba3c in core::ops::function::FnOnce::call_once{{vtable.shim}} ()\n#5  0x000055555bd7502a in std::sys::thread::unix::Thread::new::thread_start ()\n#6  0x00007ffff7c9cb84 in start_thread (arg=<optimized out>) at ./nptl/pthread_create.c:447\n#7  0x00007ffff7d29ecc in clone3 () at ../sysdeps/unix/sysv/linux/x86_64/clone3.S:78\n"
~"\nThread 4 (Thread 0x7ffff75bd6c0 (LWP 2268712) \"qe-worker-2\"):\n"
~"#0  syscall () at ../sysdeps/unix/sysv/linux/x86_64/syscall.S:38\n#1  0x000055555ba4c877 in rayon_core::sleep::Sleep::sleep ()\n#2  0x000055555ba4c30b in rayon_core::registry::WorkerThread::wait_until_cold ()\n#3  0x000055555ba4bcd2 in std::sys::backtrace::__rust_begin_short_backtrace ()\n#4  0x000055555ba4ba3c in core::ops::function::FnOnce::call_once{{vtable.shim}} ()\n#5  0x000055555bd7502a in std::sys::thread::unix::Thread::new::thread_start ()\n#6  0x00007ffff7c9cb84 in start_thread (arg=<optimized out>) at ./nptl/pthread_create.c:447\n#7  0x00007ffff7d29ecc in clone3 () at ../sysdeps/unix/sysv/linux/x86_64/clone3.S:78\n"
~"\nThread 3 (Thread 0x7ffff77be6c0 (LWP 2268711) \"qe-worker-1\"):\n"
~"#0  syscall () at ../sysdeps/unix/sysv/linux/x86_64/syscall.S:38\n#1  0x000055555ba4c877 in rayon_core::sleep::Sleep::sleep ()\n#2  0x000055555ba4c30b in rayon_core::registry::WorkerThread::wait_until_cold ()\n#3  0x000055555ba4bcd2 in std::sys::backtrace::__rust_begin_short_backtrace ()\n#4  0x000055555ba4ba3c in core::ops::function::FnOnce::call_once{{vtable.shim}} ()\n#5  0x000055555bd7502a in std::sys::thread::unix::Thread::new::thread_start ()\n#6  0x00007ffff7c9cb84 in start_thread (arg=<optimized out>) at ./nptl/pthread_create.c:447\n#7  0x00007ffff7d29ecc in clone3 () at ../sysdeps/unix/sysv/linux/x86_64/clone3.S:78\n"
~"\nThread 2 (Thread 0x7ffff79bf6c0 (LWP 2268710) \"qe-worker-0\"):\n"
~"#0  syscall () at ../sysdeps/unix/sysv/linux/x86_64/syscall.S:38\n#1  0x000055555ba4c877 in rayon_core::sleep::Sleep::sleep ()\n#2  0x000055555ba4c30b in rayon_core::registry::WorkerThread::wait_until_cold ()\n#3  0x000055555ba4bcd2 in std::sys::backtrace::__rust_begin_short_backtrace ()\n#4  0x000055555ba4ba3c in core::ops::function::FnOnce::call_once{{vtable.shim}} ()\n#5  0x000055555bd7502a in std::sys::thread::unix::Thread::new::thread_start ()\n#6  0x00007ffff7c9cb84 in start_thread (arg=<optimized out>) at ./nptl/pthread_create.c:447\n#7  0x00007ffff7d29ecc in clone3 () at ../sysdeps/unix/sysv/linux/x86_64/clone3.S:78\n"
~"\nThread 1 (Thread 0x7ffff7e8d100 (LWP 2268699) \"serial_frontier\"):\n"
~"#0  syscall () at ../sysdeps/unix/sysv/linux/x86_64/syscall.S:38\n#1  0x000055555ba4d835 in rayon_core::latch::LockLatch::wait_and_reset ()\n#2  0x000055555b531e43 in rayon_core::registry::Registry::in_worker_cold ()\n#3  0x000055555b523e4e in rayon::iter::plumbing::bridge_producer_consumer::helper ()\n#4  0x000055555b4a1e2a in query_engine::physical::morsel_agg::live_spill::execute::{{closure}} ()\n#5  0x000055555b4930c1 in <query_engine::physical::operators::spillable::SpillableHashAggregateExec as query_engine::physical::plan::PhysicalOperator>::execute::{{closure}} ()\n#6  0x000055555b632182 in <query_engine::physical::operators::project::ProjectExec as query_engine::physical::plan::PhysicalOperator>::execute::{{closure}} ()\n#7  0x000055555b4a7680 in query_engine::physical::operators::spillable::stream_merge_input_partitions::{{closure}} ()\n(More stack frames follow...)\n"
101^done
(gdb) 
102^running
*running,thread-id="all"
(gdb) 
103^done
(gdb) 
~"\nThread "
~"1 \"serial_frontier\" received signal SIGINT, Interrupt.\n"
~"0x000055555b3cb016 in query_engine::planner::schema::arrow_field_identity ()\n"
*stopped,reason="signal-received",signal-name="SIGINT",signal-meaning="Interrupt",frame={addr="0x000055555b3cb016",func="query_engine::planner::schema::arrow_field_identity",args=[],arch="i386:x86-64"},thread-id="1",stopped-threads="all",core="4"
~"\nThread 34 (Thread 0x7fff877fb6c0 (LWP 2268742) \"tokio-rt-worker\"):\n"
~"#0  syscall () at ../sysdeps/unix/sysv/linux/x86_64/syscall.S:38\n#1  0x000055555afdfe97 in parking_lot::condvar::Condvar::wait_until_internal ()\n#2  0x000055555bd86bfa in std::sys::backtrace::__rust_begin_short_backtrace ()\n#3  0x000055555bd89aea in core::ops::function::FnOnce::call_once{{vtable.shim}} ()\n#4  0x000055555bd7502a in std::sys::thread::unix::Thread::new::thread_start ()\n#5  0x00007ffff7c9cb84 in start_thread (arg=<optimized out>) at ./nptl/pthread_create.c:447\n#6  0x00007ffff7d29ecc in clone3 () at ../sysdeps/unix/sysv/linux/x86_64/clone3.S:78\n"
~"\nThread 33 (Thread 0x7fff879fc6c0 (LWP 2268741) \"tokio-rt-worker\"):\n"
~"#0  syscall () at ../sysdeps/unix/sysv/linux/x86_64/syscall.S:38\n#1  0x000055555afdfe39 in parking_lot::condvar::Condvar::wait_until_internal ()\n#2  0x000055555bd97d50 in tokio::runtime::scheduler::multi_thread::worker::Context::park_internal ()\n#3  0x000055555bd96fec in tokio::runtime::scheduler::multi_thread::worker::run ()\n#4  0x000055555bd9506d in tokio::runtime::task::raw::poll ()\n#5  0x000055555bd86b52 in std::sys::backtrace::__rust_begin_short_backtrace ()\n#6  0x000055555bd89aea in core::ops::function::FnOnce::call_once{{vtable.shim}} ()\n#7  0x000055555bd7502a in std::sys::thread::unix::Thread::new::thread_start ()\n(More stack frames follow...)\n"
~"\nThread 32 (Thread 0x7fff87bfd6c0 (LWP 2268740) \"tokio-rt-worker\"):\n"
~"#0  syscall () at ../sysdeps/unix/sysv/linux/x86_64/syscall.S:38\n#1  0x000055555afdfe39 in parking_lot::condvar::Condvar::wait_until_internal ()\n#2  0x000055555bd97d50 in tokio::runtime::scheduler::multi_thread::worker::Context::park_internal ()\n#3  0x000055555bd96fec in tokio::runtime::scheduler::multi_thread::worker::run ()\n#4  0x000055555bd9506d in tokio::runtime::task::raw::poll ()\n#5  0x000055555bd86b52 in std::sys::backtrace::__rust_begin_short_backtrace ()\n#6  0x000055555bd89aea in core::ops::function::FnOnce::call_once{{vtable.shim}} ()\n#7  0x000055555bd7502a in std::sys::thread::unix::Thread::new::thread_start ()\n(More stack frames follow...)\n"
~"\nThread 31 (Thread 0x7fff87dfe6c0 (LWP 2268739) \"tokio-rt-worker\"):\n"
~"#0  syscall () at ../sysdeps/unix/sysv/linux/x86_64/syscall.S:38\n#1  0x000055555afdfe39 in parking_lot::condvar::Condvar::wait_until_internal ()\n#2  0x000055555bd97d50 in tokio::runtime::scheduler::multi_thread::worker::Context::park_internal ()\n#3  0x000055555bd96fec in tokio::runtime::scheduler::multi_thread::worker::run ()\n#4  0x000055555bd9506d in tokio::runtime::task::raw::poll ()\n#5  0x000055555bd86b52 in std::sys::backtrace::__rust_begin_short_backtrace ()\n#6  0x000055555bd89aea in core::ops::function::FnOnce::call_once{{vtable.shim}} ()\n#7  0x000055555bd7502a in std::sys::thread::unix::Thread::new::thread_start ()\n(More stack frames follow...)\n"
~"\nThread 30 (Thread 0x7fff87fff6c0 (LWP 2268738) \"tokio-rt-worker\"):\n"
~"#0  syscall () at ../sysdeps/unix/sysv/linux/x86_64/syscall.S:38\n#1  0x000055555afdfe39 in parking_lot::condvar::Condvar::wait_until_internal ()\n#2  0x000055555bd97d50 in tokio::runtime::scheduler::multi_thread::worker::Context::park_internal ()\n#3  0x000055555bd96fec in tokio::runtime::scheduler::multi_thread::worker::run ()\n#4  0x000055555bd9506d in tokio::runtime::task::raw::poll ()\n#5  0x000055555bd86b52 in std::sys::backtrace::__rust_begin_short_backtrace ()\n#6  0x000055555bd89aea in core::ops::function::FnOnce::call_once{{vtable.shim}} ()\n#7  0x000055555bd7502a in std::sys::thread::unix::Thread::new::thread_start ()\n(More stack frames follow...)\n"
~"\nThread 29 (Thread 0x7ffff43a46c0 (LWP 2268737) \"tokio-rt-worker\"):\n"
~"#0  syscall () at ../sysdeps/unix/sysv/linux/x86_64/syscall.S:38\n#1  0x000055555afdfe39 in parking_lot::condvar::Condvar::wait_until_internal ()\n#2  0x000055555bd97d50 in tokio::runtime::scheduler::multi_thread::worker::Context::park_internal ()\n#3  0x000055555bd96fec in tokio::runtime::scheduler::multi_thread::worker::run ()\n#4  0x000055555bd9506d in tokio::runtime::task::raw::poll ()\n#5  0x000055555bd86b52 in std::sys::backtrace::__rust_begin_short_backtrace ()\n#6  0x000055555bd89aea in core::ops::function::FnOnce::call_once{{vtable.shim}} ()\n#7  0x000055555bd7502a in std::sys::thread::unix::Thread::new::thread_start ()\n(More stack frames follow...)\n"
~"\nThread 28 (Thread 0x7ffff45a56c0 (LWP 2268736) \"tokio-rt-worker\"):\n"
~"#0  syscall () at ../sysdeps/unix/sysv/linux/x86_64/syscall.S:38\n#1  0x000055555afdfe39 in parking_lot::condvar::Condvar::wait_until_internal ()\n#2  0x000055555bd97d50 in tokio::runtime::scheduler::multi_thread::worker::Context::park_internal ()\n#3  0x000055555bd96fec in tokio::runtime::scheduler::multi_thread::worker::run ()\n#4  0x000055555bd9506d in tokio::runtime::task::raw::poll ()\n#5  0x000055555bd86b52 in std::sys::backtrace::__rust_begin_short_backtrace ()\n#6  0x000055555bd89aea in core::ops::function::FnOnce::call_once{{vtable.shim}} ()\n#7  0x000055555bd7502a in std::sys::thread::unix::Thread::new::thread_start ()\n(More stack frames follow...)\n"
~"\nThread 27 (Thread 0x7ffff47a66c0 (LWP 2268735) \"tokio-rt-worker\"):\n"
~"#0  syscall () at ../sysdeps/unix/sysv/linux/x86_64/syscall.S:38\n#1  0x000055555afdfe39 in parking_lot::condvar::Condvar::wait_until_internal ()\n#2  0x000055555bd97d50 in tokio::runtime::scheduler::multi_thread::worker::Context::park_internal ()\n#3  0x000055555bd96fec in tokio::runtime::scheduler::multi_thread::worker::run ()\n#4  0x000055555bd9506d in tokio::runtime::task::raw::poll ()\n#5  0x000055555bd86b52 in std::sys::backtrace::__rust_begin_short_backtrace ()\n#6  0x000055555bd89aea in core::ops::function::FnOnce::call_once{{vtable.shim}} ()\n#7  0x000055555bd7502a in std::sys::thread::unix::Thread::new::thread_start ()\n(More stack frames follow...)\n"
~"\nThread 26 (Thread 0x7ffff49a76c0 (LWP 2268734) \"tokio-rt-worker\"):\n"
~"#0  syscall () at ../sysdeps/unix/sysv/linux/x86_64/syscall.S:38\n#1  0x000055555afdfe39 in parking_lot::condvar::Condvar::wait_until_internal ()\n#2  0x000055555bd97d50 in tokio::runtime::scheduler::multi_thread::worker::Context::park_internal ()\n#3  0x000055555bd96fec in tokio::runtime::scheduler::multi_thread::worker::run ()\n#4  0x000055555bd9506d in tokio::runtime::task::raw::poll ()\n#5  0x000055555bd86b52 in std::sys::backtrace::__rust_begin_short_backtrace ()\n#6  0x000055555bd89aea in core::ops::function::FnOnce::call_once{{vtable.shim}} ()\n#7  0x000055555bd7502a in std::sys::thread::unix::Thread::new::thread_start ()\n(More stack frames follow...)\n"
~"\nThread 25 (Thread 0x7ffff4ba86c0 (LWP 2268733) \"tokio-rt-worker\"):\n"
~"#0  syscall () at ../sysdeps/unix/sysv/linux/x86_64/syscall.S:38\n#1  0x000055555afdfe39 in parking_lot::condvar::Condvar::wait_until_internal ()\n#2  0x000055555bd97d50 in tokio::runtime::scheduler::multi_thread::worker::Context::park_internal ()\n#3  0x000055555bd96fec in tokio::runtime::scheduler::multi_thread::worker::run ()\n#4  0x000055555bd9506d in tokio::runtime::task::raw::poll ()\n#5  0x000055555bd86b52 in std::sys::backtrace::__rust_begin_short_backtrace ()\n#6  0x000055555bd89aea in core::ops::function::FnOnce::call_once{{vtable.shim}} ()\n#7  0x000055555bd7502a in std::sys::thread::unix::Thread::new::thread_start ()\n(More stack frames follow...)\n"
~"\nThread 24 (Thread 0x7ffff4da96c0 (LWP 2268732) \"tokio-rt-worker\"):\n"
~"#0  syscall () at ../sysdeps/unix/sysv/linux/x86_64/syscall.S:38\n#1  0x000055555afdfe39 in parking_lot::condvar::Condvar::wait_until_internal ()\n#2  0x000055555bd97d50 in tokio::runtime::scheduler::multi_thread::worker::Context::park_internal ()\n#3  0x000055555bd96fec in tokio::runtime::scheduler::multi_thread::worker::run ()\n#4  0x000055555bd9506d in tokio::runtime::task::raw::poll ()\n#5  0x000055555bd86b52 in std::sys::backtrace::__rust_begin_short_backtrace ()\n#6  0x000055555bd89aea in core::ops::function::FnOnce::call_once{{vtable.shim}} ()\n#7  0x000055555bd7502a in std::sys::thread::unix::Thread::new::thread_start ()\n(More stack frames follow...)\n"
~"\nThread 23 (Thread 0x7ffff4faa6c0 (LWP 2268731) \"tokio-rt-worker\"):\n"
~"#0  syscall () at ../sysdeps/unix/sysv/linux/x86_64/syscall.S:38\n#1  0x000055555afdfe39 in parking_lot::condvar::Condvar::wait_until_internal ()\n#2  0x000055555bd97d50 in tokio::runtime::scheduler::multi_thread::worker::Context::park_internal ()\n#3  0x000055555bd96fec in tokio::runtime::scheduler::multi_thread::worker::run ()\n#4  0x000055555bd9506d in tokio::runtime::task::raw::poll ()\n#5  0x000055555bd86b52 in std::sys::backtrace::__rust_begin_short_backtrace ()\n#6  0x000055555bd89aea in core::ops::function::FnOnce::call_once{{vtable.shim}} ()\n#7  0x000055555bd7502a in std::sys::thread::unix::Thread::new::thread_start ()\n(More stack frames follow...)\n"
~"\nThread 22 (Thread 0x7ffff51ab6c0 (LWP 2268730) \"tokio-rt-worker\"):\n"
~"#0  syscall () at ../sysdeps/unix/sysv/linux/x86_64/syscall.S:38\n#1  0x000055555afdfe39 in parking_lot::condvar::Condvar::wait_until_internal ()\n#2  0x000055555bd97d50 in tokio::runtime::scheduler::multi_thread::worker::Context::park_internal ()\n#3  0x000055555bd96fec in tokio::runtime::scheduler::multi_thread::worker::run ()\n#4  0x000055555bd9506d in tokio::runtime::task::raw::poll ()\n#5  0x000055555bd86b52 in std::sys::backtrace::__rust_begin_short_backtrace ()\n#6  0x000055555bd89aea in core::ops::function::FnOnce::call_once{{vtable.shim}} ()\n#7  0x000055555bd7502a in std::sys::thread::unix::Thread::new::thread_start ()\n(More stack frames follow...)\n"
~"\nThread 21 (Thread 0x7ffff53ac6c0 (LWP 2268729) \"tokio-rt-worker\"):\n"
~"#0  syscall () at ../sysdeps/unix/sysv/linux/x86_64/syscall.S:38\n#1  0x000055555afdfe39 in parking_lot::condvar::Condvar::wait_until_internal ()\n#2  0x000055555bd97d50 in tokio::runtime::scheduler::multi_thread::worker::Context::park_internal ()\n#3  0x000055555bd96fec in tokio::runtime::scheduler::multi_thread::worker::run ()\n#4  0x000055555bd9506d in tokio::runtime::task::raw::poll ()\n#5  0x000055555bd86b52 in std::sys::backtrace::__rust_begin_short_backtrace ()\n#6  0x000055555bd89aea in core::ops::function::FnOnce::call_once{{vtable.shim}} ()\n#7  0x000055555bd7502a in std::sys::thread::unix::Thread::new::thread_start ()\n(More stack frames follow...)\n"
~"\nThread 20 (Thread 0x7ffff55ad6c0 (LWP 2268728) \"tokio-rt-worker\"):\n"
~"#0  syscall () at ../sysdeps/unix/sysv/linux/x86_64/syscall.S:38\n#1  0x000055555afdfe39 in parking_lot::condvar::Condvar::wait_until_internal ()\n#2  0x000055555bd97d50 in tokio::runtime::scheduler::multi_thread::worker::Context::park_internal ()\n#3  0x000055555bd96fec in tokio::runtime::scheduler::multi_thread::worker::run ()\n#4  0x000055555bd9506d in tokio::runtime::task::raw::poll ()\n#5  0x000055555bd86b52 in std::sys::backtrace::__rust_begin_short_backtrace ()\n#6  0x000055555bd89aea in core::ops::function::FnOnce::call_once{{vtable.shim}} ()\n#7  0x000055555bd7502a in std::sys::thread::unix::Thread::new::thread_start ()\n(More stack frames follow...)\n"
~"\nThread 19 (Thread 0x7ffff57ae6c0 (LWP 2268727) \"tokio-rt-worker\"):\n"
~"#0  syscall () at ../sysdeps/unix/sysv/linux/x86_64/syscall.S:38\n#1  0x000055555afdfe39 in parking_lot::condvar::Condvar::wait_until_internal ()\n#2  0x000055555bd97d50 in tokio::runtime::scheduler::multi_thread::worker::Context::park_internal ()\n#3  0x000055555bd96fec in tokio::runtime::scheduler::multi_thread::worker::run ()\n#4  0x000055555bd9506d in tokio::runtime::task::raw::poll ()\n#5  0x000055555bd86b52 in std::sys::backtrace::__rust_begin_short_backtrace ()\n#6  0x000055555bd89aea in core::ops::function::FnOnce::call_once{{vtable.shim}} ()\n#7  0x000055555bd7502a in std::sys::thread::unix::Thread::new::thread_start ()\n(More stack frames follow...)\n"
~"\nThread 18 (Thread 0x7ffff59af6c0 (LWP 2268726) \"tokio-rt-worker\"):\n"
~"#0  0x00007ffff7d2a2d2 in epoll_wait (epfd=3, events=0x36f6e300000, maxevents=1024, timeout=-1) at ../sysdeps/unix/sysv/linux/epoll_wait.c:30\n#1  0x000055555bd994ae in tokio::runtime::io::driver::Driver::turn ()\n#2  0x000055555bd9919d in tokio::runtime::time::Driver::park_internal ()\n#3  0x000055555bd97b94 in tokio::runtime::scheduler::multi_thread::worker::Context::park_internal ()\n#4  0x000055555bd96fec in tokio::runtime::scheduler::multi_thread::worker::run ()\n#5  0x000055555bd9506d in tokio::runtime::task::raw::poll ()\n#6  0x000055555bd86b52 in std::sys::backtrace::__rust_begin_short_backtrace ()\n#7  0x000055555bd89aea in core::ops::function::FnOnce::call_once{{vtable.shim}} ()\n(More stack frames follow...)\n"
~"\nThread 17 (Thread 0x7ffff5bb06c0 (LWP 2268725) \"qe-worker-15\"):\n"
~"#0  syscall () at ../sysdeps/unix/sysv/linux/x86_64/syscall.S:38\n#1  0x000055555ba4c877 in rayon_core::sleep::Sleep::sleep ()\n#2  0x000055555ba4c30b in rayon_core::registry::WorkerThread::wait_until_cold ()\n#3  0x000055555ba4bcd2 in std::sys::backtrace::__rust_begin_short_backtrace ()\n#4  0x000055555ba4ba3c in core::ops::function::FnOnce::call_once{{vtable.shim}} ()\n#5  0x000055555bd7502a in std::sys::thread::unix::Thread::new::thread_start ()\n#6  0x00007ffff7c9cb84 in start_thread (arg=<optimized out>) at ./nptl/pthread_create.c:447\n#7  0x00007ffff7d29ecc in clone3 () at ../sysdeps/unix/sysv/linux/x86_64/clone3.S:78\n"
~"\nThread 16 (Thread 0x7ffff5db16c0 (LWP 2268724) \"qe-worker-14\"):\n"
~"#0  syscall () at ../sysdeps/unix/sysv/linux/x86_64/syscall.S:38\n#1  0x000055555ba4c877 in rayon_core::sleep::Sleep::sleep ()\n#2  0x000055555ba4c30b in rayon_core::registry::WorkerThread::wait_until_cold ()\n#3  0x000055555ba4bcd2 in std::sys::backtrace::__rust_begin_short_backtrace ()\n#4  0x000055555ba4ba3c in core::ops::function::FnOnce::call_once{{vtable.shim}} ()\n#5  0x000055555bd7502a in std::sys::thread::unix::Thread::new::thread_start ()\n#6  0x00007ffff7c9cb84 in start_thread (arg=<optimized out>) at ./nptl/pthread_create.c:447\n#7  0x00007ffff7d29ecc in clone3 () at ../sysdeps/unix/sysv/linux/x86_64/clone3.S:78\n"
~"\nThread 15 (Thread 0x7ffff5fb26c0 (LWP 2268723) \"qe-worker-13\"):\n"
~"#0  syscall () at ../sysdeps/unix/sysv/linux/x86_64/syscall.S:38\n#1  0x000055555ba4c877 in rayon_core::sleep::Sleep::sleep ()\n#2  0x000055555ba4c30b in rayon_core::registry::WorkerThread::wait_until_cold ()\n#3  0x000055555ba4bcd2 in std::sys::backtrace::__rust_begin_short_backtrace ()\n#4  0x000055555ba4ba3c in core::ops::function::FnOnce::call_once{{vtable.shim}} ()\n#5  0x000055555bd7502a in std::sys::thread::unix::Thread::new::thread_start ()\n#6  0x00007ffff7c9cb84 in start_thread (arg=<optimized out>) at ./nptl/pthread_create.c:447\n#7  0x00007ffff7d29ecc in clone3 () at ../sysdeps/unix/sysv/linux/x86_64/clone3.S:78\n"
~"\nThread 14 (Thread 0x7ffff61b36c0 (LWP 2268722) \"qe-worker-12\"):\n"
~"#0  syscall () at ../sysdeps/unix/sysv/linux/x86_64/syscall.S:38\n#1  0x000055555ba4c877 in rayon_core::sleep::Sleep::sleep ()\n#2  0x000055555ba4c30b in rayon_core::registry::WorkerThread::wait_until_cold ()\n#3  0x000055555ba4bcd2 in std::sys::backtrace::__rust_begin_short_backtrace ()\n#4  0x000055555ba4ba3c in core::ops::function::FnOnce::call_once{{vtable.shim}} ()\n#5  0x000055555bd7502a in std::sys::thread::unix::Thread::new::thread_start ()\n#6  0x00007ffff7c9cb84 in start_thread (arg=<optimized out>) at ./nptl/pthread_create.c:447\n#7  0x00007ffff7d29ecc in clone3 () at ../sysdeps/unix/sysv/linux/x86_64/clone3.S:78\n"
~"\nThread 13 (Thread 0x7ffff63b46c0 (LWP 2268721) \"qe-worker-11\"):\n"
~"#0  syscall () at ../sysdeps/unix/sysv/linux/x86_64/syscall.S:38\n#1  0x000055555ba4c877 in rayon_core::sleep::Sleep::sleep ()\n#2  0x000055555ba4c30b in rayon_core::registry::WorkerThread::wait_until_cold ()\n#3  0x000055555ba4bcd2 in std::sys::backtrace::__rust_begin_short_backtrace ()\n#4  0x000055555ba4ba3c in core::ops::function::FnOnce::call_once{{vtable.shim}} ()\n#5  0x000055555bd7502a in std::sys::thread::unix::Thread::new::thread_start ()\n#6  0x00007ffff7c9cb84 in start_thread (arg=<optimized out>) at ./nptl/pthread_create.c:447\n#7  0x00007ffff7d29ecc in clone3 () at ../sysdeps/unix/sysv/linux/x86_64/clone3.S:78\n"
~"\nThread 12 (Thread 0x7ffff65b56c0 (LWP 2268720) \"qe-worker-10\"):\n"
~"#0  syscall () at ../sysdeps/unix/sysv/linux/x86_64/syscall.S:38\n#1  0x000055555ba4c877 in rayon_core::sleep::Sleep::sleep ()\n#2  0x000055555ba4c30b in rayon_core::registry::WorkerThread::wait_until_cold ()\n#3  0x000055555ba4bcd2 in std::sys::backtrace::__rust_begin_short_backtrace ()\n#4  0x000055555ba4ba3c in core::ops::function::FnOnce::call_once{{vtable.shim}} ()\n#5  0x000055555bd7502a in std::sys::thread::unix::Thread::new::thread_start ()\n#6  0x00007ffff7c9cb84 in start_thread (arg=<optimized out>) at ./nptl/pthread_create.c:447\n#7  0x00007ffff7d29ecc in clone3 () at ../sysdeps/unix/sysv/linux/x86_64/clone3.S:78\n"
~"\nThread 11 (Thread 0x7ffff67b66c0 (LWP 2268719) \"qe-worker-9\"):\n"
~"#0  syscall () at ../sysdeps/unix/sysv/linux/x86_64/syscall.S:38\n#1  0x000055555ba4c877 in rayon_core::sleep::Sleep::sleep ()\n#2  0x000055555ba4c30b in rayon_core::registry::WorkerThread::wait_until_cold ()\n#3  0x000055555ba4bcd2 in std::sys::backtrace::__rust_begin_short_backtrace ()\n#4  0x000055555ba4ba3c in core::ops::function::FnOnce::call_once{{vtable.shim}} ()\n#5  0x000055555bd7502a in std::sys::thread::unix::Thread::new::thread_start ()\n#6  0x00007ffff7c9cb84 in start_thread (arg=<optimized out>) at ./nptl/pthread_create.c:447\n#7  0x00007ffff7d29ecc in clone3 () at ../sysdeps/unix/sysv/linux/x86_64/clone3.S:78\n"
~"\nThread 10 (Thread 0x7ffff69b76c0 (LWP 2268718) \"qe-worker-8\"):\n"
~"#0  syscall () at ../sysdeps/unix/sysv/linux/x86_64/syscall.S:38\n#1  0x000055555ba4c877 in rayon_core::sleep::Sleep::sleep ()\n#2  0x000055555ba4c30b in rayon_core::registry::WorkerThread::wait_until_cold ()\n#3  0x000055555ba4bcd2 in std::sys::backtrace::__rust_begin_short_backtrace ()\n#4  0x000055555ba4ba3c in core::ops::function::FnOnce::call_once{{vtable.shim}} ()\n#5  0x000055555bd7502a in std::sys::thread::unix::Thread::new::thread_start ()\n#6  0x00007ffff7c9cb84 in start_thread (arg=<optimized out>) at ./nptl/pthread_create.c:447\n#7  0x00007ffff7d29ecc in clone3 () at ../sysdeps/unix/sysv/linux/x86_64/clone3.S:78\n"
~"\nThread 9 (Thread 0x7ffff6bb86c0 (LWP 2268717) \"qe-worker-7\"):\n"
~"#0  syscall () at ../sysdeps/unix/sysv/linux/x86_64/syscall.S:38\n#1  0x000055555ba4c877 in rayon_core::sleep::Sleep::sleep ()\n#2  0x000055555ba4c30b in rayon_core::registry::WorkerThread::wait_until_cold ()\n#3  0x000055555ba4bcd2 in std::sys::backtrace::__rust_begin_short_backtrace ()\n#4  0x000055555ba4ba3c in core::ops::function::FnOnce::call_once{{vtable.shim}} ()\n#5  0x000055555bd7502a in std::sys::thread::unix::Thread::new::thread_start ()\n#6  0x00007ffff7c9cb84 in start_thread (arg=<optimized out>) at ./nptl/pthread_create.c:447\n#7  0x00007ffff7d29ecc in clone3 () at ../sysdeps/unix/sysv/linux/x86_64/clone3.S:78\n"
~"\nThread 8 (Thread 0x7ffff6db96c0 (LWP 2268716) \"qe-worker-6\"):\n"
~"#0  syscall () at ../sysdeps/unix/sysv/linux/x86_64/syscall.S:38\n#1  0x000055555ba4c877 in rayon_core::sleep::Sleep::sleep ()\n#2  0x000055555ba4c30b in rayon_core::registry::WorkerThread::wait_until_cold ()\n#3  0x000055555ba4bcd2 in std::sys::backtrace::__rust_begin_short_backtrace ()\n#4  0x000055555ba4ba3c in core::ops::function::FnOnce::call_once{{vtable.shim}} ()\n#5  0x000055555bd7502a in std::sys::thread::unix::Thread::new::thread_start ()\n#6  0x00007ffff7c9cb84 in start_thread (arg=<optimized out>) at ./nptl/pthread_create.c:447\n#7  0x00007ffff7d29ecc in clone3 () at ../sysdeps/unix/sysv/linux/x86_64/clone3.S:78\n"
~"\nThread 7 (Thread 0x7ffff6fba6c0 (LWP 2268715) \"qe-worker-5\"):\n"
~"#0  syscall () at ../sysdeps/unix/sysv/linux/x86_64/syscall.S:38\n#1  0x000055555ba4c877 in rayon_core::sleep::Sleep::sleep ()\n#2  0x000055555ba4c30b in rayon_core::registry::WorkerThread::wait_until_cold ()\n#3  0x000055555ba4bcd2 in std::sys::backtrace::__rust_begin_short_backtrace ()\n#4  0x000055555ba4ba3c in core::ops::function::FnOnce::call_once{{vtable.shim}} ()\n#5  0x000055555bd7502a in std::sys::thread::unix::Thread::new::thread_start ()\n#6  0x00007ffff7c9cb84 in start_thread (arg=<optimized out>) at ./nptl/pthread_create.c:447\n#7  0x00007ffff7d29ecc in clone3 () at ../sysdeps/unix/sysv/linux/x86_64/clone3.S:78\n"
~"\nThread 6 (Thread 0x7ffff71bb6c0 (LWP 2268714) \"qe-worker-4\"):\n"
~"#0  syscall () at ../sysdeps/unix/sysv/linux/x86_64/syscall.S:38\n#1  0x000055555ba4c877 in rayon_core::sleep::Sleep::sleep ()\n#2  0x000055555ba4c30b in rayon_core::registry::WorkerThread::wait_until_cold ()\n#3  0x000055555ba4bcd2 in std::sys::backtrace::__rust_begin_short_backtrace ()\n#4  0x000055555ba4ba3c in core::ops::function::FnOnce::call_once{{vtable.shim}} ()\n#5  0x000055555bd7502a in std::sys::thread::unix::Thread::new::thread_start ()\n#6  0x00007ffff7c9cb84 in start_thread (arg=<optimized out>) at ./nptl/pthread_create.c:447\n#7  0x00007ffff7d29ecc in clone3 () at ../sysdeps/unix/sysv/linux/x86_64/clone3.S:78\n"
~"\nThread 5 (Thread 0x7ffff73bc6c0 (LWP 2268713) \"qe-worker-3\"):\n"
~"#0  syscall () at ../sysdeps/unix/sysv/linux/x86_64/syscall.S:38\n#1  0x000055555ba4c877 in rayon_core::sleep::Sleep::sleep ()\n#2  0x000055555ba4c30b in rayon_core::registry::WorkerThread::wait_until_cold ()\n#3  0x000055555ba4bcd2 in std::sys::backtrace::__rust_begin_short_backtrace ()\n#4  0x000055555ba4ba3c in core::ops::function::FnOnce::call_once{{vtable.shim}} ()\n#5  0x000055555bd7502a in std::sys::thread::unix::Thread::new::thread_start ()\n#6  0x00007ffff7c9cb84 in start_thread (arg=<optimized out>) at ./nptl/pthread_create.c:447\n#7  0x00007ffff7d29ecc in clone3 () at ../sysdeps/unix/sysv/linux/x86_64/clone3.S:78\n"
~"\nThread 4 (Thread 0x7ffff75bd6c0 (LWP 2268712) \"qe-worker-2\"):\n"
~"#0  syscall () at ../sysdeps/unix/sysv/linux/x86_64/syscall.S:38\n#1  0x000055555ba4c877 in rayon_core::sleep::Sleep::sleep ()\n#2  0x000055555ba4c30b in rayon_core::registry::WorkerThread::wait_until_cold ()\n#3  0x000055555ba4bcd2 in std::sys::backtrace::__rust_begin_short_backtrace ()\n#4  0x000055555ba4ba3c in core::ops::function::FnOnce::call_once{{vtable.shim}} ()\n#5  0x000055555bd7502a in std::sys::thread::unix::Thread::new::thread_start ()\n#6  0x00007ffff7c9cb84 in start_thread (arg=<optimized out>) at ./nptl/pthread_create.c:447\n#7  0x00007ffff7d29ecc in clone3 () at ../sysdeps/unix/sysv/linux/x86_64/clone3.S:78\n"
~"\nThread 3 (Thread 0x7ffff77be6c0 (LWP 2268711) \"qe-worker-1\"):\n"
~"#0  syscall () at ../sysdeps/unix/sysv/linux/x86_64/syscall.S:38\n#1  0x000055555ba4c877 in rayon_core::sleep::Sleep::sleep ()\n#2  0x000055555ba4c30b in rayon_core::registry::WorkerThread::wait_until_cold ()\n#3  0x000055555ba4bcd2 in std::sys::backtrace::__rust_begin_short_backtrace ()\n#4  0x000055555ba4ba3c in core::ops::function::FnOnce::call_once{{vtable.shim}} ()\n#5  0x000055555bd7502a in std::sys::thread::unix::Thread::new::thread_start ()\n#6  0x00007ffff7c9cb84 in start_thread (arg=<optimized out>) at ./nptl/pthread_create.c:447\n#7  0x00007ffff7d29ecc in clone3 () at ../sysdeps/unix/sysv/linux/x86_64/clone3.S:78\n"
~"\nThread 2 (Thread 0x7ffff79bf6c0 (LWP 2268710) \"qe-worker-0\"):\n"
~"#0  syscall () at ../sysdeps/unix/sysv/linux/x86_64/syscall.S:38\n#1  0x000055555ba4c877 in rayon_core::sleep::Sleep::sleep ()\n#2  0x000055555ba4c30b in rayon_core::registry::WorkerThread::wait_until_cold ()\n#3  0x000055555ba4bcd2 in std::sys::backtrace::__rust_begin_short_backtrace ()\n#4  0x000055555ba4ba3c in core::ops::function::FnOnce::call_once{{vtable.shim}} ()\n#5  0x000055555bd7502a in std::sys::thread::unix::Thread::new::thread_start ()\n#6  0x00007ffff7c9cb84 in start_thread (arg=<optimized out>) at ./nptl/pthread_create.c:447\n#7  0x00007ffff7d29ecc in clone3 () at ../sysdeps/unix/sysv/linux/x86_64/clone3.S:78\n"
~"\nThread 1 (Thread 0x7ffff7e8d100 (LWP 2268699) \"serial_frontier\"):\n"
~"#0  0x000055555b3cb016 in query_engine::planner::schema::arrow_field_identity ()\n#1  0x000055555b3b779b in query_engine::planner::schema::resolve_arrow_column ()\n#2  0x000055555b35c4de in query_engine::physical::operators::filter::find_column_index ()\n#3  0x000055555b43cef7 in query_engine::physical::operators::filter::evaluate_aggregate_inputs::eligible ()\n#4  0x000055555b43ce6c in query_engine::physical::operators::filter::evaluate_aggregate_inputs::eligible ()\n#5  0x000055555b43ce6c in query_engine::physical::operators::filter::evaluate_aggregate_inputs::eligible ()\n#6  0x000055555b49f467 in query_engine::physical::morsel_agg::live_spill::execute::{{closure}} ()\n#7  0x000055555b4930c1 in <query_engine::physical::operators::spillable::SpillableHashAggregateExec as query_engine::physical::plan::PhysicalOperator>::execute::{{closure}} ()\n(More stack frames follow...)\n"
104^done
(gdb) 
105^running
*running,thread-id="all"
(gdb) 
106^done
(gdb) 
~"\nThread "
~"1 \"serial_frontier\" received signal SIGINT, Interrupt.\n"
~"0x000055555b524a0d in query_engine::physical::morsel_agg::parallel_controllers::ParallelControllers::route ()\n"
*stopped,reason="signal-received",signal-name="SIGINT",signal-meaning="Interrupt",frame={addr="0x000055555b524a0d",func="query_engine::physical::morsel_agg::parallel_controllers::ParallelControllers::route",args=[],arch="i386:x86-64"},thread-id="1",stopped-threads="all",core="8"
~"\nThread 34 (Thread 0x7fff877fb6c0 (LWP 2268742) \"tokio-rt-worker\"):\n"
~"#0  syscall () at ../sysdeps/unix/sysv/linux/x86_64/syscall.S:38\n#1  0x000055555afdfe97 in parking_lot::condvar::Condvar::wait_until_internal ()\n#2  0x000055555bd86bfa in std::sys::backtrace::__rust_begin_short_backtrace ()\n#3  0x000055555bd89aea in core::ops::function::FnOnce::call_once{{vtable.shim}} ()\n#4  0x000055555bd7502a in std::sys::thread::unix::Thread::new::thread_start ()\n#5  0x00007ffff7c9cb84 in start_thread (arg=<optimized out>) at ./nptl/pthread_create.c:447\n#6  0x00007ffff7d29ecc in clone3 () at ../sysdeps/unix/sysv/linux/x86_64/clone3.S:78\n"
~"\nThread 33 (Thread 0x7fff879fc6c0 (LWP 2268741) \"tokio-rt-worker\"):\n"
~"#0  syscall () at ../sysdeps/unix/sysv/linux/x86_64/syscall.S:38\n#1  0x000055555afdfe39 in parking_lot::condvar::Condvar::wait_until_internal ()\n#2  0x000055555bd97d50 in tokio::runtime::scheduler::multi_thread::worker::Context::park_internal ()\n#3  0x000055555bd96fec in tokio::runtime::scheduler::multi_thread::worker::run ()\n#4  0x000055555bd9506d in tokio::runtime::task::raw::poll ()\n#5  0x000055555bd86b52 in std::sys::backtrace::__rust_begin_short_backtrace ()\n#6  0x000055555bd89aea in core::ops::function::FnOnce::call_once{{vtable.shim}} ()\n#7  0x000055555bd7502a in std::sys::thread::unix::Thread::new::thread_start ()\n(More stack frames follow...)\n"
~"\nThread 32 (Thread 0x7fff87bfd6c0 (LWP 2268740) \"tokio-rt-worker\"):\n"
~"#0  syscall () at ../sysdeps/unix/sysv/linux/x86_64/syscall.S:38\n#1  0x000055555afdfe39 in parking_lot::condvar::Condvar::wait_until_internal ()\n#2  0x000055555bd97d50 in tokio::runtime::scheduler::multi_thread::worker::Context::park_internal ()\n#3  0x000055555bd96fec in tokio::runtime::scheduler::multi_thread::worker::run ()\n#4  0x000055555bd9506d in tokio::runtime::task::raw::poll ()\n#5  0x000055555bd86b52 in std::sys::backtrace::__rust_begin_short_backtrace ()\n#6  0x000055555bd89aea in core::ops::function::FnOnce::call_once{{vtable.shim}} ()\n#7  0x000055555bd7502a in std::sys::thread::unix::Thread::new::thread_start ()\n(More stack frames follow...)\n"
~"\nThread 31 (Thread 0x7fff87dfe6c0 (LWP 2268739) \"tokio-rt-worker\"):\n"
~"#0  syscall () at ../sysdeps/unix/sysv/linux/x86_64/syscall.S:38\n#1  0x000055555afdfe39 in parking_lot::condvar::Condvar::wait_until_internal ()\n#2  0x000055555bd97d50 in tokio::runtime::scheduler::multi_thread::worker::Context::park_internal ()\n#3  0x000055555bd96fec in tokio::runtime::scheduler::multi_thread::worker::run ()\n#4  0x000055555bd9506d in tokio::runtime::task::raw::poll ()\n#5  0x000055555bd86b52 in std::sys::backtrace::__rust_begin_short_backtrace ()\n#6  0x000055555bd89aea in core::ops::function::FnOnce::call_once{{vtable.shim}} ()\n#7  0x000055555bd7502a in std::sys::thread::unix::Thread::new::thread_start ()\n(More stack frames follow...)\n"
~"\nThread 30 (Thread 0x7fff87fff6c0 (LWP 2268738) \"tokio-rt-worker\"):\n"
~"#0  syscall () at ../sysdeps/unix/sysv/linux/x86_64/syscall.S:38\n#1  0x000055555afdfe39 in parking_lot::condvar::Condvar::wait_until_internal ()\n#2  0x000055555bd97d50 in tokio::runtime::scheduler::multi_thread::worker::Context::park_internal ()\n#3  0x000055555bd96fec in tokio::runtime::scheduler::multi_thread::worker::run ()\n#4  0x000055555bd9506d in tokio::runtime::task::raw::poll ()\n#5  0x000055555bd86b52 in std::sys::backtrace::__rust_begin_short_backtrace ()\n#6  0x000055555bd89aea in core::ops::function::FnOnce::call_once{{vtable.shim}} ()\n#7  0x000055555bd7502a in std::sys::thread::unix::Thread::new::thread_start ()\n(More stack frames follow...)\n"
~"\nThread 29 (Thread 0x7ffff43a46c0 (LWP 2268737) \"tokio-rt-worker\"):\n"
~"#0  syscall () at ../sysdeps/unix/sysv/linux/x86_64/syscall.S:38\n#1  0x000055555afdfe39 in parking_lot::condvar::Condvar::wait_until_internal ()\n#2  0x000055555bd97d50 in tokio::runtime::scheduler::multi_thread::worker::Context::park_internal ()\n#3  0x000055555bd96fec in tokio::runtime::scheduler::multi_thread::worker::run ()\n#4  0x000055555bd9506d in tokio::runtime::task::raw::poll ()\n#5  0x000055555bd86b52 in std::sys::backtrace::__rust_begin_short_backtrace ()\n#6  0x000055555bd89aea in core::ops::function::FnOnce::call_once{{vtable.shim}} ()\n#7  0x000055555bd7502a in std::sys::thread::unix::Thread::new::thread_start ()\n(More stack frames follow...)\n"
~"\nThread 28 (Thread 0x7ffff45a56c0 (LWP 2268736) \"tokio-rt-worker\"):\n"
~"#0  syscall () at ../sysdeps/unix/sysv/linux/x86_64/syscall.S:38\n#1  0x000055555afdfe39 in parking_lot::condvar::Condvar::wait_until_internal ()\n#2  0x000055555bd97d50 in tokio::runtime::scheduler::multi_thread::worker::Context::park_internal ()\n#3  0x000055555bd96fec in tokio::runtime::scheduler::multi_thread::worker::run ()\n#4  0x000055555bd9506d in tokio::runtime::task::raw::poll ()\n#5  0x000055555bd86b52 in std::sys::backtrace::__rust_begin_short_backtrace ()\n#6  0x000055555bd89aea in core::ops::function::FnOnce::call_once{{vtable.shim}} ()\n#7  0x000055555bd7502a in std::sys::thread::unix::Thread::new::thread_start ()\n(More stack frames follow...)\n"
~"\nThread 27 (Thread 0x7ffff47a66c0 (LWP 2268735) \"tokio-rt-worker\"):\n"
~"#0  syscall () at ../sysdeps/unix/sysv/linux/x86_64/syscall.S:38\n#1  0x000055555afdfe39 in parking_lot::condvar::Condvar::wait_until_internal ()\n#2  0x000055555bd97d50 in tokio::runtime::scheduler::multi_thread::worker::Context::park_internal ()\n#3  0x000055555bd96fec in tokio::runtime::scheduler::multi_thread::worker::run ()\n#4  0x000055555bd9506d in tokio::runtime::task::raw::poll ()\n#5  0x000055555bd86b52 in std::sys::backtrace::__rust_begin_short_backtrace ()\n#6  0x000055555bd89aea in core::ops::function::FnOnce::call_once{{vtable.shim}} ()\n#7  0x000055555bd7502a in std::sys::thread::unix::Thread::new::thread_start ()\n(More stack frames follow...)\n"
~"\nThread 26 (Thread 0x7ffff49a76c0 (LWP 2268734) \"tokio-rt-worker\"):\n"
~"#0  syscall () at ../sysdeps/unix/sysv/linux/x86_64/syscall.S:38\n#1  0x000055555afdfe39 in parking_lot::condvar::Condvar::wait_until_internal ()\n#2  0x000055555bd97d50 in tokio::runtime::scheduler::multi_thread::worker::Context::park_internal ()\n#3  0x000055555bd96fec in tokio::runtime::scheduler::multi_thread::worker::run ()\n#4  0x000055555bd9506d in tokio::runtime::task::raw::poll ()\n#5  0x000055555bd86b52 in std::sys::backtrace::__rust_begin_short_backtrace ()\n#6  0x000055555bd89aea in core::ops::function::FnOnce::call_once{{vtable.shim}} ()\n#7  0x000055555bd7502a in std::sys::thread::unix::Thread::new::thread_start ()\n(More stack frames follow...)\n"
~"\nThread 25 (Thread 0x7ffff4ba86c0 (LWP 2268733) \"tokio-rt-worker\"):\n"
~"#0  syscall () at ../sysdeps/unix/sysv/linux/x86_64/syscall.S:38\n#1  0x000055555afdfe39 in parking_lot::condvar::Condvar::wait_until_internal ()\n#2  0x000055555bd97d50 in tokio::runtime::scheduler::multi_thread::worker::Context::park_internal ()\n#3  0x000055555bd96fec in tokio::runtime::scheduler::multi_thread::worker::run ()\n#4  0x000055555bd9506d in tokio::runtime::task::raw::poll ()\n#5  0x000055555bd86b52 in std::sys::backtrace::__rust_begin_short_backtrace ()\n#6  0x000055555bd89aea in core::ops::function::FnOnce::call_once{{vtable.shim}} ()\n#7  0x000055555bd7502a in std::sys::thread::unix::Thread::new::thread_start ()\n(More stack frames follow...)\n"
~"\nThread 24 (Thread 0x7ffff4da96c0 (LWP 2268732) \"tokio-rt-worker\"):\n"
~"#0  syscall () at ../sysdeps/unix/sysv/linux/x86_64/syscall.S:38\n#1  0x000055555afdfe39 in parking_lot::condvar::Condvar::wait_until_internal ()\n#2  0x000055555bd97d50 in tokio::runtime::scheduler::multi_thread::worker::Context::park_internal ()\n#3  0x000055555bd96fec in tokio::runtime::scheduler::multi_thread::worker::run ()\n#4  0x000055555bd9506d in tokio::runtime::task::raw::poll ()\n#5  0x000055555bd86b52 in std::sys::backtrace::__rust_begin_short_backtrace ()\n#6  0x000055555bd89aea in core::ops::function::FnOnce::call_once{{vtable.shim}} ()\n#7  0x000055555bd7502a in std::sys::thread::unix::Thread::new::thread_start ()\n(More stack frames follow...)\n"
~"\nThread 23 (Thread 0x7ffff4faa6c0 (LWP 2268731) \"tokio-rt-worker\"):\n"
~"#0  syscall () at ../sysdeps/unix/sysv/linux/x86_64/syscall.S:38\n#1  0x000055555afdfe39 in parking_lot::condvar::Condvar::wait_until_internal ()\n#2  0x000055555bd97d50 in tokio::runtime::scheduler::multi_thread::worker::Context::park_internal ()\n#3  0x000055555bd96fec in tokio::runtime::scheduler::multi_thread::worker::run ()\n#4  0x000055555bd9506d in tokio::runtime::task::raw::poll ()\n#5  0x000055555bd86b52 in std::sys::backtrace::__rust_begin_short_backtrace ()\n#6  0x000055555bd89aea in core::ops::function::FnOnce::call_once{{vtable.shim}} ()\n#7  0x000055555bd7502a in std::sys::thread::unix::Thread::new::thread_start ()\n(More stack frames follow...)\n"
~"\nThread 22 (Thread 0x7ffff51ab6c0 (LWP 2268730) \"tokio-rt-worker\"):\n"
~"#0  syscall () at ../sysdeps/unix/sysv/linux/x86_64/syscall.S:38\n#1  0x000055555afdfe39 in parking_lot::condvar::Condvar::wait_until_internal ()\n#2  0x000055555bd97d50 in tokio::runtime::scheduler::multi_thread::worker::Context::park_internal ()\n#3  0x000055555bd96fec in tokio::runtime::scheduler::multi_thread::worker::run ()\n#4  0x000055555bd9506d in tokio::runtime::task::raw::poll ()\n#5  0x000055555bd86b52 in std::sys::backtrace::__rust_begin_short_backtrace ()\n#6  0x000055555bd89aea in core::ops::function::FnOnce::call_once{{vtable.shim}} ()\n#7  0x000055555bd7502a in std::sys::thread::unix::Thread::new::thread_start ()\n(More stack frames follow...)\n"
~"\nThread 21 (Thread 0x7ffff53ac6c0 (LWP 2268729) \"tokio-rt-worker\"):\n"
~"#0  syscall () at ../sysdeps/unix/sysv/linux/x86_64/syscall.S:38\n#1  0x000055555afdfe39 in parking_lot::condvar::Condvar::wait_until_internal ()\n#2  0x000055555bd97d50 in tokio::runtime::scheduler::multi_thread::worker::Context::park_internal ()\n#3  0x000055555bd96fec in tokio::runtime::scheduler::multi_thread::worker::run ()\n#4  0x000055555bd9506d in tokio::runtime::task::raw::poll ()\n#5  0x000055555bd86b52 in std::sys::backtrace::__rust_begin_short_backtrace ()\n#6  0x000055555bd89aea in core::ops::function::FnOnce::call_once{{vtable.shim}} ()\n#7  0x000055555bd7502a in std::sys::thread::unix::Thread::new::thread_start ()\n(More stack frames follow...)\n"
~"\nThread 20 (Thread 0x7ffff55ad6c0 (LWP 2268728) \"tokio-rt-worker\"):\n"
~"#0  syscall () at ../sysdeps/unix/sysv/linux/x86_64/syscall.S:38\n#1  0x000055555afdfe39 in parking_lot::condvar::Condvar::wait_until_internal ()\n#2  0x000055555bd97d50 in tokio::runtime::scheduler::multi_thread::worker::Context::park_internal ()\n#3  0x000055555bd96fec in tokio::runtime::scheduler::multi_thread::worker::run ()\n#4  0x000055555bd9506d in tokio::runtime::task::raw::poll ()\n#5  0x000055555bd86b52 in std::sys::backtrace::__rust_begin_short_backtrace ()\n#6  0x000055555bd89aea in core::ops::function::FnOnce::call_once{{vtable.shim}} ()\n#7  0x000055555bd7502a in std::sys::thread::unix::Thread::new::thread_start ()\n(More stack frames follow...)\n"
~"\nThread 19 (Thread 0x7ffff57ae6c0 (LWP 2268727) \"tokio-rt-worker\"):\n"
~"#0  syscall () at ../sysdeps/unix/sysv/linux/x86_64/syscall.S:38\n#1  0x000055555afdfe39 in parking_lot::condvar::Condvar::wait_until_internal ()\n#2  0x000055555bd97d50 in tokio::runtime::scheduler::multi_thread::worker::Context::park_internal ()\n#3  0x000055555bd96fec in tokio::runtime::scheduler::multi_thread::worker::run ()\n#4  0x000055555bd9506d in tokio::runtime::task::raw::poll ()\n#5  0x000055555bd86b52 in std::sys::backtrace::__rust_begin_short_backtrace ()\n#6  0x000055555bd89aea in core::ops::function::FnOnce::call_once{{vtable.shim}} ()\n#7  0x000055555bd7502a in std::sys::thread::unix::Thread::new::thread_start ()\n(More stack frames follow...)\n"
~"\nThread 18 (Thread 0x7ffff59af6c0 (LWP 2268726) \"tokio-rt-worker\"):\n"
~"#0  0x00007ffff7d2a2d2 in epoll_wait (epfd=3, events=0x36f6e300000, maxevents=1024, timeout=-1) at ../sysdeps/unix/sysv/linux/epoll_wait.c:30\n#1  0x000055555bd994ae in tokio::runtime::io::driver::Driver::turn ()\n#2  0x000055555bd9919d in tokio::runtime::time::Driver::park_internal ()\n#3  0x000055555bd97b94 in tokio::runtime::scheduler::multi_thread::worker::Context::park_internal ()\n#4  0x000055555bd96fec in tokio::runtime::scheduler::multi_thread::worker::run ()\n#5  0x000055555bd9506d in tokio::runtime::task::raw::poll ()\n#6  0x000055555bd86b52 in std::sys::backtrace::__rust_begin_short_backtrace ()\n#7  0x000055555bd89aea in core::ops::function::FnOnce::call_once{{vtable.shim}} ()\n(More stack frames follow...)\n"
~"\nThread 17 (Thread 0x7ffff5bb06c0 (LWP 2268725) \"qe-worker-15\"):\n"
~"#0  syscall () at ../sysdeps/unix/sysv/linux/x86_64/syscall.S:38\n#1  0x000055555ba4c877 in rayon_core::sleep::Sleep::sleep ()\n#2  0x000055555ba4c30b in rayon_core::registry::WorkerThread::wait_until_cold ()\n#3  0x000055555ba4bcd2 in std::sys::backtrace::__rust_begin_short_backtrace ()\n#4  0x000055555ba4ba3c in core::ops::function::FnOnce::call_once{{vtable.shim}} ()\n#5  0x000055555bd7502a in std::sys::thread::unix::Thread::new::thread_start ()\n#6  0x00007ffff7c9cb84 in start_thread (arg=<optimized out>) at ./nptl/pthread_create.c:447\n#7  0x00007ffff7d29ecc in clone3 () at ../sysdeps/unix/sysv/linux/x86_64/clone3.S:78\n"
~"\nThread 16 (Thread 0x7ffff5db16c0 (LWP 2268724) \"qe-worker-14\"):\n"
~"#0  syscall () at ../sysdeps/unix/sysv/linux/x86_64/syscall.S:38\n#1  0x000055555ba4c877 in rayon_core::sleep::Sleep::sleep ()\n#2  0x000055555ba4c30b in rayon_core::registry::WorkerThread::wait_until_cold ()\n#3  0x000055555ba4bcd2 in std::sys::backtrace::__rust_begin_short_backtrace ()\n#4  0x000055555ba4ba3c in core::ops::function::FnOnce::call_once{{vtable.shim}} ()\n#5  0x000055555bd7502a in std::sys::thread::unix::Thread::new::thread_start ()\n#6  0x00007ffff7c9cb84 in start_thread (arg=<optimized out>) at ./nptl/pthread_create.c:447\n#7  0x00007ffff7d29ecc in clone3 () at ../sysdeps/unix/sysv/linux/x86_64/clone3.S:78\n"
~"\nThread 15 (Thread 0x7ffff5fb26c0 (LWP 2268723) \"qe-worker-13\"):\n"
~"#0  syscall () at ../sysdeps/unix/sysv/linux/x86_64/syscall.S:38\n#1  0x000055555ba4c877 in rayon_core::sleep::Sleep::sleep ()\n#2  0x000055555ba4c30b in rayon_core::registry::WorkerThread::wait_until_cold ()\n#3  0x000055555ba4bcd2 in std::sys::backtrace::__rust_begin_short_backtrace ()\n#4  0x000055555ba4ba3c in core::ops::function::FnOnce::call_once{{vtable.shim}} ()\n#5  0x000055555bd7502a in std::sys::thread::unix::Thread::new::thread_start ()\n#6  0x00007ffff7c9cb84 in start_thread (arg=<optimized out>) at ./nptl/pthread_create.c:447\n#7  0x00007ffff7d29ecc in clone3 () at ../sysdeps/unix/sysv/linux/x86_64/clone3.S:78\n"
~"\nThread 14 (Thread 0x7ffff61b36c0 (LWP 2268722) \"qe-worker-12\"):\n"
~"#0  syscall () at ../sysdeps/unix/sysv/linux/x86_64/syscall.S:38\n#1  0x000055555ba4c877 in rayon_core::sleep::Sleep::sleep ()\n#2  0x000055555ba4c30b in rayon_core::registry::WorkerThread::wait_until_cold ()\n#3  0x000055555ba4bcd2 in std::sys::backtrace::__rust_begin_short_backtrace ()\n#4  0x000055555ba4ba3c in core::ops::function::FnOnce::call_once{{vtable.shim}} ()\n#5  0x000055555bd7502a in std::sys::thread::unix::Thread::new::thread_start ()\n#6  0x00007ffff7c9cb84 in start_thread (arg=<optimized out>) at ./nptl/pthread_create.c:447\n#7  0x00007ffff7d29ecc in clone3 () at ../sysdeps/unix/sysv/linux/x86_64/clone3.S:78\n"
~"\nThread 13 (Thread 0x7ffff63b46c0 (LWP 2268721) \"qe-worker-11\"):\n"
~"#0  syscall () at ../sysdeps/unix/sysv/linux/x86_64/syscall.S:38\n#1  0x000055555ba4c877 in rayon_core::sleep::Sleep::sleep ()\n#2  0x000055555ba4c30b in rayon_core::registry::WorkerThread::wait_until_cold ()\n#3  0x000055555ba4bcd2 in std::sys::backtrace::__rust_begin_short_backtrace ()\n#4  0x000055555ba4ba3c in core::ops::function::FnOnce::call_once{{vtable.shim}} ()\n#5  0x000055555bd7502a in std::sys::thread::unix::Thread::new::thread_start ()\n#6  0x00007ffff7c9cb84 in start_thread (arg=<optimized out>) at ./nptl/pthread_create.c:447\n#7  0x00007ffff7d29ecc in clone3 () at ../sysdeps/unix/sysv/linux/x86_64/clone3.S:78\n"
~"\nThread 12 (Thread 0x7ffff65b56c0 (LWP 2268720) \"qe-worker-10\"):\n"
~"#0  syscall () at ../sysdeps/unix/sysv/linux/x86_64/syscall.S:38\n#1  0x000055555ba4c877 in rayon_core::sleep::Sleep::sleep ()\n#2  0x000055555ba4c30b in rayon_core::registry::WorkerThread::wait_until_cold ()\n#3  0x000055555ba4bcd2 in std::sys::backtrace::__rust_begin_short_backtrace ()\n#4  0x000055555ba4ba3c in core::ops::function::FnOnce::call_once{{vtable.shim}} ()\n#5  0x000055555bd7502a in std::sys::thread::unix::Thread::new::thread_start ()\n#6  0x00007ffff7c9cb84 in start_thread (arg=<optimized out>) at ./nptl/pthread_create.c:447\n#7  0x00007ffff7d29ecc in clone3 () at ../sysdeps/unix/sysv/linux/x86_64/clone3.S:78\n"
~"\nThread 11 (Thread 0x7ffff67b66c0 (LWP 2268719) \"qe-worker-9\"):\n"
~"#0  syscall () at ../sysdeps/unix/sysv/linux/x86_64/syscall.S:38\n#1  0x000055555ba4c877 in rayon_core::sleep::Sleep::sleep ()\n#2  0x000055555ba4c30b in rayon_core::registry::WorkerThread::wait_until_cold ()\n#3  0x000055555ba4bcd2 in std::sys::backtrace::__rust_begin_short_backtrace ()\n#4  0x000055555ba4ba3c in core::ops::function::FnOnce::call_once{{vtable.shim}} ()\n#5  0x000055555bd7502a in std::sys::thread::unix::Thread::new::thread_start ()\n#6  0x00007ffff7c9cb84 in start_thread (arg=<optimized out>) at ./nptl/pthread_create.c:447\n#7  0x00007ffff7d29ecc in clone3 () at ../sysdeps/unix/sysv/linux/x86_64/clone3.S:78\n"
~"\nThread 10 (Thread 0x7ffff69b76c0 (LWP 2268718) \"qe-worker-8\"):\n"
~"#0  syscall () at ../sysdeps/unix/sysv/linux/x86_64/syscall.S:38\n#1  0x000055555ba4c877 in rayon_core::sleep::Sleep::sleep ()\n#2  0x000055555ba4c30b in rayon_core::registry::WorkerThread::wait_until_cold ()\n#3  0x000055555ba4bcd2 in std::sys::backtrace::__rust_begin_short_backtrace ()\n#4  0x000055555ba4ba3c in core::ops::function::FnOnce::call_once{{vtable.shim}} ()\n#5  0x000055555bd7502a in std::sys::thread::unix::Thread::new::thread_start ()\n#6  0x00007ffff7c9cb84 in start_thread (arg=<optimized out>) at ./nptl/pthread_create.c:447\n#7  0x00007ffff7d29ecc in clone3 () at ../sysdeps/unix/sysv/linux/x86_64/clone3.S:78\n"
~"\nThread 9 (Thread 0x7ffff6bb86c0 (LWP 2268717) \"qe-worker-7\"):\n"
~"#0  syscall () at ../sysdeps/unix/sysv/linux/x86_64/syscall.S:38\n#1  0x000055555ba4c877 in rayon_core::sleep::Sleep::sleep ()\n#2  0x000055555ba4c30b in rayon_core::registry::WorkerThread::wait_until_cold ()\n#3  0x000055555ba4bcd2 in std::sys::backtrace::__rust_begin_short_backtrace ()\n#4  0x000055555ba4ba3c in core::ops::function::FnOnce::call_once{{vtable.shim}} ()\n#5  0x000055555bd7502a in std::sys::thread::unix::Thread::new::thread_start ()\n#6  0x00007ffff7c9cb84 in start_thread (arg=<optimized out>) at ./nptl/pthread_create.c:447\n#7  0x00007ffff7d29ecc in clone3 () at ../sysdeps/unix/sysv/linux/x86_64/clone3.S:78\n"
~"\nThread 8 (Thread 0x7ffff6db96c0 (LWP 2268716) \"qe-worker-6\"):\n"
~"#0  syscall () at ../sysdeps/unix/sysv/linux/x86_64/syscall.S:38\n#1  0x000055555ba4c877 in rayon_core::sleep::Sleep::sleep ()\n#2  0x000055555ba4c30b in rayon_core::registry::WorkerThread::wait_until_cold ()\n#3  0x000055555ba4bcd2 in std::sys::backtrace::__rust_begin_short_backtrace ()\n#4  0x000055555ba4ba3c in core::ops::function::FnOnce::call_once{{vtable.shim}} ()\n#5  0x000055555bd7502a in std::sys::thread::unix::Thread::new::thread_start ()\n#6  0x00007ffff7c9cb84 in start_thread (arg=<optimized out>) at ./nptl/pthread_create.c:447\n#7  0x00007ffff7d29ecc in clone3 () at ../sysdeps/unix/sysv/linux/x86_64/clone3.S:78\n"
~"\nThread 7 (Thread 0x7ffff6fba6c0 (LWP 2268715) \"qe-worker-5\"):\n"
~"#0  syscall () at ../sysdeps/unix/sysv/linux/x86_64/syscall.S:38\n#1  0x000055555ba4c877 in rayon_core::sleep::Sleep::sleep ()\n#2  0x000055555ba4c30b in rayon_core::registry::WorkerThread::wait_until_cold ()\n#3  0x000055555ba4bcd2 in std::sys::backtrace::__rust_begin_short_backtrace ()\n#4  0x000055555ba4ba3c in core::ops::function::FnOnce::call_once{{vtable.shim}} ()\n#5  0x000055555bd7502a in std::sys::thread::unix::Thread::new::thread_start ()\n#6  0x00007ffff7c9cb84 in start_thread (arg=<optimized out>) at ./nptl/pthread_create.c:447\n#7  0x00007ffff7d29ecc in clone3 () at ../sysdeps/unix/sysv/linux/x86_64/clone3.S:78\n"
~"\nThread 6 (Thread 0x7ffff71bb6c0 (LWP 2268714) \"qe-worker-4\"):\n"
~"#0  syscall () at ../sysdeps/unix/sysv/linux/x86_64/syscall.S:38\n#1  0x000055555ba4c877 in rayon_core::sleep::Sleep::sleep ()\n#2  0x000055555ba4c30b in rayon_core::registry::WorkerThread::wait_until_cold ()\n#3  0x000055555ba4bcd2 in std::sys::backtrace::__rust_begin_short_backtrace ()\n#4  0x000055555ba4ba3c in core::ops::function::FnOnce::call_once{{vtable.shim}} ()\n#5  0x000055555bd7502a in std::sys::thread::unix::Thread::new::thread_start ()\n#6  0x00007ffff7c9cb84 in start_thread (arg=<optimized out>) at ./nptl/pthread_create.c:447\n#7  0x00007ffff7d29ecc in clone3 () at ../sysdeps/unix/sysv/linux/x86_64/clone3.S:78\n"
~"\nThread 5 (Thread 0x7ffff73bc6c0 (LWP 2268713) \"qe-worker-3\"):\n"
~"#0  syscall () at ../sysdeps/unix/sysv/linux/x86_64/syscall.S:38\n#1  0x000055555ba4c877 in rayon_core::sleep::Sleep::sleep ()\n#2  0x000055555ba4c30b in rayon_core::registry::WorkerThread::wait_until_cold ()\n#3  0x000055555ba4bcd2 in std::sys::backtrace::__rust_begin_short_backtrace ()\n#4  0x000055555ba4ba3c in core::ops::function::FnOnce::call_once{{vtable.shim}} ()\n#5  0x000055555bd7502a in std::sys::thread::unix::Thread::new::thread_start ()\n#6  0x00007ffff7c9cb84 in start_thread (arg=<optimized out>) at ./nptl/pthread_create.c:447\n#7  0x00007ffff7d29ecc in clone3 () at ../sysdeps/unix/sysv/linux/x86_64/clone3.S:78\n"
~"\nThread 4 (Thread 0x7ffff75bd6c0 (LWP 2268712) \"qe-worker-2\"):\n"
~"#0  syscall () at ../sysdeps/unix/sysv/linux/x86_64/syscall.S:38\n#1  0x000055555ba4c877 in rayon_core::sleep::Sleep::sleep ()\n#2  0x000055555ba4c30b in rayon_core::registry::WorkerThread::wait_until_cold ()\n#3  0x000055555ba4bcd2 in std::sys::backtrace::__rust_begin_short_backtrace ()\n#4  0x000055555ba4ba3c in core::ops::function::FnOnce::call_once{{vtable.shim}} ()\n#5  0x000055555bd7502a in std::sys::thread::unix::Thread::new::thread_start ()\n#6  0x00007ffff7c9cb84 in start_thread (arg=<optimized out>) at ./nptl/pthread_create.c:447\n#7  0x00007ffff7d29ecc in clone3 () at ../sysdeps/unix/sysv/linux/x86_64/clone3.S:78\n"
~"\nThread 3 (Thread 0x7ffff77be6c0 (LWP 2268711) \"qe-worker-1\"):\n"
~"#0  syscall () at ../sysdeps/unix/sysv/linux/x86_64/syscall.S:38\n#1  0x000055555ba4c877 in rayon_core::sleep::Sleep::sleep ()\n#2  0x000055555ba4c30b in rayon_core::registry::WorkerThread::wait_until_cold ()\n#3  0x000055555ba4bcd2 in std::sys::backtrace::__rust_begin_short_backtrace ()\n#4  0x000055555ba4ba3c in core::ops::function::FnOnce::call_once{{vtable.shim}} ()\n#5  0x000055555bd7502a in std::sys::thread::unix::Thread::new::thread_start ()\n#6  0x00007ffff7c9cb84 in start_thread (arg=<optimized out>) at ./nptl/pthread_create.c:447\n#7  0x00007ffff7d29ecc in clone3 () at ../sysdeps/unix/sysv/linux/x86_64/clone3.S:78\n"
~"\nThread 2 (Thread 0x7ffff79bf6c0 (LWP 2268710) \"qe-worker-0\"):\n"
~"#0  syscall () at ../sysdeps/unix/sysv/linux/x86_64/syscall.S:38\n#1  0x000055555ba4c877 in rayon_core::sleep::Sleep::sleep ()\n#2  0x000055555ba4c30b in rayon_core::registry::WorkerThread::wait_until_cold ()\n#3  0x000055555ba4bcd2 in std::sys::backtrace::__rust_begin_short_backtrace ()\n#4  0x000055555ba4ba3c in core::ops::function::FnOnce::call_once{{vtable.shim}} ()\n#5  0x000055555bd7502a in std::sys::thread::unix::Thread::new::thread_start ()\n#6  0x00007ffff7c9cb84 in start_thread (arg=<optimized out>) at ./nptl/pthread_create.c:447\n#7  0x00007ffff7d29ecc in clone3 () at ../sysdeps/unix/sysv/linux/x86_64/clone3.S:78\n"
~"\nThread 1 (Thread 0x7ffff7e8d100 (LWP 2268699) \"serial_frontier\"):\n"
~"#0  0x000055555b524a0d in query_engine::physical::morsel_agg::parallel_controllers::ParallelControllers::route ()\n#1  0x000055555b4a2185 in query_engine::physical::morsel_agg::live_spill::execute::{{closure}} ()\n#2  0x000055555b4930c1 in <query_engine::physical::operators::spillable::SpillableHashAggregateExec as query_engine::physical::plan::PhysicalOperator>::execute::{{closure}} ()\n#3  0x000055555b632182 in <query_engine::physical::operators::project::ProjectExec as query_engine::physical::plan::PhysicalOperator>::execute::{{closure}} ()\n#4  0x000055555b4a7680 in query_engine::physical::operators::spillable::stream_merge_input_partitions::{{closure}} ()\n#5  0x000055555b53e445 in <query_engine::physical::operators::spillable::ExternalSortExec as query_engine::physical::plan::PhysicalOperator>::execute::{{closure}} ()\n#6  0x0000555556b43f81 in query_engine::execution::context::ExecutionContext::sql_impl::{{closure}}::{{closure}}::{{closure}} ()\n#7  0x0000555556b41049 in query_engine::execution::context::ExecutionContext::sql_impl::{{closure}} ()\n(More stack frames follow...)\n"
107^done
(gdb) 
108^running
*running,thread-id="all"
(gdb) 
=thread-exited,id="34",group-id="i1"
=thread-exited,id="33",group-id="i1"
=thread-exited,id="32",group-id="i1"
=thread-exited,id="28",group-id="i1"
=thread-exited,id="31",group-id="i1"
=thread-exited,id="30",group-id="i1"
=thread-exited,id="29",group-id="i1"
=thread-exited,id="27",group-id="i1"
=thread-exited,id="26",group-id="i1"
=thread-exited,id="25",group-id="i1"
=thread-exited,id="24",group-id="i1"
=thread-exited,id="23",group-id="i1"
=thread-exited,id="22",group-id="i1"
=thread-exited,id="21",group-id="i1"
=thread-exited,id="20",group-id="i1"
=thread-exited,id="19",group-id="i1"
=thread-exited,id="18",group-id="i1"
=thread-exited,id="17",group-id="i1"
=thread-exited,id="15",group-id="i1"
=thread-exited,id="14",group-id="i1"
=thread-exited,id="13",group-id="i1"
=thread-exited,id="12",group-id="i1"
=thread-exited,id="11",group-id="i1"
=thread-exited,id="10",group-id="i1"
=thread-exited,id="9",group-id="i1"
=thread-exited,id="8",group-id="i1"
=thread-exited,id="7",group-id="i1"
=thread-exited,id="6",group-id="i1"
=thread-exited,id="5",group-id="i1"
=thread-exited,id="4",group-id="i1"
=thread-exited,id="3",group-id="i1"
=thread-exited,id="2",group-id="i1"
=thread-exited,id="1",group-id="i1"
=thread-exited,id="16",group-id="i1"
=thread-created,id="35",group-id="i1"
~"[Inferior 1 (process 2268699) exited normally]\n"
=thread-exited,id="35",group-id="i1"
=thread-group-exited,id="i1",exit-code="0"
*stopped,reason="exited-normally"
109^done
(gdb) 
110^exit
