s_name,s_address
Supplier#000000045,Address 45
Supplier#000000062,Address 62
Supplier#000000083,Address 83
Supplier#000000120,Address 120
Supplier#000000147,Address 147
Supplier#000000156,Address 156
Supplier#000000201,Address 201
Supplier#000000237,Address 237
Supplier#000000261,Address 261
Supplier#000000290,Address 290
Supplier#000000306,Address 306
Supplier#000000329,Address 329
Supplier#000000331,Address 331
Supplier#000000334,Address 334
Supplier#000000345,Address 345
Supplier#000000360,Address 360
Supplier#000000374,Address 374
Supplier#000000388,Address 388
Supplier#000000435,Address 435
Supplier#000000459,Address 459
Supplier#000000482,Address 482
Supplier#000000588,Address 588
Supplier#000000636,Address 636
Supplier#000000659,Address 659
Supplier#000000665,Address 665
Supplier#000000695,Address 695
Supplier#000000704,Address 704
Supplier#000000731,Address 731
Supplier#000000733,Address 733
Supplier#000000763,Address 763
Supplier#000000782,Address 782
Supplier#000000806,Address 806
Supplier#000000892,Address 892
Supplier#000000954,Address 954
Supplier#000000977,Address 977
Supplier#000000995,Address 995
Supplier#000001000,Address 1000
Supplier#000001092,Address 1092
Supplier#000001095,Address 1095
Supplier#000001106,Address 1106
Supplier#000001116,Address 1116
Supplier#000001153,Address 1153
Supplier#000001179,Address 1179
Supplier#000001207,Address 1207
Supplier#000001228,Address 1228
Supplier#000001241,Address 1241
Supplier#000001243,Address 1243
Supplier#000001276,Address 1276
Supplier#000001280,Address 1280
Supplier#000001305,Address 1305
Supplier#000001320,Address 1320
Supplier#000001334,Address 1334
Supplier#000001358,Address 1358
Supplier#000001362,Address 1362
Supplier#000001380,Address 1380
Supplier#000001393,Address 1393
Supplier#000001415,Address 1415
Supplier#000001441,Address 1441
Supplier#000001464,Address 1464
Supplier#000001486,Address 1486
Supplier#000001535,Address 1535
Supplier#000001540,Address 1540
Supplier#000001545,Address 1545
Supplier#000001566,Address 1566
Supplier#000001617,Address 1617
Supplier#000001636,Address 1636
Supplier#000001686,Address 1686
Supplier#000001732,Address 1732
Supplier#000001747,Address 1747
Supplier#000001750,Address 1750
Supplier#000001761,Address 1761
Supplier#000001783,Address 1783
Supplier#000001813,Address 1813
Supplier#000001816,Address 1816
Supplier#000001848,Address 1848
Supplier#000001854,Address 1854
Supplier#000001894,Address 1894
Supplier#000001899,Address 1899
Supplier#000001911,Address 1911
Supplier#000001913,Address 1913
Supplier#000001917,Address 1917
Supplier#000001928,Address 1928
Supplier#000001929,Address 1929
Supplier#000001992,Address 1992
Supplier#000002106,Address 2106
Supplier#000002166,Address 2166
Supplier#000002194,Address 2194
Supplier#000002212,Address 2212
Supplier#000002215,Address 2215
Supplier#000002218,Address 2218
Supplier#000002279,Address 2279
Supplier#000002295,Address 2295
Supplier#000002350,Address 2350
Supplier#000002359,Address 2359
Supplier#000002417,Address 2417
Supplier#000002431,Address 2431
Supplier#000002470,Address 2470
Supplier#000002478,Address 2478
Supplier#000002520,Address 2520
Supplier#000002692,Address 2692
Supplier#000002704,Address 2704
Supplier#000002791,Address 2791
Supplier#000002817,Address 2817
Supplier#000002826,Address 2826
Supplier#000002844,Address 2844
Supplier#000002855,Address 2855
Supplier#000002862,Address 2862
Supplier#000002867,Address 2867
Supplier#000002883,Address 2883
Supplier#000002925,Address 2925
Supplier#000002943,Address 2943
Supplier#000002991,Address 2991
Supplier#000002992,Address 2992
Supplier#000002998,Address 2998
Supplier#000003046,Address 3046
Supplier#000003054,Address 3054
Supplier#000003065,Address 3065
Supplier#000003098,Address 3098
Supplier#000003115,Address 3115
Supplier#000003125,Address 3125
Supplier#000003137,Address 3137
Supplier#000003143,Address 3143
Supplier#000003207,Address 3207
Supplier#000003221,Address 3221
Supplier#000003222,Address 3222
Supplier#000003243,Address 3243
Supplier#000003315,Address 3315
Supplier#000003334,Address 3334
Supplier#000003377,Address 3377
Supplier#000003389,Address 3389
Supplier#000003414,Address 3414
Supplier#000003446,Address 3446
Supplier#000003466,Address 3466
Supplier#000003486,Address 3486
Supplier#000003555,Address 3555
Supplier#000003618,Address 3618
Supplier#000003619,Address 3619
Supplier#000003629,Address 3629
Supplier#000003632,Address 3632
Supplier#000003635,Address 3635
Supplier#000003642,Address 3642
Supplier#000003665,Address 3665
Supplier#000003673,Address 3673
Supplier#000003683,Address 3683
Supplier#000003698,Address 3698
Supplier#000003709,Address 3709
Supplier#000003729,Address 3729
Supplier#000003732,Address 3732
Supplier#000003776,Address 3776
Supplier#000003831,Address 3831
Supplier#000003871,Address 3871
Supplier#000003921,Address 3921
Supplier#000003964,Address 3964
Supplier#000003965,Address 3965
Supplier#000003985,Address 3985
Supplier#000004035,Address 4035
Supplier#000004070,Address 4070
Supplier#000004078,Address 4078
Supplier#000004079,Address 4079
Supplier#000004080,Address 4080
Supplier#000004130,Address 4130
Supplier#000004132,Address 4132
Supplier#000004147,Address 4147
Supplier#000004187,Address 4187
Supplier#000004193,Address 4193
Supplier#000004216,Address 4216
Supplier#000004238,Address 4238
Supplier#000004256,Address 4256
Supplier#000004283,Address 4283
Supplier#000004290,Address 4290
Supplier#000004294,Address 4294
Supplier#000004332,Address 4332
Supplier#000004373,Address 4373
Supplier#000004488,Address 4488
Supplier#000004502,Address 4502
Supplier#000004531,Address 4531
Supplier#000004556,Address 4556
Supplier#000004561,Address 4561
Supplier#000004580,Address 4580
Supplier#000004587,Address 4587
Supplier#000004603,Address 4603
Supplier#000004624,Address 4624
Supplier#000004640,Address 4640
Supplier#000004657,Address 4657
Supplier#000004659,Address 4659
Supplier#000004689,Address 4689
Supplier#000004694,Address 4694
Supplier#000004734,Address 4734
Supplier#000004775,Address 4775
Supplier#000004777,Address 4777
Supplier#000004784,Address 4784
Supplier#000004808,Address 4808
Supplier#000004844,Address 4844
Supplier#000004845,Address 4845
Supplier#000004864,Address 4864
Supplier#000004914,Address 4914
Supplier#000004941,Address 4941
Supplier#000004963,Address 4963
Supplier#000005077,Address 5077
Supplier#000005195,Address 5195
Supplier#000005198,Address 5198
Supplier#000005208,Address 5208
Supplier#000005211,Address 5211
Supplier#000005247,Address 5247
Supplier#000005294,Address 5294
Supplier#000005298,Address 5298
Supplier#000005331,Address 5331
Supplier#000005339,Address 5339
Supplier#000005342,Address 5342
Supplier#000005369,Address 5369
Supplier#000005375,Address 5375
Supplier#000005417,Address 5417
Supplier#000005422,Address 5422
Supplier#000005438,Address 5438
Supplier#000005501,Address 5501
Supplier#000005502,Address 5502
Supplier#000005512,Address 5512
Supplier#000005518,Address 5518
Supplier#000005519,Address 5519
Supplier#000005563,Address 5563
Supplier#000005569,Address 5569
Supplier#000005588,Address 5588
Supplier#000005605,Address 5605
Supplier#000005651,Address 5651
Supplier#000005673,Address 5673
Supplier#000005752,Address 5752
Supplier#000005829,Address 5829
Supplier#000005895,Address 5895
Supplier#000005905,Address 5905
Supplier#000005911,Address 5911
Supplier#000005925,Address 5925
Supplier#000005928,Address 5928
Supplier#000005953,Address 5953
Supplier#000005957,Address 5957
Supplier#000005970,Address 5970
Supplier#000005983,Address 5983
Supplier#000005991,Address 5991
Supplier#000006028,Address 6028
Supplier#000006030,Address 6030
Supplier#000006053,Address 6053
Supplier#000006100,Address 6100
Supplier#000006144,Address 6144
Supplier#000006183,Address 6183
Supplier#000006266,Address 6266
Supplier#000006316,Address 6316
Supplier#000006375,Address 6375
Supplier#000006404,Address 6404
Supplier#000006429,Address 6429
Supplier#000006458,Address 6458
Supplier#000006528,Address 6528
Supplier#000006541,Address 6541
Supplier#000006556,Address 6556
Supplier#000006564,Address 6564
Supplier#000006582,Address 6582
Supplier#000006642,Address 6642
Supplier#000006682,Address 6682
Supplier#000006732,Address 6732
Supplier#000006739,Address 6739
Supplier#000006744,Address 6744
Supplier#000006808,Address 6808
Supplier#000006816,Address 6816
Supplier#000006861,Address 6861
Supplier#000006872,Address 6872
Supplier#000006894,Address 6894
Supplier#000006945,Address 6945
Supplier#000006983,Address 6983
Supplier#000007023,Address 7023
Supplier#000007071,Address 7071
Supplier#000007162,Address 7162
Supplier#000007201,Address 7201
Supplier#000007256,Address 7256
Supplier#000007292,Address 7292
Supplier#000007296,Address 7296
Supplier#000007308,Address 7308
Supplier#000007335,Address 7335
Supplier#000007346,Address 7346
Supplier#000007442,Address 7442
Supplier#000007447,Address 7447
Supplier#000007488,Address 7488
Supplier#000007646,Address 7646
Supplier#000007652,Address 7652
Supplier#000007676,Address 7676
Supplier#000007681,Address 7681
Supplier#000007710,Address 7710
Supplier#000007738,Address 7738
Supplier#000007746,Address 7746
Supplier#000007754,Address 7754
Supplier#000007803,Address 7803
Supplier#000007822,Address 7822
Supplier#000007855,Address 7855
Supplier#000007880,Address 7880
Supplier#000007922,Address 7922
Supplier#000007961,Address 7961
Supplier#000007973,Address 7973
Supplier#000007974,Address 7974
Supplier#000008007,Address 8007
Supplier#000008031,Address 8031
Supplier#000008063,Address 8063
Supplier#000008064,Address 8064
Supplier#000008071,Address 8071
Supplier#000008079,Address 8079
Supplier#000008104,Address 8104
Supplier#000008119,Address 8119
Supplier#000008155,Address 8155
Supplier#000008179,Address 8179
Supplier#000008236,Address 8236
Supplier#000008238,Address 8238
Supplier#000008271,Address 8271
Supplier#000008284,Address 8284
Supplier#000008291,Address 8291
Supplier#000008307,Address 8307
Supplier#000008325,Address 8325
Supplier#000008337,Address 8337
Supplier#000008352,Address 8352
Supplier#000008416,Address 8416
Supplier#000008434,Address 8434
Supplier#000008439,Address 8439
Supplier#000008447,Address 8447
Supplier#000008497,Address 8497
Supplier#000008511,Address 8511
Supplier#000008533,Address 8533
Supplier#000008581,Address 8581
Supplier#000008608,Address 8608
Supplier#000008669,Address 8669
Supplier#000008699,Address 8699
Supplier#000008768,Address 8768
Supplier#000008778,Address 8778
Supplier#000008796,Address 8796
Supplier#000008823,Address 8823
Supplier#000008856,Address 8856
Supplier#000008868,Address 8868
Supplier#000008881,Address 8881
Supplier#000009022,Address 9022
Supplier#000009029,Address 9029
Supplier#000009057,Address 9057
Supplier#000009062,Address 9062
Supplier#000009104,Address 9104
Supplier#000009142,Address 9142
Supplier#000009153,Address 9153
Supplier#000009210,Address 9210
Supplier#000009211,Address 9211
Supplier#000009238,Address 9238
Supplier#000009248,Address 9248
Supplier#000009277,Address 9277
Supplier#000009281,Address 9281
Supplier#000009291,Address 9291
Supplier#000009332,Address 9332
Supplier#000009354,Address 9354
Supplier#000009478,Address 9478
Supplier#000009505,Address 9505
Supplier#000009506,Address 9506
Supplier#000009515,Address 9515
Supplier#000009524,Address 9524
Supplier#000009534,Address 9534
Supplier#000009540,Address 9540
Supplier#000009606,Address 9606
Supplier#000009694,Address 9694
Supplier#000009720,Address 9720
Supplier#000009744,Address 9744
Supplier#000009757,Address 9757
Supplier#000009778,Address 9778
Supplier#000009794,Address 9794
Supplier#000009813,Address 9813
Supplier#000009849,Address 9849
Supplier#000009854,Address 9854
Supplier#000009857,Address 9857
Supplier#000009967,Address 9967
Supplier#000009974,Address 9974
Supplier#000009981,Address 9981
Supplier#000009985,Address 9985
Supplier#000009987,Address 9987
Supplier#000009992,Address 9992
Supplier#000010010,Address 10010
Supplier#000010021,Address 10021
Supplier#000010052,Address 10052
Supplier#000010077,Address 10077
Supplier#000010133,Address 10133
Supplier#000010197,Address 10197
Supplier#000010281,Address 10281
Supplier#000010292,Address 10292
Supplier#000010300,Address 10300
Supplier#000010336,Address 10336
Supplier#000010371,Address 10371
Supplier#000010375,Address 10375
Supplier#000010411,Address 10411
Supplier#000010415,Address 10415
Supplier#000010447,Address 10447
Supplier#000010452,Address 10452
Supplier#000010486,Address 10486
Supplier#000010499,Address 10499
Supplier#000010502,Address 10502
Supplier#000010569,Address 10569
Supplier#000010580,Address 10580
Supplier#000010584,Address 10584
Supplier#000010593,Address 10593
Supplier#000010606,Address 10606
Supplier#000010611,Address 10611
Supplier#000010645,Address 10645
Supplier#000010748,Address 10748
Supplier#000010840,Address 10840
Supplier#000010848,Address 10848
Supplier#000010872,Address 10872
Supplier#000010920,Address 10920
Supplier#000010924,Address 10924
Supplier#000010959,Address 10959
Supplier#000010975,Address 10975
Supplier#000010983,Address 10983
Supplier#000011022,Address 11022
Supplier#000011073,Address 11073
Supplier#000011090,Address 11090
Supplier#000011096,Address 11096
Supplier#000011098,Address 11098
Supplier#000011134,Address 11134
Supplier#000011158,Address 11158
Supplier#000011176,Address 11176
Supplier#000011188,Address 11188
Supplier#000011190,Address 11190
Supplier#000011241,Address 11241
Supplier#000011260,Address 11260
Supplier#000011301,Address 11301
Supplier#000011372,Address 11372
Supplier#000011402,Address 11402
Supplier#000011438,Address 11438
Supplier#000011555,Address 11555
Supplier#000011593,Address 11593
Supplier#000011619,Address 11619
Supplier#000011632,Address 11632
Supplier#000011639,Address 11639
Supplier#000011684,Address 11684
Supplier#000011721,Address 11721
Supplier#000011730,Address 11730
Supplier#000011731,Address 11731
Supplier#000011812,Address 11812
Supplier#000011835,Address 11835
Supplier#000011885,Address 11885
Supplier#000011937,Address 11937
Supplier#000012003,Address 12003
Supplier#000012016,Address 12016
Supplier#000012028,Address 12028
Supplier#000012043,Address 12043
Supplier#000012078,Address 12078
Supplier#000012106,Address 12106
Supplier#000012113,Address 12113
Supplier#000012168,Address 12168
Supplier#000012170,Address 12170
Supplier#000012227,Address 12227
Supplier#000012243,Address 12243
Supplier#000012244,Address 12244
Supplier#000012247,Address 12247
Supplier#000012255,Address 12255
Supplier#000012280,Address 12280
Supplier#000012355,Address 12355
Supplier#000012373,Address 12373
Supplier#000012508,Address 12508
Supplier#000012512,Address 12512
Supplier#000012529,Address 12529
Supplier#000012539,Address 12539
Supplier#000012549,Address 12549
Supplier#000012562,Address 12562
Supplier#000012590,Address 12590
Supplier#000012596,Address 12596
Supplier#000012607,Address 12607
Supplier#000012632,Address 12632
Supplier#000012714,Address 12714
Supplier#000012724,Address 12724
Supplier#000012741,Address 12741
Supplier#000012743,Address 12743
Supplier#000012777,Address 12777
Supplier#000012812,Address 12812
Supplier#000012834,Address 12834
Supplier#000012843,Address 12843
Supplier#000012845,Address 12845
Supplier#000012853,Address 12853
Supplier#000012872,Address 12872
Supplier#000012883,Address 12883
Supplier#000012904,Address 12904
Supplier#000012929,Address 12929
Supplier#000013018,Address 13018
Supplier#000013020,Address 13020
Supplier#000013030,Address 13030
Supplier#000013055,Address 13055
Supplier#000013074,Address 13074
Supplier#000013106,Address 13106
Supplier#000013109,Address 13109
Supplier#000013128,Address 13128
Supplier#000013132,Address 13132
Supplier#000013152,Address 13152
Supplier#000013201,Address 13201
Supplier#000013211,Address 13211
Supplier#000013243,Address 13243
Supplier#000013250,Address 13250
Supplier#000013395,Address 13395
Supplier#000013398,Address 13398
Supplier#000013420,Address 13420
Supplier#000013426,Address 13426
Supplier#000013493,Address 13493
Supplier#000013537,Address 13537
Supplier#000013539,Address 13539
Supplier#000013543,Address 13543
Supplier#000013545,Address 13545
Supplier#000013549,Address 13549
Supplier#000013559,Address 13559
Supplier#000013629,Address 13629
Supplier#000013634,Address 13634
Supplier#000013655,Address 13655
Supplier#000013677,Address 13677
Supplier#000013700,Address 13700
Supplier#000013739,Address 13739
Supplier#000013743,Address 13743
Supplier#000013799,Address 13799
Supplier#000013828,Address 13828
Supplier#000013894,Address 13894
Supplier#000013912,Address 13912
Supplier#000013920,Address 13920
Supplier#000013932,Address 13932
Supplier#000013941,Address 13941
Supplier#000013967,Address 13967
Supplier#000014014,Address 14014
Supplier#000014025,Address 14025
Supplier#000014031,Address 14031
Supplier#000014067,Address 14067
Supplier#000014137,Address 14137
Supplier#000014150,Address 14150
Supplier#000014157,Address 14157
Supplier#000014190,Address 14190
Supplier#000014205,Address 14205
Supplier#000014213,Address 14213
Supplier#000014262,Address 14262
Supplier#000014299,Address 14299
Supplier#000014301,Address 14301
Supplier#000014324,Address 14324
Supplier#000014338,Address 14338
Supplier#000014345,Address 14345
Supplier#000014419,Address 14419
Supplier#000014452,Address 14452
Supplier#000014457,Address 14457
Supplier#000014478,Address 14478
Supplier#000014504,Address 14504
Supplier#000014647,Address 14647
Supplier#000014672,Address 14672
Supplier#000014674,Address 14674
Supplier#000014735,Address 14735
Supplier#000014740,Address 14740
Supplier#000014747,Address 14747
Supplier#000014753,Address 14753
Supplier#000014754,Address 14754
Supplier#000014778,Address 14778
Supplier#000014793,Address 14793
Supplier#000014853,Address 14853
Supplier#000014998,Address 14998
Supplier#000015040,Address 15040
Supplier#000015052,Address 15052
Supplier#000015121,Address 15121
Supplier#000015123,Address 15123
Supplier#000015126,Address 15126
Supplier#000015156,Address 15156
Supplier#000015160,Address 15160
Supplier#000015163,Address 15163
Supplier#000015178,Address 15178
Supplier#000015238,Address 15238
Supplier#000015273,Address 15273
Supplier#000015321,Address 15321
Supplier#000015433,Address 15433
Supplier#000015499,Address 15499
Supplier#000015512,Address 15512
Supplier#000015518,Address 15518
Supplier#000015536,Address 15536
Supplier#000015567,Address 15567
Supplier#000015575,Address 15575
Supplier#000015580,Address 15580
Supplier#000015648,Address 15648
Supplier#000015658,Address 15658
Supplier#000015669,Address 15669
Supplier#000015755,Address 15755
Supplier#000015759,Address 15759
Supplier#000015771,Address 15771
Supplier#000015794,Address 15794
Supplier#000015801,Address 15801
Supplier#000015823,Address 15823
Supplier#000015825,Address 15825
Supplier#000015826,Address 15826
Supplier#000015833,Address 15833
Supplier#000015866,Address 15866
Supplier#000015872,Address 15872
Supplier#000015884,Address 15884
Supplier#000015897,Address 15897
Supplier#000015912,Address 15912
Supplier#000015942,Address 15942
Supplier#000015960,Address 15960
Supplier#000015970,Address 15970
Supplier#000015976,Address 15976
Supplier#000015999,Address 15999
Supplier#000016054,Address 16054
Supplier#000016059,Address 16059
Supplier#000016092,Address 16092
Supplier#000016124,Address 16124
Supplier#000016152,Address 16152
Supplier#000016194,Address 16194
Supplier#000016229,Address 16229
Supplier#000016238,Address 16238
Supplier#000016271,Address 16271
Supplier#000016294,Address 16294
Supplier#000016332,Address 16332
Supplier#000016335,Address 16335
Supplier#000016377,Address 16377
Supplier#000016443,Address 16443
Supplier#000016480,Address 16480
Supplier#000016488,Address 16488
Supplier#000016569,Address 16569
Supplier#000016606,Address 16606
Supplier#000016607,Address 16607
Supplier#000016612,Address 16612
Supplier#000016615,Address 16615
Supplier#000016713,Address 16713
Supplier#000016765,Address 16765
Supplier#000016783,Address 16783
Supplier#000016797,Address 16797
Supplier#000016815,Address 16815
Supplier#000016818,Address 16818
Supplier#000016824,Address 16824
Supplier#000016832,Address 16832
Supplier#000016862,Address 16862
Supplier#000016863,Address 16863
Supplier#000016906,Address 16906
Supplier#000016936,Address 16936
Supplier#000016956,Address 16956
Supplier#000016968,Address 16968
Supplier#000017006,Address 17006
Supplier#000017016,Address 17016
Supplier#000017046,Address 17046
Supplier#000017073,Address 17073
Supplier#000017078,Address 17078
Supplier#000017120,Address 17120
Supplier#000017198,Address 17198
Supplier#000017199,Address 17199
Supplier#000017226,Address 17226
Supplier#000017229,Address 17229
Supplier#000017236,Address 17236
Supplier#000017315,Address 17315
Supplier#000017319,Address 17319
Supplier#000017348,Address 17348
Supplier#000017379,Address 17379
Supplier#000017391,Address 17391
Supplier#000017400,Address 17400
Supplier#000017416,Address 17416
Supplier#000017449,Address 17449
Supplier#000017458,Address 17458
Supplier#000017461,Address 17461
Supplier#000017471,Address 17471
Supplier#000017546,Address 17546
Supplier#000017550,Address 17550
Supplier#000017563,Address 17563
Supplier#000017574,Address 17574
Supplier#000017581,Address 17581
Supplier#000017586,Address 17586
Supplier#000017622,Address 17622
Supplier#000017664,Address 17664
Supplier#000017673,Address 17673
Supplier#000017706,Address 17706
Supplier#000017734,Address 17734
Supplier#000017784,Address 17784
Supplier#000017789,Address 17789
Supplier#000017790,Address 17790
Supplier#000017811,Address 17811
Supplier#000017848,Address 17848
Supplier#000017904,Address 17904
Supplier#000017913,Address 17913
Supplier#000017946,Address 17946
Supplier#000017963,Address 17963
Supplier#000017972,Address 17972
Supplier#000018038,Address 18038
Supplier#000018041,Address 18041
Supplier#000018093,Address 18093
Supplier#000018102,Address 18102
Supplier#000018202,Address 18202
Supplier#000018220,Address 18220
Supplier#000018231,Address 18231
Supplier#000018233,Address 18233
Supplier#000018307,Address 18307
Supplier#000018313,Address 18313
Supplier#000018336,Address 18336
Supplier#000018373,Address 18373
Supplier#000018379,Address 18379
Supplier#000018386,Address 18386
Supplier#000018402,Address 18402
Supplier#000018424,Address 18424
Supplier#000018425,Address 18425
Supplier#000018437,Address 18437
Supplier#000018447,Address 18447
Supplier#000018488,Address 18488
Supplier#000018501,Address 18501
Supplier#000018503,Address 18503
Supplier#000018532,Address 18532
Supplier#000018583,Address 18583
Supplier#000018612,Address 18612
Supplier#000018666,Address 18666
Supplier#000018675,Address 18675
Supplier#000018679,Address 18679
Supplier#000018716,Address 18716
Supplier#000018727,Address 18727
Supplier#000018753,Address 18753
Supplier#000018788,Address 18788
Supplier#000018827,Address 18827
Supplier#000018857,Address 18857
Supplier#000018868,Address 18868
Supplier#000018912,Address 18912
Supplier#000018915,Address 18915
Supplier#000018918,Address 18918
Supplier#000018926,Address 18926
Supplier#000019001,Address 19001
Supplier#000019037,Address 19037
Supplier#000019039,Address 19039
Supplier#000019058,Address 19058
Supplier#000019062,Address 19062
Supplier#000019129,Address 19129
Supplier#000019140,Address 19140
Supplier#000019215,Address 19215
Supplier#000019245,Address 19245
Supplier#000019267,Address 19267
Supplier#000019272,Address 19272
Supplier#000019275,Address 19275
Supplier#000019277,Address 19277
Supplier#000019289,Address 19289
Supplier#000019293,Address 19293
Supplier#000019303,Address 19303
Supplier#000019318,Address 19318
Supplier#000019343,Address 19343
Supplier#000019351,Address 19351
Supplier#000019378,Address 19378
Supplier#000019395,Address 19395
Supplier#000019407,Address 19407
Supplier#000019413,Address 19413
Supplier#000019508,Address 19508
Supplier#000019517,Address 19517
Supplier#000019540,Address 19540
Supplier#000019541,Address 19541
Supplier#000019562,Address 19562
Supplier#000019588,Address 19588
Supplier#000019601,Address 19601
Supplier#000019619,Address 19619
Supplier#000019622,Address 19622
Supplier#000019747,Address 19747
Supplier#000019766,Address 19766
Supplier#000019772,Address 19772
Supplier#000019784,Address 19784
Supplier#000019808,Address 19808
Supplier#000019813,Address 19813
Supplier#000019847,Address 19847
Supplier#000019851,Address 19851
Supplier#000019857,Address 19857
Supplier#000019862,Address 19862
Supplier#000019870,Address 19870
Supplier#000019886,Address 19886
Supplier#000019891,Address 19891
Supplier#000019898,Address 19898
Supplier#000019937,Address 19937
Supplier#000019959,Address 19959
Supplier#000019972,Address 19972
Supplier#000020006,Address 20006
Supplier#000020044,Address 20044
Supplier#000020062,Address 20062
Supplier#000020097,Address 20097
Supplier#000020100,Address 20100
Supplier#000020115,Address 20115
Supplier#000020125,Address 20125
Supplier#000020166,Address 20166
Supplier#000020202,Address 20202
Supplier#000020203,Address 20203
Supplier#000020204,Address 20204
Supplier#000020229,Address 20229
Supplier#000020271,Address 20271
Supplier#000020311,Address 20311
Supplier#000020316,Address 20316
Supplier#000020329,Address 20329
Supplier#000020367,Address 20367
Supplier#000020391,Address 20391
Supplier#000020398,Address 20398
Supplier#000020428,Address 20428
Supplier#000020453,Address 20453
Supplier#000020470,Address 20470
Supplier#000020548,Address 20548
Supplier#000020580,Address 20580
Supplier#000020600,Address 20600
Supplier#000020688,Address 20688
Supplier#000020700,Address 20700
Supplier#000020715,Address 20715
Supplier#000020723,Address 20723
Supplier#000020746,Address 20746
Supplier#000020791,Address 20791
Supplier#000020825,Address 20825
Supplier#000020836,Address 20836
Supplier#000020858,Address 20858
Supplier#000020874,Address 20874
Supplier#000020875,Address 20875
Supplier#000020913,Address 20913
Supplier#000020916,Address 20916
Supplier#000020937,Address 20937
Supplier#000020947,Address 20947
Supplier#000020950,Address 20950
Supplier#000020959,Address 20959
Supplier#000021041,Address 21041
Supplier#000021059,Address 21059
Supplier#000021157,Address 21157
Supplier#000021218,Address 21218
Supplier#000021254,Address 21254
Supplier#000021260,Address 21260
Supplier#000021270,Address 21270
Supplier#000021283,Address 21283
Supplier#000021285,Address 21285
Supplier#000021290,Address 21290
Supplier#000021312,Address 21312
Supplier#000021326,Address 21326
Supplier#000021332,Address 21332
Supplier#000021356,Address 21356
Supplier#000021365,Address 21365
Supplier#000021446,Address 21446
Supplier#000021453,Address 21453
Supplier#000021458,Address 21458
Supplier#000021507,Address 21507
Supplier#000021514,Address 21514
Supplier#000021535,Address 21535
Supplier#000021581,Address 21581
Supplier#000021685,Address 21685
Supplier#000021727,Address 21727
Supplier#000021729,Address 21729
Supplier#000021730,Address 21730
Supplier#000021742,Address 21742
Supplier#000021744,Address 21744
Supplier#000021748,Address 21748
Supplier#000021750,Address 21750
Supplier#000021771,Address 21771
Supplier#000021818,Address 21818
Supplier#000021884,Address 21884
Supplier#000021901,Address 21901
Supplier#000021946,Address 21946
Supplier#000021960,Address 21960
Supplier#000022067,Address 22067
Supplier#000022089,Address 22089
Supplier#000022097,Address 22097
Supplier#000022111,Address 22111
Supplier#000022129,Address 22129
Supplier#000022182,Address 22182
Supplier#000022266,Address 22266
Supplier#000022275,Address 22275
Supplier#000022311,Address 22311
Supplier#000022312,Address 22312
Supplier#000022318,Address 22318
Supplier#000022354,Address 22354
Supplier#000022357,Address 22357
Supplier#000022377,Address 22377
Supplier#000022384,Address 22384
Supplier#000022399,Address 22399
Supplier#000022411,Address 22411
Supplier#000022417,Address 22417
Supplier#000022421,Address 22421
Supplier#000022427,Address 22427
Supplier#000022438,Address 22438
Supplier#000022470,Address 22470
Supplier#000022472,Address 22472
Supplier#000022494,Address 22494
Supplier#000022512,Address 22512
Supplier#000022513,Address 22513
Supplier#000022522,Address 22522
Supplier#000022609,Address 22609
Supplier#000022614,Address 22614
Supplier#000022731,Address 22731
Supplier#000022753,Address 22753
Supplier#000022780,Address 22780
Supplier#000022788,Address 22788
Supplier#000022809,Address 22809
Supplier#000022823,Address 22823
Supplier#000022844,Address 22844
Supplier#000022856,Address 22856
Supplier#000022874,Address 22874
Supplier#000022875,Address 22875
Supplier#000022886,Address 22886
Supplier#000022904,Address 22904
Supplier#000022986,Address 22986
Supplier#000022996,Address 22996
Supplier#000023010,Address 23010
Supplier#000023020,Address 23020
Supplier#000023064,Address 23064
Supplier#000023125,Address 23125
Supplier#000023254,Address 23254
Supplier#000023273,Address 23273
Supplier#000023274,Address 23274
Supplier#000023279,Address 23279
Supplier#000023290,Address 23290
Supplier#000023329,Address 23329
Supplier#000023338,Address 23338
Supplier#000023395,Address 23395
Supplier#000023412,Address 23412
Supplier#000023436,Address 23436
Supplier#000023511,Address 23511
Supplier#000023550,Address 23550
Supplier#000023558,Address 23558
Supplier#000023576,Address 23576
Supplier#000023577,Address 23577
Supplier#000023617,Address 23617
Supplier#000023628,Address 23628
Supplier#000023639,Address 23639
Supplier#000023662,Address 23662
Supplier#000023674,Address 23674
Supplier#000023719,Address 23719
Supplier#000023742,Address 23742
Supplier#000023798,Address 23798
Supplier#000023810,Address 23810
Supplier#000023840,Address 23840
Supplier#000023853,Address 23853
Supplier#000023872,Address 23872
Supplier#000023939,Address 23939
Supplier#000023946,Address 23946
Supplier#000023958,Address 23958
Supplier#000024001,Address 24001
Supplier#000024027,Address 24027
Supplier#000024060,Address 24060
Supplier#000024075,Address 24075
Supplier#000024101,Address 24101
Supplier#000024105,Address 24105
Supplier#000024113,Address 24113
Supplier#000024156,Address 24156
Supplier#000024157,Address 24157
Supplier#000024260,Address 24260
Supplier#000024375,Address 24375
Supplier#000024456,Address 24456
Supplier#000024492,Address 24492
Supplier#000024507,Address 24507
Supplier#000024516,Address 24516
Supplier#000024521,Address 24521
Supplier#000024559,Address 24559
Supplier#000024560,Address 24560
Supplier#000024571,Address 24571
Supplier#000024576,Address 24576
Supplier#000024629,Address 24629
Supplier#000024632,Address 24632
Supplier#000024649,Address 24649
Supplier#000024679,Address 24679
Supplier#000024680,Address 24680
Supplier#000024685,Address 24685
Supplier#000024728,Address 24728
Supplier#000024730,Address 24730
Supplier#000024850,Address 24850
Supplier#000024873,Address 24873
Supplier#000024875,Address 24875
Supplier#000024881,Address 24881
Supplier#000024914,Address 24914
Supplier#000024922,Address 24922
Supplier#000024968,Address 24968
Supplier#000024974,Address 24974
Supplier#000024991,Address 24991
Supplier#000025012,Address 25012
Supplier#000025014,Address 25014
Supplier#000025026,Address 25026
Supplier#000025036,Address 25036
Supplier#000025047,Address 25047
Supplier#000025128,Address 25128
Supplier#000025133,Address 25133
Supplier#000025173,Address 25173
Supplier#000025199,Address 25199
Supplier#000025202,Address 25202
Supplier#000025204,Address 25204
Supplier#000025219,Address 25219
Supplier#000025253,Address 25253
Supplier#000025277,Address 25277
Supplier#000025285,Address 25285
Supplier#000025311,Address 25311
Supplier#000025312,Address 25312
Supplier#000025337,Address 25337
Supplier#000025355,Address 25355
Supplier#000025373,Address 25373
Supplier#000025374,Address 25374
Supplier#000025442,Address 25442
Supplier#000025471,Address 25471
Supplier#000025489,Address 25489
Supplier#000025501,Address 25501
Supplier#000025553,Address 25553
Supplier#000025554,Address 25554
Supplier#000025604,Address 25604
Supplier#000025687,Address 25687
Supplier#000025719,Address 25719
Supplier#000025745,Address 25745
Supplier#000025802,Address 25802
Supplier#000025843,Address 25843
Supplier#000025848,Address 25848
Supplier#000025851,Address 25851
Supplier#000025884,Address 25884
Supplier#000025888,Address 25888
Supplier#000025893,Address 25893
Supplier#000025903,Address 25903
Supplier#000025962,Address 25962
Supplier#000026045,Address 26045
Supplier#000026059,Address 26059
Supplier#000026077,Address 26077
Supplier#000026079,Address 26079
Supplier#000026126,Address 26126
Supplier#000026184,Address 26184
Supplier#000026187,Address 26187
Supplier#000026268,Address 26268
Supplier#000026272,Address 26272
Supplier#000026282,Address 26282
Supplier#000026283,Address 26283
Supplier#000026310,Address 26310
Supplier#000026325,Address 26325
Supplier#000026362,Address 26362
Supplier#000026394,Address 26394
Supplier#000026399,Address 26399
Supplier#000026404,Address 26404
Supplier#000026425,Address 26425
Supplier#000026436,Address 26436
Supplier#000026454,Address 26454
Supplier#000026515,Address 26515
Supplier#000026516,Address 26516
Supplier#000026534,Address 26534
Supplier#000026543,Address 26543
Supplier#000026550,Address 26550
Supplier#000026561,Address 26561
Supplier#000026566,Address 26566
Supplier#000026584,Address 26584
Supplier#000026624,Address 26624
Supplier#000026627,Address 26627
Supplier#000026628,Address 26628
Supplier#000026637,Address 26637
Supplier#000026652,Address 26652
Supplier#000026670,Address 26670
Supplier#000026679,Address 26679
Supplier#000026692,Address 26692
Supplier#000026722,Address 26722
Supplier#000026735,Address 26735
Supplier#000026751,Address 26751
Supplier#000026770,Address 26770
Supplier#000026777,Address 26777
Supplier#000026786,Address 26786
Supplier#000026803,Address 26803
Supplier#000026829,Address 26829
Supplier#000026860,Address 26860
Supplier#000026911,Address 26911
Supplier#000026914,Address 26914
Supplier#000026950,Address 26950
Supplier#000026998,Address 26998
Supplier#000027075,Address 27075
Supplier#000027128,Address 27128
Supplier#000027133,Address 27133
Supplier#000027135,Address 27135
Supplier#000027148,Address 27148
Supplier#000027155,Address 27155
Supplier#000027172,Address 27172
Supplier#000027176,Address 27176
Supplier#000027230,Address 27230
Supplier#000027238,Address 27238
Supplier#000027261,Address 27261
Supplier#000027263,Address 27263
Supplier#000027272,Address 27272
Supplier#000027323,Address 27323
Supplier#000027369,Address 27369
Supplier#000027371,Address 27371
Supplier#000027426,Address 27426
Supplier#000027447,Address 27447
Supplier#000027448,Address 27448
Supplier#000027458,Address 27458
Supplier#000027497,Address 27497
Supplier#000027572,Address 27572
Supplier#000027585,Address 27585
Supplier#000027588,Address 27588
Supplier#000027595,Address 27595
Supplier#000027610,Address 27610
Supplier#000027652,Address 27652
Supplier#000027734,Address 27734
Supplier#000027765,Address 27765
Supplier#000027770,Address 27770
Supplier#000027781,Address 27781
Supplier#000027783,Address 27783
Supplier#000027835,Address 27835
Supplier#000027840,Address 27840
Supplier#000027873,Address 27873
Supplier#000027874,Address 27874
Supplier#000027895,Address 27895
Supplier#000027910,Address 27910
Supplier#000027937,Address 27937
Supplier#000027976,Address 27976
Supplier#000028000,Address 28000
Supplier#000028035,Address 28035
Supplier#000028045,Address 28045
Supplier#000028066,Address 28066
Supplier#000028089,Address 28089
Supplier#000028090,Address 28090
Supplier#000028098,Address 28098
Supplier#000028107,Address 28107
Supplier#000028113,Address 28113
Supplier#000028120,Address 28120
Supplier#000028160,Address 28160
Supplier#000028170,Address 28170
Supplier#000028190,Address 28190
Supplier#000028205,Address 28205
Supplier#000028227,Address 28227
Supplier#000028274,Address 28274
Supplier#000028280,Address 28280
Supplier#000028285,Address 28285
Supplier#000028308,Address 28308
Supplier#000028310,Address 28310
Supplier#000028333,Address 28333
Supplier#000028379,Address 28379
Supplier#000028382,Address 28382
Supplier#000028383,Address 28383
Supplier#000028387,Address 28387
Supplier#000028428,Address 28428
Supplier#000028434,Address 28434
Supplier#000028476,Address 28476
Supplier#000028506,Address 28506
Supplier#000028600,Address 28600
Supplier#000028603,Address 28603
Supplier#000028626,Address 28626
Supplier#000028660,Address 28660
Supplier#000028661,Address 28661
Supplier#000028676,Address 28676
Supplier#000028696,Address 28696
Supplier#000028705,Address 28705
Supplier#000028707,Address 28707
Supplier#000028791,Address 28791
Supplier#000028849,Address 28849
Supplier#000028881,Address 28881
Supplier#000028890,Address 28890
Supplier#000028906,Address 28906
Supplier#000028945,Address 28945
Supplier#000028954,Address 28954
Supplier#000028957,Address 28957
Supplier#000028974,Address 28974
Supplier#000028982,Address 28982
Supplier#000028988,Address 28988
Supplier#000029015,Address 29015
Supplier#000029030,Address 29030
Supplier#000029064,Address 29064
Supplier#000029070,Address 29070
Supplier#000029074,Address 29074
Supplier#000029096,Address 29096
Supplier#000029097,Address 29097
Supplier#000029140,Address 29140
Supplier#000029165,Address 29165
Supplier#000029169,Address 29169
Supplier#000029174,Address 29174
Supplier#000029181,Address 29181
Supplier#000029193,Address 29193
Supplier#000029198,Address 29198
Supplier#000029224,Address 29224
Supplier#000029237,Address 29237
Supplier#000029242,Address 29242
Supplier#000029286,Address 29286
Supplier#000029317,Address 29317
Supplier#000029324,Address 29324
Supplier#000029327,Address 29327
Supplier#000029388,Address 29388
Supplier#000029389,Address 29389
Supplier#000029392,Address 29392
Supplier#000029401,Address 29401
Supplier#000029405,Address 29405
Supplier#000029420,Address 29420
Supplier#000029433,Address 29433
Supplier#000029485,Address 29485
Supplier#000029525,Address 29525
Supplier#000029533,Address 29533
Supplier#000029548,Address 29548
Supplier#000029586,Address 29586
Supplier#000029630,Address 29630
Supplier#000029632,Address 29632
Supplier#000029633,Address 29633
Supplier#000029735,Address 29735
Supplier#000029792,Address 29792
Supplier#000029798,Address 29798
Supplier#000029805,Address 29805
Supplier#000029821,Address 29821
Supplier#000029828,Address 29828
Supplier#000029842,Address 29842
Supplier#000029866,Address 29866
Supplier#000029875,Address 29875
Supplier#000029877,Address 29877
Supplier#000029916,Address 29916
Supplier#000029962,Address 29962
Supplier#000029964,Address 29964
Supplier#000029967,Address 29967
Supplier#000029977,Address 29977
Supplier#000029998,Address 29998
Supplier#000030065,Address 30065
Supplier#000030067,Address 30067
Supplier#000030109,Address 30109
Supplier#000030133,Address 30133
Supplier#000030134,Address 30134
Supplier#000030143,Address 30143
Supplier#000030150,Address 30150
Supplier#000030166,Address 30166
Supplier#000030167,Address 30167
Supplier#000030171,Address 30171
Supplier#000030219,Address 30219
Supplier#000030221,Address 30221
Supplier#000030256,Address 30256
Supplier#000030258,Address 30258
Supplier#000030327,Address 30327
Supplier#000030370,Address 30370
Supplier#000030410,Address 30410
Supplier#000030477,Address 30477
Supplier#000030484,Address 30484
Supplier#000030522,Address 30522
Supplier#000030529,Address 30529
Supplier#000030565,Address 30565
Supplier#000030593,Address 30593
Supplier#000030604,Address 30604
Supplier#000030619,Address 30619
Supplier#000030724,Address 30724
Supplier#000030864,Address 30864
Supplier#000030879,Address 30879
Supplier#000030904,Address 30904
Supplier#000030907,Address 30907
Supplier#000030930,Address 30930
Supplier#000030954,Address 30954
Supplier#000030972,Address 30972
Supplier#000031005,Address 31005
Supplier#000031050,Address 31050
Supplier#000031057,Address 31057
Supplier#000031079,Address 31079
Supplier#000031080,Address 31080
Supplier#000031102,Address 31102
Supplier#000031114,Address 31114
Supplier#000031120,Address 31120
Supplier#000031124,Address 31124
Supplier#000031128,Address 31128
Supplier#000031148,Address 31148
Supplier#000031243,Address 31243
Supplier#000031283,Address 31283
Supplier#000031315,Address 31315
Supplier#000031344,Address 31344
Supplier#000031369,Address 31369
Supplier#000031390,Address 31390
Supplier#000031504,Address 31504
Supplier#000031544,Address 31544
Supplier#000031547,Address 31547
Supplier#000031558,Address 31558
Supplier#000031566,Address 31566
Supplier#000031586,Address 31586
Supplier#000031648,Address 31648
Supplier#000031656,Address 31656
Supplier#000031682,Address 31682
Supplier#000031686,Address 31686
Supplier#000031694,Address 31694
Supplier#000031696,Address 31696
Supplier#000031707,Address 31707
Supplier#000031732,Address 31732
Supplier#000031733,Address 31733
Supplier#000031750,Address 31750
Supplier#000031766,Address 31766
Supplier#000031794,Address 31794
Supplier#000031810,Address 31810
Supplier#000031823,Address 31823
Supplier#000031831,Address 31831
Supplier#000031842,Address 31842
Supplier#000031856,Address 31856
Supplier#000031874,Address 31874
Supplier#000031943,Address 31943
Supplier#000031947,Address 31947
Supplier#000031974,Address 31974
Supplier#000031977,Address 31977
Supplier#000032007,Address 32007
Supplier#000032010,Address 32010
Supplier#000032019,Address 32019
Supplier#000032030,Address 32030
Supplier#000032059,Address 32059
Supplier#000032063,Address 32063
Supplier#000032129,Address 32129
Supplier#000032175,Address 32175
Supplier#000032227,Address 32227
Supplier#000032236,Address 32236
Supplier#000032292,Address 32292
Supplier#000032308,Address 32308
Supplier#000032346,Address 32346
Supplier#000032353,Address 32353
Supplier#000032392,Address 32392
Supplier#000032423,Address 32423
Supplier#000032428,Address 32428
Supplier#000032431,Address 32431
Supplier#000032516,Address 32516
Supplier#000032521,Address 32521
Supplier#000032530,Address 32530
Supplier#000032577,Address 32577
Supplier#000032598,Address 32598
Supplier#000032629,Address 32629
Supplier#000032641,Address 32641
Supplier#000032670,Address 32670
Supplier#000032687,Address 32687
Supplier#000032744,Address 32744
Supplier#000032749,Address 32749
Supplier#000032768,Address 32768
Supplier#000032772,Address 32772
Supplier#000032776,Address 32776
Supplier#000032777,Address 32777
Supplier#000032828,Address 32828
Supplier#000032832,Address 32832
Supplier#000032900,Address 32900
Supplier#000032932,Address 32932
Supplier#000032959,Address 32959
Supplier#000032968,Address 32968
Supplier#000032978,Address 32978
Supplier#000032983,Address 32983
Supplier#000033016,Address 33016
Supplier#000033017,Address 33017
Supplier#000033053,Address 33053
Supplier#000033100,Address 33100
Supplier#000033104,Address 33104
Supplier#000033122,Address 33122
Supplier#000033135,Address 33135
Supplier#000033155,Address 33155
Supplier#000033182,Address 33182
Supplier#000033256,Address 33256
Supplier#000033295,Address 33295
Supplier#000033311,Address 33311
Supplier#000033339,Address 33339
Supplier#000033384,Address 33384
Supplier#000033414,Address 33414
Supplier#000033419,Address 33419
Supplier#000033426,Address 33426
Supplier#000033446,Address 33446
Supplier#000033476,Address 33476
Supplier#000033488,Address 33488
Supplier#000033512,Address 33512
Supplier#000033522,Address 33522
Supplier#000033534,Address 33534
Supplier#000033535,Address 33535
Supplier#000033568,Address 33568
Supplier#000033569,Address 33569
Supplier#000033613,Address 33613
Supplier#000033659,Address 33659
Supplier#000033669,Address 33669
Supplier#000033677,Address 33677
Supplier#000033683,Address 33683
Supplier#000033717,Address 33717
Supplier#000033806,Address 33806
Supplier#000033820,Address 33820
Supplier#000033873,Address 33873
Supplier#000033980,Address 33980
Supplier#000033988,Address 33988
Supplier#000034001,Address 34001
Supplier#000034015,Address 34015
Supplier#000034034,Address 34034
Supplier#000034094,Address 34094
Supplier#000034139,Address 34139
Supplier#000034176,Address 34176
Supplier#000034232,Address 34232
Supplier#000034243,Address 34243
Supplier#000034245,Address 34245
Supplier#000034275,Address 34275
Supplier#000034293,Address 34293
Supplier#000034338,Address 34338
Supplier#000034341,Address 34341
Supplier#000034476,Address 34476
Supplier#000034499,Address 34499
Supplier#000034554,Address 34554
Supplier#000034560,Address 34560
Supplier#000034569,Address 34569
Supplier#000034583,Address 34583
Supplier#000034587,Address 34587
Supplier#000034602,Address 34602
Supplier#000034617,Address 34617
Supplier#000034628,Address 34628
Supplier#000034635,Address 34635
Supplier#000034706,Address 34706
Supplier#000034764,Address 34764
Supplier#000034800,Address 34800
Supplier#000034818,Address 34818
Supplier#000034844,Address 34844
Supplier#000034887,Address 34887
Supplier#000034894,Address 34894
Supplier#000034934,Address 34934
Supplier#000034961,Address 34961
Supplier#000035107,Address 35107
Supplier#000035108,Address 35108
Supplier#000035157,Address 35157
Supplier#000035199,Address 35199
Supplier#000035201,Address 35201
Supplier#000035209,Address 35209
Supplier#000035231,Address 35231
Supplier#000035258,Address 35258
Supplier#000035308,Address 35308
Supplier#000035363,Address 35363
Supplier#000035411,Address 35411
Supplier#000035418,Address 35418
Supplier#000035467,Address 35467
Supplier#000035517,Address 35517
Supplier#000035551,Address 35551
Supplier#000035555,Address 35555
Supplier#000035559,Address 35559
Supplier#000035593,Address 35593
Supplier#000035652,Address 35652
Supplier#000035675,Address 35675
Supplier#000035716,Address 35716
Supplier#000035725,Address 35725
Supplier#000035726,Address 35726
Supplier#000035728,Address 35728
Supplier#000035742,Address 35742
Supplier#000035757,Address 35757
Supplier#000035786,Address 35786
Supplier#000035820,Address 35820
Supplier#000035825,Address 35825
Supplier#000035837,Address 35837
Supplier#000035877,Address 35877
Supplier#000035896,Address 35896
Supplier#000035897,Address 35897
Supplier#000035921,Address 35921
Supplier#000035952,Address 35952
Supplier#000035958,Address 35958
Supplier#000036009,Address 36009
Supplier#000036020,Address 36020
Supplier#000036083,Address 36083
Supplier#000036090,Address 36090
Supplier#000036154,Address 36154
Supplier#000036179,Address 36179
Supplier#000036191,Address 36191
Supplier#000036231,Address 36231
Supplier#000036237,Address 36237
Supplier#000036256,Address 36256
Supplier#000036282,Address 36282
Supplier#000036290,Address 36290
Supplier#000036297,Address 36297
Supplier#000036299,Address 36299
Supplier#000036328,Address 36328
Supplier#000036337,Address 36337
Supplier#000036347,Address 36347
Supplier#000036383,Address 36383
Supplier#000036392,Address 36392
Supplier#000036408,Address 36408
Supplier#000036482,Address 36482
Supplier#000036503,Address 36503
Supplier#000036544,Address 36544
Supplier#000036571,Address 36571
Supplier#000036615,Address 36615
Supplier#000036622,Address 36622
Supplier#000036634,Address 36634
Supplier#000036642,Address 36642
Supplier#000036643,Address 36643
Supplier#000036647,Address 36647
Supplier#000036664,Address 36664
Supplier#000036665,Address 36665
Supplier#000036697,Address 36697
Supplier#000036747,Address 36747
Supplier#000036752,Address 36752
Supplier#000036768,Address 36768
Supplier#000036771,Address 36771
Supplier#000036777,Address 36777
Supplier#000036781,Address 36781
Supplier#000036799,Address 36799
Supplier#000036822,Address 36822
Supplier#000036850,Address 36850
Supplier#000036909,Address 36909
Supplier#000036926,Address 36926
Supplier#000036946,Address 36946
Supplier#000036960,Address 36960
Supplier#000036963,Address 36963
Supplier#000036994,Address 36994
Supplier#000037021,Address 37021
Supplier#000037040,Address 37040
Supplier#000037041,Address 37041
Supplier#000037050,Address 37050
Supplier#000037067,Address 37067
Supplier#000037104,Address 37104
Supplier#000037221,Address 37221
Supplier#000037236,Address 37236
Supplier#000037239,Address 37239
Supplier#000037261,Address 37261
Supplier#000037272,Address 37272
Supplier#000037305,Address 37305
Supplier#000037326,Address 37326
Supplier#000037335,Address 37335
Supplier#000037389,Address 37389
Supplier#000037403,Address 37403
Supplier#000037445,Address 37445
Supplier#000037482,Address 37482
Supplier#000037491,Address 37491
Supplier#000037497,Address 37497
Supplier#000037500,Address 37500
Supplier#000037526,Address 37526
Supplier#000037548,Address 37548
Supplier#000037563,Address 37563
Supplier#000037635,Address 37635
Supplier#000037639,Address 37639
Supplier#000037678,Address 37678
Supplier#000037681,Address 37681
Supplier#000037687,Address 37687
Supplier#000037689,Address 37689
Supplier#000037697,Address 37697
Supplier#000037699,Address 37699
Supplier#000037706,Address 37706
Supplier#000037718,Address 37718
Supplier#000037771,Address 37771
Supplier#000037778,Address 37778
Supplier#000037783,Address 37783
Supplier#000037791,Address 37791
Supplier#000037802,Address 37802
Supplier#000037859,Address 37859
Supplier#000037864,Address 37864
Supplier#000037900,Address 37900
Supplier#000037926,Address 37926
Supplier#000037979,Address 37979
Supplier#000037996,Address 37996
Supplier#000038021,Address 38021
Supplier#000038023,Address 38023
Supplier#000038035,Address 38035
Supplier#000038122,Address 38122
Supplier#000038124,Address 38124
Supplier#000038146,Address 38146
Supplier#000038148,Address 38148
Supplier#000038150,Address 38150
Supplier#000038156,Address 38156
Supplier#000038192,Address 38192
Supplier#000038245,Address 38245
Supplier#000038323,Address 38323
Supplier#000038386,Address 38386
Supplier#000038389,Address 38389
Supplier#000038441,Address 38441
Supplier#000038455,Address 38455
Supplier#000038480,Address 38480
Supplier#000038495,Address 38495
Supplier#000038514,Address 38514
Supplier#000038565,Address 38565
Supplier#000038586,Address 38586
Supplier#000038598,Address 38598
Supplier#000038599,Address 38599
Supplier#000038617,Address 38617
Supplier#000038682,Address 38682
Supplier#000038684,Address 38684
Supplier#000038700,Address 38700
Supplier#000038707,Address 38707
Supplier#000038714,Address 38714
Supplier#000038750,Address 38750
Supplier#000038805,Address 38805
Supplier#000038808,Address 38808
Supplier#000038849,Address 38849
Supplier#000038853,Address 38853
Supplier#000038854,Address 38854
Supplier#000038882,Address 38882
Supplier#000038894,Address 38894
Supplier#000038912,Address 38912
Supplier#000038925,Address 38925
Supplier#000038930,Address 38930
Supplier#000038946,Address 38946
Supplier#000038951,Address 38951
Supplier#000038988,Address 38988
Supplier#000038989,Address 38989
Supplier#000038991,Address 38991
Supplier#000039033,Address 39033
Supplier#000039060,Address 39060
Supplier#000039080,Address 39080
Supplier#000039138,Address 39138
Supplier#000039182,Address 39182
Supplier#000039248,Address 39248
Supplier#000039288,Address 39288
Supplier#000039295,Address 39295
Supplier#000039313,Address 39313
Supplier#000039323,Address 39323
Supplier#000039349,Address 39349
Supplier#000039351,Address 39351
Supplier#000039352,Address 39352
Supplier#000039432,Address 39432
Supplier#000039460,Address 39460
Supplier#000039492,Address 39492
Supplier#000039494,Address 39494
Supplier#000039559,Address 39559
Supplier#000039567,Address 39567
Supplier#000039596,Address 39596
Supplier#000039602,Address 39602
Supplier#000039667,Address 39667
Supplier#000039686,Address 39686
Supplier#000039691,Address 39691
Supplier#000039708,Address 39708
Supplier#000039750,Address 39750
Supplier#000039788,Address 39788
Supplier#000039798,Address 39798
Supplier#000039804,Address 39804
Supplier#000039808,Address 39808
Supplier#000039827,Address 39827
Supplier#000039878,Address 39878
Supplier#000039879,Address 39879
Supplier#000039897,Address 39897
Supplier#000039970,Address 39970
Supplier#000039983,Address 39983
Supplier#000039997,Address 39997
Supplier#000040082,Address 40082
Supplier#000040092,Address 40092
Supplier#000040126,Address 40126
Supplier#000040140,Address 40140
Supplier#000040152,Address 40152
Supplier#000040157,Address 40157
Supplier#000040161,Address 40161
Supplier#000040193,Address 40193
Supplier#000040221,Address 40221
Supplier#000040242,Address 40242
Supplier#000040295,Address 40295
Supplier#000040333,Address 40333
Supplier#000040335,Address 40335
Supplier#000040343,Address 40343
Supplier#000040357,Address 40357
Supplier#000040393,Address 40393
Supplier#000040409,Address 40409
Supplier#000040423,Address 40423
Supplier#000040428,Address 40428
Supplier#000040432,Address 40432
Supplier#000040440,Address 40440
Supplier#000040463,Address 40463
Supplier#000040465,Address 40465
Supplier#000040544,Address 40544
Supplier#000040570,Address 40570
Supplier#000040610,Address 40610
Supplier#000040621,Address 40621
Supplier#000040650,Address 40650
Supplier#000040661,Address 40661
Supplier#000040683,Address 40683
Supplier#000040697,Address 40697
Supplier#000040743,Address 40743
Supplier#000040758,Address 40758
Supplier#000040761,Address 40761
Supplier#000040766,Address 40766
Supplier#000040796,Address 40796
Supplier#000040797,Address 40797
Supplier#000040814,Address 40814
Supplier#000040834,Address 40834
Supplier#000040845,Address 40845
Supplier#000040921,Address 40921
Supplier#000040944,Address 40944
Supplier#000040990,Address 40990
Supplier#000041004,Address 41004
Supplier#000041052,Address 41052
Supplier#000041056,Address 41056
Supplier#000041060,Address 41060
Supplier#000041065,Address 41065
Supplier#000041135,Address 41135
Supplier#000041143,Address 41143
Supplier#000041152,Address 41152
Supplier#000041166,Address 41166
Supplier#000041203,Address 41203
Supplier#000041209,Address 41209
Supplier#000041221,Address 41221
Supplier#000041235,Address 41235
Supplier#000041245,Address 41245
Supplier#000041248,Address 41248
Supplier#000041271,Address 41271
Supplier#000041279,Address 41279
Supplier#000041291,Address 41291
Supplier#000041338,Address 41338
Supplier#000041378,Address 41378
Supplier#000041413,Address 41413
Supplier#000041508,Address 41508
Supplier#000041536,Address 41536
Supplier#000041548,Address 41548
Supplier#000041660,Address 41660
Supplier#000041672,Address 41672
Supplier#000041713,Address 41713
Supplier#000041720,Address 41720
Supplier#000041785,Address 41785
Supplier#000041825,Address 41825
Supplier#000041836,Address 41836
Supplier#000041957,Address 41957
Supplier#000041961,Address 41961
Supplier#000041982,Address 41982
Supplier#000042009,Address 42009
Supplier#000042015,Address 42015
Supplier#000042028,Address 42028
Supplier#000042082,Address 42082
Supplier#000042101,Address 42101
Supplier#000042212,Address 42212
Supplier#000042269,Address 42269
Supplier#000042304,Address 42304
Supplier#000042333,Address 42333
Supplier#000042336,Address 42336
Supplier#000042338,Address 42338
Supplier#000042343,Address 42343
Supplier#000042406,Address 42406
Supplier#000042425,Address 42425
Supplier#000042445,Address 42445
Supplier#000042456,Address 42456
Supplier#000042565,Address 42565
Supplier#000042572,Address 42572
Supplier#000042600,Address 42600
Supplier#000042643,Address 42643
Supplier#000042675,Address 42675
Supplier#000042691,Address 42691
Supplier#000042704,Address 42704
Supplier#000042718,Address 42718
Supplier#000042736,Address 42736
Supplier#000042752,Address 42752
Supplier#000042772,Address 42772
Supplier#000042808,Address 42808
Supplier#000042835,Address 42835
Supplier#000042840,Address 42840
Supplier#000042850,Address 42850
Supplier#000042865,Address 42865
Supplier#000042886,Address 42886
Supplier#000042899,Address 42899
Supplier#000042915,Address 42915
Supplier#000042946,Address 42946
Supplier#000042961,Address 42961
Supplier#000042983,Address 42983
Supplier#000043010,Address 43010
Supplier#000043038,Address 43038
Supplier#000043043,Address 43043
Supplier#000043044,Address 43044
Supplier#000043068,Address 43068
Supplier#000043097,Address 43097
Supplier#000043106,Address 43106
Supplier#000043145,Address 43145
Supplier#000043178,Address 43178
Supplier#000043183,Address 43183
Supplier#000043214,Address 43214
Supplier#000043266,Address 43266
Supplier#000043268,Address 43268
Supplier#000043290,Address 43290
Supplier#000043321,Address 43321
Supplier#000043379,Address 43379
Supplier#000043396,Address 43396
Supplier#000043400,Address 43400
Supplier#000043406,Address 43406
Supplier#000043412,Address 43412
Supplier#000043453,Address 43453
Supplier#000043460,Address 43460
Supplier#000043465,Address 43465
Supplier#000043472,Address 43472
Supplier#000043546,Address 43546
Supplier#000043598,Address 43598
Supplier#000043632,Address 43632
Supplier#000043665,Address 43665
Supplier#000043678,Address 43678
Supplier#000043730,Address 43730
Supplier#000043829,Address 43829
Supplier#000043875,Address 43875
Supplier#000043918,Address 43918
Supplier#000043978,Address 43978
Supplier#000043984,Address 43984
Supplier#000043991,Address 43991
Supplier#000044014,Address 44014
Supplier#000044017,Address 44017
Supplier#000044047,Address 44047
Supplier#000044066,Address 44066
Supplier#000044081,Address 44081
Supplier#000044119,Address 44119
Supplier#000044195,Address 44195
Supplier#000044278,Address 44278
Supplier#000044279,Address 44279
Supplier#000044283,Address 44283
Supplier#000044289,Address 44289
Supplier#000044307,Address 44307
Supplier#000044342,Address 44342
Supplier#000044433,Address 44433
Supplier#000044438,Address 44438
Supplier#000044453,Address 44453
Supplier#000044483,Address 44483
Supplier#000044491,Address 44491
Supplier#000044494,Address 44494
Supplier#000044505,Address 44505
Supplier#000044562,Address 44562
Supplier#000044579,Address 44579
Supplier#000044636,Address 44636
Supplier#000044663,Address 44663
Supplier#000044667,Address 44667
Supplier#000044672,Address 44672
Supplier#000044677,Address 44677
Supplier#000044682,Address 44682
Supplier#000044684,Address 44684
Supplier#000044699,Address 44699
Supplier#000044720,Address 44720
Supplier#000044744,Address 44744
Supplier#000044766,Address 44766
Supplier#000044788,Address 44788
Supplier#000044789,Address 44789
Supplier#000044791,Address 44791
Supplier#000044799,Address 44799
Supplier#000044811,Address 44811
Supplier#000044816,Address 44816
Supplier#000044820,Address 44820
Supplier#000044822,Address 44822
Supplier#000044838,Address 44838
Supplier#000044925,Address 44925
Supplier#000044938,Address 44938
Supplier#000044948,Address 44948
Supplier#000044968,Address 44968
Supplier#000044990,Address 44990
Supplier#000044995,Address 44995
Supplier#000045005,Address 45005
Supplier#000045008,Address 45008
Supplier#000045079,Address 45079
Supplier#000045118,Address 45118
Supplier#000045168,Address 45168
Supplier#000045178,Address 45178
Supplier#000045205,Address 45205
Supplier#000045206,Address 45206
Supplier#000045234,Address 45234
Supplier#000045237,Address 45237
Supplier#000045301,Address 45301
Supplier#000045306,Address 45306
Supplier#000045351,Address 45351
Supplier#000045377,Address 45377
Supplier#000045417,Address 45417
Supplier#000045470,Address 45470
Supplier#000045503,Address 45503
Supplier#000045511,Address 45511
Supplier#000045532,Address 45532
Supplier#000045551,Address 45551
Supplier#000045627,Address 45627
Supplier#000045649,Address 45649
Supplier#000045655,Address 45655
Supplier#000045702,Address 45702
Supplier#000045703,Address 45703
Supplier#000045704,Address 45704
Supplier#000045729,Address 45729
Supplier#000045736,Address 45736
Supplier#000045758,Address 45758
Supplier#000045790,Address 45790
Supplier#000045795,Address 45795
Supplier#000045803,Address 45803
Supplier#000045808,Address 45808
Supplier#000045824,Address 45824
Supplier#000045844,Address 45844
Supplier#000045864,Address 45864
Supplier#000045868,Address 45868
Supplier#000045869,Address 45869
Supplier#000045875,Address 45875
Supplier#000045893,Address 45893
Supplier#000045910,Address 45910
Supplier#000045949,Address 45949
Supplier#000045957,Address 45957
Supplier#000045964,Address 45964
Supplier#000045991,Address 45991
Supplier#000046013,Address 46013
Supplier#000046015,Address 46015
Supplier#000046018,Address 46018
Supplier#000046067,Address 46067
Supplier#000046098,Address 46098
Supplier#000046128,Address 46128
Supplier#000046136,Address 46136
Supplier#000046172,Address 46172
Supplier#000046209,Address 46209
Supplier#000046247,Address 46247
Supplier#000046248,Address 46248
Supplier#000046252,Address 46252
Supplier#000046257,Address 46257
Supplier#000046265,Address 46265
Supplier#000046271,Address 46271
Supplier#000046276,Address 46276
Supplier#000046297,Address 46297
Supplier#000046318,Address 46318
Supplier#000046357,Address 46357
Supplier#000046380,Address 46380
Supplier#000046429,Address 46429
Supplier#000046476,Address 46476
Supplier#000046502,Address 46502
Supplier#000046514,Address 46514
Supplier#000046558,Address 46558
Supplier#000046615,Address 46615
Supplier#000046618,Address 46618
Supplier#000046639,Address 46639
Supplier#000046675,Address 46675
Supplier#000046702,Address 46702
Supplier#000046720,Address 46720
Supplier#000046830,Address 46830
Supplier#000046900,Address 46900
Supplier#000047003,Address 47003
Supplier#000047086,Address 47086
Supplier#000047133,Address 47133
Supplier#000047142,Address 47142
Supplier#000047158,Address 47158
Supplier#000047217,Address 47217
Supplier#000047231,Address 47231
Supplier#000047239,Address 47239
Supplier#000047300,Address 47300
Supplier#000047334,Address 47334
Supplier#000047358,Address 47358
Supplier#000047363,Address 47363
Supplier#000047370,Address 47370
Supplier#000047371,Address 47371
Supplier#000047374,Address 47374
Supplier#000047388,Address 47388
Supplier#000047389,Address 47389
Supplier#000047415,Address 47415
Supplier#000047423,Address 47423
Supplier#000047523,Address 47523
Supplier#000047526,Address 47526
Supplier#000047530,Address 47530
Supplier#000047533,Address 47533
Supplier#000047569,Address 47569
Supplier#000047633,Address 47633
Supplier#000047644,Address 47644
Supplier#000047690,Address 47690
Supplier#000047697,Address 47697
Supplier#000047703,Address 47703
Supplier#000047707,Address 47707
Supplier#000047744,Address 47744
Supplier#000047747,Address 47747
Supplier#000047784,Address 47784
Supplier#000047787,Address 47787
Supplier#000047797,Address 47797
Supplier#000047813,Address 47813
Supplier#000047858,Address 47858
Supplier#000047868,Address 47868
Supplier#000047874,Address 47874
Supplier#000047927,Address 47927
Supplier#000047928,Address 47928
Supplier#000047934,Address 47934
Supplier#000047945,Address 47945
Supplier#000047946,Address 47946
Supplier#000047974,Address 47974
Supplier#000048031,Address 48031
Supplier#000048058,Address 48058
Supplier#000048083,Address 48083
Supplier#000048121,Address 48121
Supplier#000048159,Address 48159
Supplier#000048161,Address 48161
Supplier#000048166,Address 48166
Supplier#000048199,Address 48199
Supplier#000048206,Address 48206
Supplier#000048273,Address 48273
Supplier#000048361,Address 48361
Supplier#000048368,Address 48368
Supplier#000048383,Address 48383
Supplier#000048396,Address 48396
Supplier#000048453,Address 48453
Supplier#000048517,Address 48517
Supplier#000048572,Address 48572
Supplier#000048580,Address 48580
Supplier#000048601,Address 48601
Supplier#000048624,Address 48624
Supplier#000048645,Address 48645
Supplier#000048646,Address 48646
Supplier#000048704,Address 48704
Supplier#000048718,Address 48718
Supplier#000048738,Address 48738
Supplier#000048745,Address 48745
Supplier#000048752,Address 48752
Supplier#000048804,Address 48804
Supplier#000048825,Address 48825
Supplier#000048889,Address 48889
Supplier#000048901,Address 48901
Supplier#000048932,Address 48932
Supplier#000048938,Address 48938
Supplier#000048945,Address 48945
Supplier#000048959,Address 48959
Supplier#000048976,Address 48976
Supplier#000048983,Address 48983
Supplier#000049017,Address 49017
Supplier#000049044,Address 49044
Supplier#000049069,Address 49069
Supplier#000049103,Address 49103
Supplier#000049125,Address 49125
Supplier#000049158,Address 49158
Supplier#000049161,Address 49161
Supplier#000049172,Address 49172
Supplier#000049206,Address 49206
Supplier#000049207,Address 49207
Supplier#000049208,Address 49208
Supplier#000049216,Address 49216
Supplier#000049253,Address 49253
Supplier#000049277,Address 49277
Supplier#000049294,Address 49294
Supplier#000049319,Address 49319
Supplier#000049334,Address 49334
Supplier#000049359,Address 49359
Supplier#000049362,Address 49362
Supplier#000049367,Address 49367
Supplier#000049370,Address 49370
Supplier#000049377,Address 49377
Supplier#000049386,Address 49386
Supplier#000049391,Address 49391
Supplier#000049422,Address 49422
Supplier#000049465,Address 49465
Supplier#000049498,Address 49498
Supplier#000049513,Address 49513
Supplier#000049523,Address 49523
Supplier#000049544,Address 49544
Supplier#000049625,Address 49625
Supplier#000049655,Address 49655
Supplier#000049701,Address 49701
Supplier#000049750,Address 49750
Supplier#000049830,Address 49830
Supplier#000049848,Address 49848
Supplier#000049876,Address 49876
Supplier#000049883,Address 49883
Supplier#000049967,Address 49967
Supplier#000049984,Address 49984
Supplier#000049997,Address 49997
Supplier#000050084,Address 50084
Supplier#000050097,Address 50097
Supplier#000050131,Address 50131
Supplier#000050138,Address 50138
Supplier#000050142,Address 50142
Supplier#000050154,Address 50154
Supplier#000050210,Address 50210
Supplier#000050223,Address 50223
Supplier#000050240,Address 50240
Supplier#000050259,Address 50259
Supplier#000050298,Address 50298
Supplier#000050314,Address 50314
Supplier#000050324,Address 50324
Supplier#000050335,Address 50335
Supplier#000050348,Address 50348
Supplier#000050390,Address 50390
Supplier#000050421,Address 50421
Supplier#000050448,Address 50448
Supplier#000050494,Address 50494
Supplier#000050504,Address 50504
Supplier#000050506,Address 50506
Supplier#000050521,Address 50521
Supplier#000050522,Address 50522
Supplier#000050535,Address 50535
Supplier#000050556,Address 50556
Supplier#000050571,Address 50571
Supplier#000050590,Address 50590
Supplier#000050677,Address 50677
Supplier#000050682,Address 50682
Supplier#000050698,Address 50698
Supplier#000050723,Address 50723
Supplier#000050732,Address 50732
Supplier#000050750,Address 50750
Supplier#000050765,Address 50765
Supplier#000050817,Address 50817
Supplier#000050818,Address 50818
Supplier#000050842,Address 50842
Supplier#000050904,Address 50904
Supplier#000050918,Address 50918
Supplier#000050965,Address 50965
Supplier#000051042,Address 51042
Supplier#000051059,Address 51059
Supplier#000051069,Address 51069
Supplier#000051072,Address 51072
Supplier#000051103,Address 51103
Supplier#000051108,Address 51108
Supplier#000051179,Address 51179
Supplier#000051362,Address 51362
Supplier#000051372,Address 51372
Supplier#000051469,Address 51469
Supplier#000051482,Address 51482
Supplier#000051496,Address 51496
Supplier#000051535,Address 51535
Supplier#000051566,Address 51566
Supplier#000051579,Address 51579
Supplier#000051595,Address 51595
Supplier#000051603,Address 51603
Supplier#000051655,Address 51655
Supplier#000051704,Address 51704
Supplier#000051706,Address 51706
Supplier#000051719,Address 51719
Supplier#000051791,Address 51791
Supplier#000051817,Address 51817
Supplier#000051836,Address 51836
Supplier#000051857,Address 51857
Supplier#000051869,Address 51869
Supplier#000051919,Address 51919
Supplier#000051928,Address 51928
Supplier#000051947,Address 51947
Supplier#000051956,Address 51956
Supplier#000051964,Address 51964
Supplier#000051977,Address 51977
Supplier#000052007,Address 52007
Supplier#000052021,Address 52021
Supplier#000052030,Address 52030
Supplier#000052036,Address 52036
Supplier#000052078,Address 52078
Supplier#000052119,Address 52119
Supplier#000052146,Address 52146
Supplier#000052160,Address 52160
Supplier#000052194,Address 52194
Supplier#000052229,Address 52229
Supplier#000052258,Address 52258
Supplier#000052290,Address 52290
Supplier#000052317,Address 52317
Supplier#000052351,Address 52351
Supplier#000052365,Address 52365
Supplier#000052386,Address 52386
Supplier#000052391,Address 52391
Supplier#000052398,Address 52398
Supplier#000052437,Address 52437
Supplier#000052517,Address 52517
Supplier#000052572,Address 52572
Supplier#000052574,Address 52574
Supplier#000052640,Address 52640
Supplier#000052645,Address 52645
Supplier#000052656,Address 52656
Supplier#000052659,Address 52659
Supplier#000052686,Address 52686
Supplier#000052760,Address 52760
Supplier#000052862,Address 52862
Supplier#000052899,Address 52899
Supplier#000052931,Address 52931
Supplier#000052934,Address 52934
Supplier#000052936,Address 52936
Supplier#000052946,Address 52946
Supplier#000052958,Address 52958
Supplier#000052966,Address 52966
Supplier#000052993,Address 52993
Supplier#000053023,Address 53023
Supplier#000053042,Address 53042
Supplier#000053074,Address 53074
Supplier#000053078,Address 53078
Supplier#000053087,Address 53087
Supplier#000053126,Address 53126
Supplier#000053185,Address 53185
Supplier#000053193,Address 53193
Supplier#000053212,Address 53212
Supplier#000053222,Address 53222
Supplier#000053235,Address 53235
Supplier#000053291,Address 53291
Supplier#000053293,Address 53293
Supplier#000053338,Address 53338
Supplier#000053391,Address 53391
Supplier#000053397,Address 53397
Supplier#000053405,Address 53405
Supplier#000053444,Address 53444
Supplier#000053475,Address 53475
Supplier#000053498,Address 53498
Supplier#000053503,Address 53503
Supplier#000053547,Address 53547
Supplier#000053550,Address 53550
Supplier#000053562,Address 53562
Supplier#000053598,Address 53598
Supplier#000053661,Address 53661
Supplier#000053683,Address 53683
Supplier#000053693,Address 53693
Supplier#000053710,Address 53710
Supplier#000053761,Address 53761
Supplier#000053768,Address 53768
Supplier#000053847,Address 53847
Supplier#000053865,Address 53865
Supplier#000053876,Address 53876
Supplier#000053887,Address 53887
Supplier#000053913,Address 53913
Supplier#000053928,Address 53928
Supplier#000053944,Address 53944
Supplier#000053968,Address 53968
Supplier#000053973,Address 53973
Supplier#000053975,Address 53975
Supplier#000054010,Address 54010
Supplier#000054022,Address 54022
Supplier#000054025,Address 54025
Supplier#000054051,Address 54051
Supplier#000054097,Address 54097
Supplier#000054098,Address 54098
Supplier#000054113,Address 54113
Supplier#000054121,Address 54121
Supplier#000054192,Address 54192
Supplier#000054202,Address 54202
Supplier#000054235,Address 54235
Supplier#000054292,Address 54292
Supplier#000054308,Address 54308
Supplier#000054366,Address 54366
Supplier#000054449,Address 54449
Supplier#000054456,Address 54456
Supplier#000054545,Address 54545
Supplier#000054547,Address 54547
Supplier#000054559,Address 54559
Supplier#000054566,Address 54566
Supplier#000054642,Address 54642
Supplier#000054658,Address 54658
Supplier#000054673,Address 54673
Supplier#000054719,Address 54719
Supplier#000054742,Address 54742
Supplier#000054774,Address 54774
Supplier#000054806,Address 54806
Supplier#000054824,Address 54824
Supplier#000054876,Address 54876
Supplier#000054890,Address 54890
Supplier#000054901,Address 54901
Supplier#000054925,Address 54925
Supplier#000054950,Address 54950
Supplier#000054954,Address 54954
Supplier#000054977,Address 54977
Supplier#000054991,Address 54991
Supplier#000055004,Address 55004
Supplier#000055060,Address 55060
Supplier#000055079,Address 55079
Supplier#000055115,Address 55115
Supplier#000055123,Address 55123
Supplier#000055160,Address 55160
Supplier#000055175,Address 55175
Supplier#000055205,Address 55205
Supplier#000055253,Address 55253
Supplier#000055260,Address 55260
Supplier#000055273,Address 55273
Supplier#000055277,Address 55277
Supplier#000055289,Address 55289
Supplier#000055301,Address 55301
Supplier#000055325,Address 55325
Supplier#000055377,Address 55377
Supplier#000055411,Address 55411
Supplier#000055421,Address 55421
Supplier#000055484,Address 55484
Supplier#000055529,Address 55529
Supplier#000055569,Address 55569
Supplier#000055606,Address 55606
Supplier#000055632,Address 55632
Supplier#000055637,Address 55637
Supplier#000055639,Address 55639
Supplier#000055655,Address 55655
Supplier#000055660,Address 55660
Supplier#000055696,Address 55696
Supplier#000055697,Address 55697
Supplier#000055699,Address 55699
Supplier#000055709,Address 55709
Supplier#000055712,Address 55712
Supplier#000055727,Address 55727
Supplier#000055771,Address 55771
Supplier#000055782,Address 55782
Supplier#000055810,Address 55810
Supplier#000055840,Address 55840
Supplier#000055860,Address 55860
Supplier#000055901,Address 55901
Supplier#000055917,Address 55917
Supplier#000055959,Address 55959
Supplier#000055978,Address 55978
Supplier#000055995,Address 55995
Supplier#000056103,Address 56103
Supplier#000056157,Address 56157
Supplier#000056163,Address 56163
Supplier#000056189,Address 56189
Supplier#000056194,Address 56194
Supplier#000056208,Address 56208
Supplier#000056210,Address 56210
Supplier#000056216,Address 56216
Supplier#000056224,Address 56224
Supplier#000056246,Address 56246
Supplier#000056257,Address 56257
Supplier#000056265,Address 56265
Supplier#000056276,Address 56276
Supplier#000056284,Address 56284
Supplier#000056323,Address 56323
Supplier#000056328,Address 56328
Supplier#000056330,Address 56330
Supplier#000056356,Address 56356
Supplier#000056357,Address 56357
Supplier#000056381,Address 56381
Supplier#000056430,Address 56430
Supplier#000056464,Address 56464
Supplier#000056485,Address 56485
Supplier#000056508,Address 56508
Supplier#000056561,Address 56561
Supplier#000056563,Address 56563
Supplier#000056611,Address 56611
Supplier#000056624,Address 56624
Supplier#000056641,Address 56641
Supplier#000056663,Address 56663
Supplier#000056695,Address 56695
Supplier#000056713,Address 56713
Supplier#000056726,Address 56726
Supplier#000056748,Address 56748
Supplier#000056755,Address 56755
Supplier#000056760,Address 56760
Supplier#000056776,Address 56776
Supplier#000056785,Address 56785
Supplier#000056828,Address 56828
Supplier#000056833,Address 56833
Supplier#000056906,Address 56906
Supplier#000056910,Address 56910
Supplier#000056923,Address 56923
Supplier#000056929,Address 56929
Supplier#000057004,Address 57004
Supplier#000057009,Address 57009
Supplier#000057052,Address 57052
Supplier#000057063,Address 57063
Supplier#000057069,Address 57069
Supplier#000057105,Address 57105
Supplier#000057116,Address 57116
Supplier#000057118,Address 57118
Supplier#000057129,Address 57129
Supplier#000057166,Address 57166
Supplier#000057190,Address 57190
Supplier#000057195,Address 57195
Supplier#000057210,Address 57210
Supplier#000057227,Address 57227
Supplier#000057254,Address 57254
Supplier#000057274,Address 57274
Supplier#000057287,Address 57287
Supplier#000057293,Address 57293
Supplier#000057341,Address 57341
Supplier#000057355,Address 57355
Supplier#000057365,Address 57365
Supplier#000057401,Address 57401
Supplier#000057415,Address 57415
Supplier#000057427,Address 57427
Supplier#000057464,Address 57464
Supplier#000057505,Address 57505
Supplier#000057537,Address 57537
Supplier#000057549,Address 57549
Supplier#000057587,Address 57587
Supplier#000057588,Address 57588
Supplier#000057649,Address 57649
Supplier#000057656,Address 57656
Supplier#000057658,Address 57658
Supplier#000057684,Address 57684
Supplier#000057716,Address 57716
Supplier#000057721,Address 57721
Supplier#000057776,Address 57776
Supplier#000057787,Address 57787
Supplier#000057790,Address 57790
Supplier#000057806,Address 57806
Supplier#000057818,Address 57818
Supplier#000057897,Address 57897
Supplier#000057915,Address 57915
Supplier#000057921,Address 57921
Supplier#000057927,Address 57927
Supplier#000057960,Address 57960
Supplier#000057999,Address 57999
Supplier#000058016,Address 58016
Supplier#000058018,Address 58018
Supplier#000058030,Address 58030
Supplier#000058090,Address 58090
Supplier#000058093,Address 58093
Supplier#000058125,Address 58125
Supplier#000058151,Address 58151
Supplier#000058186,Address 58186
Supplier#000058202,Address 58202
Supplier#000058280,Address 58280
Supplier#000058312,Address 58312
Supplier#000058325,Address 58325
Supplier#000058326,Address 58326
Supplier#000058347,Address 58347
Supplier#000058386,Address 58386
Supplier#000058403,Address 58403
Supplier#000058438,Address 58438
Supplier#000058522,Address 58522
Supplier#000058523,Address 58523
Supplier#000058528,Address 58528
Supplier#000058565,Address 58565
Supplier#000058589,Address 58589
Supplier#000058633,Address 58633
Supplier#000058637,Address 58637
Supplier#000058641,Address 58641
Supplier#000058646,Address 58646
Supplier#000058666,Address 58666
Supplier#000058703,Address 58703
Supplier#000058767,Address 58767
Supplier#000058850,Address 58850
Supplier#000058868,Address 58868
Supplier#000058888,Address 58888
Supplier#000058891,Address 58891
Supplier#000058892,Address 58892
Supplier#000058904,Address 58904
Supplier#000058959,Address 58959
Supplier#000058982,Address 58982
Supplier#000059001,Address 59001
Supplier#000059015,Address 59015
Supplier#000059134,Address 59134
Supplier#000059174,Address 59174
Supplier#000059210,Address 59210
Supplier#000059226,Address 59226
Supplier#000059229,Address 59229
Supplier#000059234,Address 59234
Supplier#000059248,Address 59248
Supplier#000059262,Address 59262
Supplier#000059340,Address 59340
Supplier#000059367,Address 59367
Supplier#000059369,Address 59369
Supplier#000059384,Address 59384
Supplier#000059396,Address 59396
Supplier#000059573,Address 59573
Supplier#000059589,Address 59589
Supplier#000059591,Address 59591
Supplier#000059605,Address 59605
Supplier#000059625,Address 59625
Supplier#000059660,Address 59660
Supplier#000059734,Address 59734
Supplier#000059751,Address 59751
Supplier#000059767,Address 59767
Supplier#000059797,Address 59797
Supplier#000059813,Address 59813
Supplier#000059867,Address 59867
Supplier#000059876,Address 59876
Supplier#000059925,Address 59925
Supplier#000059939,Address 59939
Supplier#000059964,Address 59964
Supplier#000059992,Address 59992
Supplier#000060020,Address 60020
Supplier#000060021,Address 60021
Supplier#000060097,Address 60097
Supplier#000060103,Address 60103
Supplier#000060125,Address 60125
Supplier#000060127,Address 60127
Supplier#000060132,Address 60132
Supplier#000060209,Address 60209
Supplier#000060213,Address 60213
Supplier#000060275,Address 60275
Supplier#000060305,Address 60305
Supplier#000060311,Address 60311
Supplier#000060332,Address 60332
Supplier#000060340,Address 60340
Supplier#000060397,Address 60397
Supplier#000060438,Address 60438
Supplier#000060499,Address 60499
Supplier#000060522,Address 60522
Supplier#000060540,Address 60540
Supplier#000060558,Address 60558
Supplier#000060585,Address 60585
Supplier#000060597,Address 60597
Supplier#000060609,Address 60609
Supplier#000060629,Address 60629
Supplier#000060667,Address 60667
Supplier#000060695,Address 60695
Supplier#000060707,Address 60707
Supplier#000060742,Address 60742
Supplier#000060801,Address 60801
Supplier#000060825,Address 60825
Supplier#000060835,Address 60835
Supplier#000060863,Address 60863
Supplier#000060964,Address 60964
Supplier#000060977,Address 60977
Supplier#000061031,Address 61031
Supplier#000061124,Address 61124
Supplier#000061125,Address 61125
Supplier#000061135,Address 61135
Supplier#000061152,Address 61152
Supplier#000061176,Address 61176
Supplier#000061227,Address 61227
Supplier#000061234,Address 61234
Supplier#000061249,Address 61249
Supplier#000061278,Address 61278
Supplier#000061282,Address 61282
Supplier#000061308,Address 61308
Supplier#000061392,Address 61392
Supplier#000061427,Address 61427
Supplier#000061433,Address 61433
Supplier#000061434,Address 61434
Supplier#000061456,Address 61456
Supplier#000061471,Address 61471
Supplier#000061475,Address 61475
Supplier#000061491,Address 61491
Supplier#000061498,Address 61498
Supplier#000061506,Address 61506
Supplier#000061523,Address 61523
Supplier#000061534,Address 61534
Supplier#000061593,Address 61593
Supplier#000061604,Address 61604
Supplier#000061611,Address 61611
Supplier#000061648,Address 61648
Supplier#000061670,Address 61670
Supplier#000061684,Address 61684
Supplier#000061687,Address 61687
Supplier#000061717,Address 61717
Supplier#000061744,Address 61744
Supplier#000061823,Address 61823
Supplier#000061838,Address 61838
Supplier#000061843,Address 61843
Supplier#000061866,Address 61866
Supplier#000061896,Address 61896
Supplier#000061897,Address 61897
Supplier#000061929,Address 61929
Supplier#000061931,Address 61931
Supplier#000061973,Address 61973
Supplier#000061977,Address 61977
Supplier#000061987,Address 61987
Supplier#000061990,Address 61990
Supplier#000062009,Address 62009
Supplier#000062044,Address 62044
Supplier#000062045,Address 62045
Supplier#000062063,Address 62063
Supplier#000062075,Address 62075
Supplier#000062076,Address 62076
Supplier#000062078,Address 62078
Supplier#000062081,Address 62081
Supplier#000062098,Address 62098
Supplier#000062209,Address 62209
Supplier#000062229,Address 62229
Supplier#000062303,Address 62303
Supplier#000062343,Address 62343
Supplier#000062357,Address 62357
Supplier#000062362,Address 62362
Supplier#000062433,Address 62433
Supplier#000062472,Address 62472
Supplier#000062506,Address 62506
Supplier#000062582,Address 62582
Supplier#000062606,Address 62606
Supplier#000062611,Address 62611
Supplier#000062631,Address 62631
Supplier#000062646,Address 62646
Supplier#000062672,Address 62672
Supplier#000062681,Address 62681
Supplier#000062730,Address 62730
Supplier#000062734,Address 62734
Supplier#000062736,Address 62736
Supplier#000062769,Address 62769
Supplier#000062772,Address 62772
Supplier#000062776,Address 62776
Supplier#000062796,Address 62796
Supplier#000062811,Address 62811
Supplier#000062856,Address 62856
Supplier#000062860,Address 62860
Supplier#000062863,Address 62863
Supplier#000062884,Address 62884
Supplier#000062895,Address 62895
Supplier#000062904,Address 62904
Supplier#000062948,Address 62948
Supplier#000062993,Address 62993
Supplier#000063016,Address 63016
Supplier#000063078,Address 63078
Supplier#000063106,Address 63106
Supplier#000063148,Address 63148
Supplier#000063182,Address 63182
Supplier#000063241,Address 63241
Supplier#000063258,Address 63258
Supplier#000063269,Address 63269
Supplier#000063307,Address 63307
Supplier#000063330,Address 63330
Supplier#000063344,Address 63344
Supplier#000063373,Address 63373
Supplier#000063393,Address 63393
Supplier#000063410,Address 63410
Supplier#000063427,Address 63427
Supplier#000063432,Address 63432
Supplier#000063472,Address 63472
Supplier#000063476,Address 63476
Supplier#000063509,Address 63509
Supplier#000063541,Address 63541
Supplier#000063571,Address 63571
Supplier#000063576,Address 63576
Supplier#000063619,Address 63619
Supplier#000063638,Address 63638
Supplier#000063652,Address 63652
Supplier#000063695,Address 63695
Supplier#000063745,Address 63745
Supplier#000063770,Address 63770
Supplier#000063785,Address 63785
Supplier#000063908,Address 63908
Supplier#000063915,Address 63915
Supplier#000063919,Address 63919
Supplier#000064005,Address 64005
Supplier#000064028,Address 64028
Supplier#000064033,Address 64033
Supplier#000064039,Address 64039
Supplier#000064064,Address 64064
Supplier#000064100,Address 64100
Supplier#000064115,Address 64115
Supplier#000064120,Address 64120
Supplier#000064122,Address 64122
Supplier#000064150,Address 64150
Supplier#000064156,Address 64156
Supplier#000064177,Address 64177
Supplier#000064178,Address 64178
Supplier#000064188,Address 64188
Supplier#000064190,Address 64190
Supplier#000064249,Address 64249
Supplier#000064250,Address 64250
Supplier#000064314,Address 64314
Supplier#000064324,Address 64324
Supplier#000064348,Address 64348
Supplier#000064393,Address 64393
Supplier#000064396,Address 64396
Supplier#000064453,Address 64453
Supplier#000064466,Address 64466
Supplier#000064474,Address 64474
Supplier#000064506,Address 64506
Supplier#000064513,Address 64513
Supplier#000064566,Address 64566
Supplier#000064587,Address 64587
Supplier#000064602,Address 64602
Supplier#000064637,Address 64637
Supplier#000064644,Address 64644
Supplier#000064647,Address 64647
Supplier#000064691,Address 64691
Supplier#000064696,Address 64696
Supplier#000064715,Address 64715
Supplier#000064720,Address 64720
Supplier#000064738,Address 64738
Supplier#000064789,Address 64789
Supplier#000064876,Address 64876
Supplier#000064914,Address 64914
Supplier#000064922,Address 64922
Supplier#000064934,Address 64934
Supplier#000064943,Address 64943
Supplier#000065008,Address 65008
Supplier#000065037,Address 65037
Supplier#000065100,Address 65100
Supplier#000065115,Address 65115
Supplier#000065125,Address 65125
Supplier#000065176,Address 65176
Supplier#000065205,Address 65205
Supplier#000065230,Address 65230
Supplier#000065233,Address 65233
Supplier#000065319,Address 65319
Supplier#000065337,Address 65337
Supplier#000065485,Address 65485
Supplier#000065517,Address 65517
Supplier#000065570,Address 65570
Supplier#000065574,Address 65574
Supplier#000065640,Address 65640
Supplier#000065646,Address 65646
Supplier#000065650,Address 65650
Supplier#000065659,Address 65659
Supplier#000065662,Address 65662
Supplier#000065692,Address 65692
Supplier#000065715,Address 65715
Supplier#000065777,Address 65777
Supplier#000065807,Address 65807
Supplier#000065835,Address 65835
Supplier#000065849,Address 65849
Supplier#000065859,Address 65859
Supplier#000065931,Address 65931
Supplier#000065948,Address 65948
Supplier#000065956,Address 65956
Supplier#000065984,Address 65984
Supplier#000066006,Address 66006
Supplier#000066009,Address 66009
Supplier#000066023,Address 66023
Supplier#000066033,Address 66033
Supplier#000066053,Address 66053
Supplier#000066063,Address 66063
Supplier#000066082,Address 66082
Supplier#000066087,Address 66087
Supplier#000066098,Address 66098
Supplier#000066119,Address 66119
Supplier#000066136,Address 66136
Supplier#000066199,Address 66199
Supplier#000066238,Address 66238
Supplier#000066240,Address 66240
Supplier#000066251,Address 66251
Supplier#000066261,Address 66261
Supplier#000066323,Address 66323
Supplier#000066336,Address 66336
Supplier#000066370,Address 66370
Supplier#000066390,Address 66390
Supplier#000066393,Address 66393
Supplier#000066414,Address 66414
Supplier#000066427,Address 66427
Supplier#000066431,Address 66431
Supplier#000066461,Address 66461
Supplier#000066494,Address 66494
Supplier#000066541,Address 66541
Supplier#000066571,Address 66571
Supplier#000066582,Address 66582
Supplier#000066649,Address 66649
Supplier#000066681,Address 66681
Supplier#000066699,Address 66699
Supplier#000066701,Address 66701
Supplier#000066731,Address 66731
Supplier#000066733,Address 66733
Supplier#000066742,Address 66742
Supplier#000066769,Address 66769
Supplier#000066777,Address 66777
Supplier#000066781,Address 66781
Supplier#000066792,Address 66792
Supplier#000066825,Address 66825
Supplier#000066828,Address 66828
Supplier#000066841,Address 66841
Supplier#000066846,Address 66846
Supplier#000066949,Address 66949
Supplier#000066965,Address 66965
Supplier#000066969,Address 66969
Supplier#000066971,Address 66971
Supplier#000066980,Address 66980
Supplier#000067015,Address 67015
Supplier#000067061,Address 67061
Supplier#000067062,Address 67062
Supplier#000067067,Address 67067
Supplier#000067116,Address 67116
Supplier#000067160,Address 67160
Supplier#000067168,Address 67168
Supplier#000067176,Address 67176
Supplier#000067225,Address 67225
Supplier#000067245,Address 67245
Supplier#000067270,Address 67270
Supplier#000067307,Address 67307
Supplier#000067311,Address 67311
Supplier#000067324,Address 67324
Supplier#000067336,Address 67336
Supplier#000067427,Address 67427
Supplier#000067434,Address 67434
Supplier#000067449,Address 67449
Supplier#000067467,Address 67467
Supplier#000067504,Address 67504
Supplier#000067535,Address 67535
Supplier#000067590,Address 67590
Supplier#000067597,Address 67597
Supplier#000067637,Address 67637
Supplier#000067649,Address 67649
Supplier#000067652,Address 67652
Supplier#000067657,Address 67657
Supplier#000067765,Address 67765
Supplier#000067766,Address 67766
Supplier#000067774,Address 67774
Supplier#000067799,Address 67799
Supplier#000067835,Address 67835
Supplier#000067865,Address 67865
Supplier#000067888,Address 67888
Supplier#000067894,Address 67894
Supplier#000067947,Address 67947
Supplier#000067985,Address 67985
Supplier#000067988,Address 67988
Supplier#000067990,Address 67990
Supplier#000068073,Address 68073
Supplier#000068099,Address 68099
Supplier#000068170,Address 68170
Supplier#000068183,Address 68183
Supplier#000068189,Address 68189
Supplier#000068209,Address 68209
Supplier#000068215,Address 68215
Supplier#000068222,Address 68222
Supplier#000068233,Address 68233
Supplier#000068262,Address 68262
Supplier#000068273,Address 68273
Supplier#000068275,Address 68275
Supplier#000068293,Address 68293
Supplier#000068360,Address 68360
Supplier#000068383,Address 68383
Supplier#000068474,Address 68474
Supplier#000068475,Address 68475
Supplier#000068483,Address 68483
Supplier#000068484,Address 68484
Supplier#000068488,Address 68488
Supplier#000068494,Address 68494
Supplier#000068503,Address 68503
Supplier#000068535,Address 68535
Supplier#000068581,Address 68581
Supplier#000068640,Address 68640
Supplier#000068657,Address 68657
Supplier#000068705,Address 68705
Supplier#000068711,Address 68711
Supplier#000068733,Address 68733
Supplier#000068768,Address 68768
Supplier#000068774,Address 68774
Supplier#000068783,Address 68783
Supplier#000068786,Address 68786
Supplier#000068819,Address 68819
Supplier#000068828,Address 68828
Supplier#000068840,Address 68840
Supplier#000068899,Address 68899
Supplier#000068939,Address 68939
Supplier#000068961,Address 68961
Supplier#000068964,Address 68964
Supplier#000069012,Address 69012
Supplier#000069026,Address 69026
Supplier#000069033,Address 69033
Supplier#000069084,Address 69084
Supplier#000069095,Address 69095
Supplier#000069107,Address 69107
Supplier#000069122,Address 69122
Supplier#000069139,Address 69139
Supplier#000069177,Address 69177
Supplier#000069199,Address 69199
Supplier#000069205,Address 69205
Supplier#000069227,Address 69227
Supplier#000069240,Address 69240
Supplier#000069256,Address 69256
Supplier#000069281,Address 69281
Supplier#000069291,Address 69291
Supplier#000069315,Address 69315
Supplier#000069463,Address 69463
Supplier#000069467,Address 69467
Supplier#000069468,Address 69468
Supplier#000069469,Address 69469
Supplier#000069498,Address 69498
Supplier#000069504,Address 69504
Supplier#000069545,Address 69545
Supplier#000069618,Address 69618
Supplier#000069645,Address 69645
Supplier#000069736,Address 69736
Supplier#000069793,Address 69793
Supplier#000069824,Address 69824
Supplier#000069834,Address 69834
Supplier#000069868,Address 69868
Supplier#000069920,Address 69920
Supplier#000069922,Address 69922
Supplier#000069947,Address 69947
Supplier#000069955,Address 69955
Supplier#000070001,Address 70001
Supplier#000070016,Address 70016
Supplier#000070058,Address 70058
Supplier#000070087,Address 70087
Supplier#000070102,Address 70102
Supplier#000070110,Address 70110
Supplier#000070167,Address 70167
Supplier#000070179,Address 70179
Supplier#000070293,Address 70293
Supplier#000070295,Address 70295
Supplier#000070300,Address 70300
Supplier#000070491,Address 70491
Supplier#000070538,Address 70538
Supplier#000070542,Address 70542
Supplier#000070551,Address 70551
Supplier#000070602,Address 70602
Supplier#000070638,Address 70638
Supplier#000070641,Address 70641
Supplier#000070650,Address 70650
Supplier#000070658,Address 70658
Supplier#000070663,Address 70663
Supplier#000070674,Address 70674
Supplier#000070801,Address 70801
Supplier#000070817,Address 70817
Supplier#000070822,Address 70822
Supplier#000070913,Address 70913
Supplier#000070916,Address 70916
Supplier#000070924,Address 70924
Supplier#000070937,Address 70937
Supplier#000070995,Address 70995
Supplier#000071000,Address 71000
Supplier#000071072,Address 71072
Supplier#000071086,Address 71086
Supplier#000071136,Address 71136
Supplier#000071160,Address 71160
Supplier#000071166,Address 71166
Supplier#000071169,Address 71169
Supplier#000071177,Address 71177
Supplier#000071219,Address 71219
Supplier#000071228,Address 71228
Supplier#000071232,Address 71232
Supplier#000071275,Address 71275
Supplier#000071317,Address 71317
Supplier#000071353,Address 71353
Supplier#000071420,Address 71420
Supplier#000071426,Address 71426
Supplier#000071442,Address 71442
Supplier#000071495,Address 71495
Supplier#000071525,Address 71525
Supplier#000071548,Address 71548
Supplier#000071579,Address 71579
Supplier#000071668,Address 71668
Supplier#000071685,Address 71685
Supplier#000071687,Address 71687
Supplier#000071709,Address 71709
Supplier#000071749,Address 71749
Supplier#000071799,Address 71799
Supplier#000071805,Address 71805
Supplier#000071813,Address 71813
Supplier#000071818,Address 71818
Supplier#000071823,Address 71823
Supplier#000071865,Address 71865
Supplier#000071876,Address 71876
Supplier#000071919,Address 71919
Supplier#000071959,Address 71959
Supplier#000072026,Address 72026
Supplier#000072051,Address 72051
Supplier#000072056,Address 72056
Supplier#000072062,Address 72062
Supplier#000072069,Address 72069
Supplier#000072083,Address 72083
Supplier#000072096,Address 72096
Supplier#000072100,Address 72100
Supplier#000072116,Address 72116
Supplier#000072190,Address 72190
Supplier#000072208,Address 72208
Supplier#000072262,Address 72262
Supplier#000072263,Address 72263
Supplier#000072276,Address 72276
Supplier#000072291,Address 72291
Supplier#000072302,Address 72302
Supplier#000072322,Address 72322
Supplier#000072347,Address 72347
Supplier#000072387,Address 72387
Supplier#000072427,Address 72427
Supplier#000072451,Address 72451
Supplier#000072496,Address 72496
Supplier#000072501,Address 72501
Supplier#000072505,Address 72505
Supplier#000072520,Address 72520
Supplier#000072553,Address 72553
Supplier#000072556,Address 72556
Supplier#000072585,Address 72585
Supplier#000072698,Address 72698
Supplier#000072725,Address 72725
Supplier#000072875,Address 72875
Supplier#000072920,Address 72920
Supplier#000073031,Address 73031
Supplier#000073064,Address 73064
Supplier#000073095,Address 73095
Supplier#000073127,Address 73127
Supplier#000073135,Address 73135
Supplier#000073142,Address 73142
Supplier#000073159,Address 73159
Supplier#000073216,Address 73216
Supplier#000073223,Address 73223
Supplier#000073234,Address 73234
Supplier#000073241,Address 73241
Supplier#000073252,Address 73252
Supplier#000073308,Address 73308
Supplier#000073339,Address 73339
Supplier#000073350,Address 73350
Supplier#000073377,Address 73377
Supplier#000073379,Address 73379
Supplier#000073436,Address 73436
Supplier#000073441,Address 73441
Supplier#000073467,Address 73467
Supplier#000073477,Address 73477
Supplier#000073482,Address 73482
Supplier#000073496,Address 73496
Supplier#000073546,Address 73546
Supplier#000073597,Address 73597
Supplier#000073599,Address 73599
Supplier#000073607,Address 73607
Supplier#000073623,Address 73623
Supplier#000073640,Address 73640
Supplier#000073673,Address 73673
Supplier#000073693,Address 73693
Supplier#000073698,Address 73698
Supplier#000073837,Address 73837
Supplier#000073877,Address 73877
Supplier#000073942,Address 73942
Supplier#000073957,Address 73957
Supplier#000073978,Address 73978
Supplier#000073979,Address 73979
Supplier#000074009,Address 74009
Supplier#000074025,Address 74025
Supplier#000074046,Address 74046
Supplier#000074095,Address 74095
Supplier#000074123,Address 74123
Supplier#000074141,Address 74141
Supplier#000074180,Address 74180
Supplier#000074192,Address 74192
Supplier#000074232,Address 74232
Supplier#000074271,Address 74271
Supplier#000074342,Address 74342
Supplier#000074373,Address 74373
Supplier#000074411,Address 74411
Supplier#000074425,Address 74425
Supplier#000074462,Address 74462
Supplier#000074464,Address 74464
Supplier#000074497,Address 74497
Supplier#000074500,Address 74500
Supplier#000074511,Address 74511
Supplier#000074529,Address 74529
Supplier#000074530,Address 74530
Supplier#000074537,Address 74537
Supplier#000074569,Address 74569
Supplier#000074589,Address 74589
Supplier#000074620,Address 74620
Supplier#000074654,Address 74654
Supplier#000074666,Address 74666
Supplier#000074684,Address 74684
Supplier#000074694,Address 74694
Supplier#000074807,Address 74807
Supplier#000074808,Address 74808
Supplier#000074822,Address 74822
Supplier#000074865,Address 74865
Supplier#000074887,Address 74887
Supplier#000074905,Address 74905
Supplier#000074913,Address 74913
Supplier#000074956,Address 74956
Supplier#000075028,Address 75028
Supplier#000075118,Address 75118
Supplier#000075140,Address 75140
Supplier#000075143,Address 75143
Supplier#000075158,Address 75158
Supplier#000075170,Address 75170
Supplier#000075196,Address 75196
Supplier#000075213,Address 75213
Supplier#000075219,Address 75219
Supplier#000075225,Address 75225
Supplier#000075231,Address 75231
Supplier#000075240,Address 75240
Supplier#000075244,Address 75244
Supplier#000075258,Address 75258
Supplier#000075283,Address 75283
Supplier#000075296,Address 75296
Supplier#000075311,Address 75311
Supplier#000075314,Address 75314
Supplier#000075370,Address 75370
Supplier#000075420,Address 75420
Supplier#000075462,Address 75462
Supplier#000075465,Address 75465
Supplier#000075478,Address 75478
Supplier#000075482,Address 75482
Supplier#000075525,Address 75525
Supplier#000075541,Address 75541
Supplier#000075545,Address 75545
Supplier#000075561,Address 75561
Supplier#000075584,Address 75584
Supplier#000075621,Address 75621
Supplier#000075668,Address 75668
Supplier#000075682,Address 75682
Supplier#000075684,Address 75684
Supplier#000075687,Address 75687
Supplier#000075694,Address 75694
Supplier#000075719,Address 75719
Supplier#000075767,Address 75767
Supplier#000075786,Address 75786
Supplier#000075801,Address 75801
Supplier#000075829,Address 75829
Supplier#000075864,Address 75864
Supplier#000075877,Address 75877
Supplier#000075881,Address 75881
Supplier#000075923,Address 75923
Supplier#000075938,Address 75938
Supplier#000075944,Address 75944
Supplier#000075977,Address 75977
Supplier#000075980,Address 75980
Supplier#000075987,Address 75987
Supplier#000075994,Address 75994
Supplier#000076008,Address 76008
Supplier#000076039,Address 76039
Supplier#000076085,Address 76085
Supplier#000076088,Address 76088
Supplier#000076117,Address 76117
Supplier#000076120,Address 76120
Supplier#000076169,Address 76169
Supplier#000076204,Address 76204
Supplier#000076248,Address 76248
Supplier#000076272,Address 76272
Supplier#000076284,Address 76284
Supplier#000076292,Address 76292
Supplier#000076332,Address 76332
Supplier#000076340,Address 76340
Supplier#000076376,Address 76376
Supplier#000076392,Address 76392
Supplier#000076395,Address 76395
Supplier#000076421,Address 76421
Supplier#000076484,Address 76484
Supplier#000076525,Address 76525
Supplier#000076527,Address 76527
Supplier#000076557,Address 76557
Supplier#000076572,Address 76572
Supplier#000076579,Address 76579
Supplier#000076601,Address 76601
Supplier#000076610,Address 76610
Supplier#000076619,Address 76619
Supplier#000076703,Address 76703
Supplier#000076760,Address 76760
Supplier#000076778,Address 76778
Supplier#000076787,Address 76787
Supplier#000076799,Address 76799
Supplier#000076825,Address 76825
Supplier#000076826,Address 76826
Supplier#000076841,Address 76841
Supplier#000076857,Address 76857
Supplier#000076884,Address 76884
Supplier#000076905,Address 76905
Supplier#000076931,Address 76931
Supplier#000076936,Address 76936
Supplier#000076946,Address 76946
Supplier#000076993,Address 76993
Supplier#000076996,Address 76996
Supplier#000077032,Address 77032
Supplier#000077045,Address 77045
Supplier#000077081,Address 77081
Supplier#000077140,Address 77140
Supplier#000077142,Address 77142
Supplier#000077166,Address 77166
Supplier#000077176,Address 77176
Supplier#000077203,Address 77203
Supplier#000077208,Address 77208
Supplier#000077240,Address 77240
Supplier#000077257,Address 77257
Supplier#000077293,Address 77293
Supplier#000077301,Address 77301
Supplier#000077317,Address 77317
Supplier#000077327,Address 77327
Supplier#000077337,Address 77337
Supplier#000077350,Address 77350
Supplier#000077368,Address 77368
Supplier#000077386,Address 77386
Supplier#000077414,Address 77414
Supplier#000077432,Address 77432
Supplier#000077450,Address 77450
Supplier#000077462,Address 77462
Supplier#000077471,Address 77471
Supplier#000077486,Address 77486
Supplier#000077512,Address 77512
Supplier#000077522,Address 77522
Supplier#000077527,Address 77527
Supplier#000077584,Address 77584
Supplier#000077638,Address 77638
Supplier#000077670,Address 77670
Supplier#000077698,Address 77698
Supplier#000077733,Address 77733
Supplier#000077734,Address 77734
Supplier#000077743,Address 77743
Supplier#000077780,Address 77780
Supplier#000077808,Address 77808
Supplier#000077846,Address 77846
Supplier#000077885,Address 77885
Supplier#000077902,Address 77902
Supplier#000077913,Address 77913
Supplier#000077919,Address 77919
Supplier#000077926,Address 77926
Supplier#000077957,Address 77957
Supplier#000078151,Address 78151
Supplier#000078162,Address 78162
Supplier#000078253,Address 78253
Supplier#000078292,Address 78292
Supplier#000078303,Address 78303
Supplier#000078318,Address 78318
Supplier#000078327,Address 78327
Supplier#000078374,Address 78374
Supplier#000078394,Address 78394
Supplier#000078431,Address 78431
Supplier#000078490,Address 78490
Supplier#000078495,Address 78495
Supplier#000078517,Address 78517
Supplier#000078521,Address 78521
Supplier#000078524,Address 78524
Supplier#000078537,Address 78537
Supplier#000078550,Address 78550
Supplier#000078558,Address 78558
Supplier#000078692,Address 78692
Supplier#000078724,Address 78724
Supplier#000078729,Address 78729
Supplier#000078776,Address 78776
Supplier#000078785,Address 78785
Supplier#000078809,Address 78809
Supplier#000078812,Address 78812
Supplier#000078894,Address 78894
Supplier#000078910,Address 78910
Supplier#000078911,Address 78911
Supplier#000078934,Address 78934
Supplier#000078987,Address 78987
Supplier#000078991,Address 78991
Supplier#000079019,Address 79019
Supplier#000079052,Address 79052
Supplier#000079069,Address 79069
Supplier#000079073,Address 79073
Supplier#000079083,Address 79083
Supplier#000079106,Address 79106
Supplier#000079162,Address 79162
Supplier#000079192,Address 79192
Supplier#000079213,Address 79213
Supplier#000079216,Address 79216
Supplier#000079289,Address 79289
Supplier#000079360,Address 79360
Supplier#000079396,Address 79396
Supplier#000079413,Address 79413
Supplier#000079441,Address 79441
Supplier#000079443,Address 79443
Supplier#000079444,Address 79444
Supplier#000079445,Address 79445
Supplier#000079473,Address 79473
Supplier#000079486,Address 79486
Supplier#000079507,Address 79507
Supplier#000079509,Address 79509
Supplier#000079512,Address 79512
Supplier#000079532,Address 79532
Supplier#000079540,Address 79540
Supplier#000079547,Address 79547
Supplier#000079566,Address 79566
Supplier#000079583,Address 79583
Supplier#000079630,Address 79630
Supplier#000079634,Address 79634
Supplier#000079636,Address 79636
Supplier#000079644,Address 79644
Supplier#000079664,Address 79664
Supplier#000079679,Address 79679
Supplier#000079690,Address 79690
Supplier#000079692,Address 79692
Supplier#000079705,Address 79705
Supplier#000079745,Address 79745
Supplier#000079748,Address 79748
Supplier#000079753,Address 79753
Supplier#000079766,Address 79766
Supplier#000079786,Address 79786
Supplier#000079791,Address 79791
Supplier#000079817,Address 79817
Supplier#000079831,Address 79831
Supplier#000079856,Address 79856
Supplier#000079870,Address 79870
Supplier#000079890,Address 79890
Supplier#000079918,Address 79918
Supplier#000079951,Address 79951
Supplier#000079952,Address 79952
Supplier#000079976,Address 79976
Supplier#000079985,Address 79985
Supplier#000080013,Address 80013
Supplier#000080015,Address 80015
Supplier#000080068,Address 80068
Supplier#000080075,Address 80075
Supplier#000080126,Address 80126
Supplier#000080127,Address 80127
Supplier#000080136,Address 80136
Supplier#000080145,Address 80145
Supplier#000080148,Address 80148
Supplier#000080150,Address 80150
Supplier#000080217,Address 80217
Supplier#000080292,Address 80292
Supplier#000080352,Address 80352
Supplier#000080379,Address 80379
Supplier#000080417,Address 80417
Supplier#000080445,Address 80445
Supplier#000080468,Address 80468
Supplier#000080472,Address 80472
Supplier#000080505,Address 80505
Supplier#000080515,Address 80515
Supplier#000080516,Address 80516
Supplier#000080524,Address 80524
Supplier#000080634,Address 80634
Supplier#000080660,Address 80660
Supplier#000080679,Address 80679
Supplier#000080692,Address 80692
Supplier#000080718,Address 80718
Supplier#000080724,Address 80724
Supplier#000080771,Address 80771
Supplier#000080782,Address 80782
Supplier#000080852,Address 80852
Supplier#000080893,Address 80893
Supplier#000080917,Address 80917
Supplier#000080931,Address 80931
Supplier#000080966,Address 80966
Supplier#000080985,Address 80985
Supplier#000081025,Address 81025
Supplier#000081033,Address 81033
Supplier#000081045,Address 81045
Supplier#000081049,Address 81049
Supplier#000081056,Address 81056
Supplier#000081067,Address 81067
Supplier#000081077,Address 81077
Supplier#000081176,Address 81176
Supplier#000081187,Address 81187
Supplier#000081192,Address 81192
Supplier#000081227,Address 81227
Supplier#000081254,Address 81254
Supplier#000081262,Address 81262
Supplier#000081288,Address 81288
Supplier#000081327,Address 81327
Supplier#000081330,Address 81330
Supplier#000081331,Address 81331
Supplier#000081332,Address 81332
Supplier#000081435,Address 81435
Supplier#000081463,Address 81463
Supplier#000081475,Address 81475
Supplier#000081487,Address 81487
Supplier#000081529,Address 81529
Supplier#000081579,Address 81579
Supplier#000081601,Address 81601
Supplier#000081659,Address 81659
Supplier#000081662,Address 81662
Supplier#000081674,Address 81674
Supplier#000081678,Address 81678
Supplier#000081711,Address 81711
Supplier#000081729,Address 81729
Supplier#000081748,Address 81748
Supplier#000081768,Address 81768
Supplier#000081775,Address 81775
Supplier#000081808,Address 81808
Supplier#000081871,Address 81871
Supplier#000082038,Address 82038
Supplier#000082094,Address 82094
Supplier#000082095,Address 82095
Supplier#000082103,Address 82103
Supplier#000082116,Address 82116
Supplier#000082144,Address 82144
Supplier#000082150,Address 82150
Supplier#000082223,Address 82223
Supplier#000082226,Address 82226
Supplier#000082227,Address 82227
Supplier#000082349,Address 82349
Supplier#000082358,Address 82358
Supplier#000082370,Address 82370
Supplier#000082419,Address 82419
Supplier#000082439,Address 82439
Supplier#000082452,Address 82452
Supplier#000082464,Address 82464
Supplier#000082468,Address 82468
Supplier#000082486,Address 82486
Supplier#000082495,Address 82495
Supplier#000082496,Address 82496
Supplier#000082572,Address 82572
Supplier#000082590,Address 82590
Supplier#000082606,Address 82606
Supplier#000082649,Address 82649
Supplier#000082659,Address 82659
Supplier#000082684,Address 82684
Supplier#000082686,Address 82686
Supplier#000082693,Address 82693
Supplier#000082703,Address 82703
Supplier#000082719,Address 82719
Supplier#000082753,Address 82753
Supplier#000082756,Address 82756
Supplier#000082790,Address 82790
Supplier#000082795,Address 82795
Supplier#000082846,Address 82846
Supplier#000082896,Address 82896
Supplier#000082900,Address 82900
Supplier#000082946,Address 82946
Supplier#000082971,Address 82971
Supplier#000082974,Address 82974
Supplier#000082981,Address 82981
Supplier#000083003,Address 83003
Supplier#000083009,Address 83009
Supplier#000083029,Address 83029
Supplier#000083035,Address 83035
Supplier#000083063,Address 83063
Supplier#000083069,Address 83069
Supplier#000083073,Address 83073
Supplier#000083080,Address 83080
Supplier#000083087,Address 83087
Supplier#000083095,Address 83095
Supplier#000083100,Address 83100
Supplier#000083142,Address 83142
Supplier#000083148,Address 83148
Supplier#000083149,Address 83149
Supplier#000083209,Address 83209
Supplier#000083269,Address 83269
Supplier#000083334,Address 83334
Supplier#000083357,Address 83357
Supplier#000083375,Address 83375
Supplier#000083376,Address 83376
Supplier#000083377,Address 83377
Supplier#000083382,Address 83382
Supplier#000083384,Address 83384
Supplier#000083407,Address 83407
Supplier#000083413,Address 83413
Supplier#000083430,Address 83430
Supplier#000083440,Address 83440
Supplier#000083444,Address 83444
Supplier#000083460,Address 83460
Supplier#000083480,Address 83480
Supplier#000083525,Address 83525
Supplier#000083576,Address 83576
Supplier#000083615,Address 83615
Supplier#000083628,Address 83628
Supplier#000083685,Address 83685
Supplier#000083687,Address 83687
Supplier#000083712,Address 83712
Supplier#000083737,Address 83737
Supplier#000083764,Address 83764
Supplier#000083819,Address 83819
Supplier#000083822,Address 83822
Supplier#000083896,Address 83896
Supplier#000083907,Address 83907
Supplier#000083908,Address 83908
Supplier#000083921,Address 83921
Supplier#000083922,Address 83922
Supplier#000083938,Address 83938
Supplier#000083952,Address 83952
Supplier#000084034,Address 84034
Supplier#000084037,Address 84037
Supplier#000084053,Address 84053
Supplier#000084054,Address 84054
Supplier#000084085,Address 84085
Supplier#000084136,Address 84136
Supplier#000084169,Address 84169
Supplier#000084180,Address 84180
Supplier#000084240,Address 84240
Supplier#000084314,Address 84314
Supplier#000084329,Address 84329
Supplier#000084345,Address 84345
Supplier#000084390,Address 84390
Supplier#000084430,Address 84430
Supplier#000084432,Address 84432
Supplier#000084456,Address 84456
Supplier#000084505,Address 84505
Supplier#000084521,Address 84521
Supplier#000084534,Address 84534
Supplier#000084537,Address 84537
Supplier#000084541,Address 84541
Supplier#000084544,Address 84544
Supplier#000084556,Address 84556
Supplier#000084559,Address 84559
Supplier#000084561,Address 84561
Supplier#000084615,Address 84615
Supplier#000084616,Address 84616
Supplier#000084623,Address 84623
Supplier#000084633,Address 84633
Supplier#000084641,Address 84641
Supplier#000084664,Address 84664
Supplier#000084712,Address 84712
Supplier#000084719,Address 84719
Supplier#000084725,Address 84725
Supplier#000084758,Address 84758
Supplier#000084782,Address 84782
Supplier#000084791,Address 84791
Supplier#000084800,Address 84800
Supplier#000084830,Address 84830
Supplier#000084855,Address 84855
Supplier#000084877,Address 84877
Supplier#000084922,Address 84922
Supplier#000084923,Address 84923
Supplier#000084978,Address 84978
Supplier#000085008,Address 85008
Supplier#000085024,Address 85024
Supplier#000085032,Address 85032
Supplier#000085045,Address 85045
Supplier#000085052,Address 85052
Supplier#000085075,Address 85075
Supplier#000085084,Address 85084
Supplier#000085086,Address 85086
Supplier#000085115,Address 85115
Supplier#000085127,Address 85127
Supplier#000085136,Address 85136
Supplier#000085187,Address 85187
Supplier#000085208,Address 85208
Supplier#000085209,Address 85209
Supplier#000085237,Address 85237
Supplier#000085306,Address 85306
Supplier#000085357,Address 85357
Supplier#000085361,Address 85361
Supplier#000085492,Address 85492
Supplier#000085493,Address 85493
Supplier#000085504,Address 85504
Supplier#000085520,Address 85520
Supplier#000085521,Address 85521
Supplier#000085533,Address 85533
Supplier#000085542,Address 85542
Supplier#000085543,Address 85543
Supplier#000085549,Address 85549
Supplier#000085611,Address 85611
Supplier#000085619,Address 85619
Supplier#000085674,Address 85674
Supplier#000085678,Address 85678
Supplier#000085720,Address 85720
Supplier#000085739,Address 85739
Supplier#000085748,Address 85748
Supplier#000085750,Address 85750
Supplier#000085768,Address 85768
Supplier#000085803,Address 85803
Supplier#000085809,Address 85809
Supplier#000085840,Address 85840
Supplier#000085890,Address 85890
Supplier#000085936,Address 85936
Supplier#000085959,Address 85959
Supplier#000085970,Address 85970
Supplier#000085984,Address 85984
Supplier#000085987,Address 85987
Supplier#000086015,Address 86015
Supplier#000086052,Address 86052
Supplier#000086054,Address 86054
Supplier#000086059,Address 86059
Supplier#000086085,Address 86085
Supplier#000086111,Address 86111
Supplier#000086129,Address 86129
Supplier#000086149,Address 86149
Supplier#000086159,Address 86159
Supplier#000086203,Address 86203
Supplier#000086239,Address 86239
Supplier#000086290,Address 86290
Supplier#000086296,Address 86296
Supplier#000086301,Address 86301
Supplier#000086325,Address 86325
Supplier#000086400,Address 86400
Supplier#000086406,Address 86406
Supplier#000086411,Address 86411
Supplier#000086422,Address 86422
Supplier#000086440,Address 86440
Supplier#000086480,Address 86480
Supplier#000086483,Address 86483
Supplier#000086528,Address 86528
Supplier#000086547,Address 86547
Supplier#000086557,Address 86557
Supplier#000086566,Address 86566
Supplier#000086586,Address 86586
Supplier#000086624,Address 86624
Supplier#000086669,Address 86669
Supplier#000086670,Address 86670
Supplier#000086721,Address 86721
Supplier#000086743,Address 86743
Supplier#000086812,Address 86812
Supplier#000086824,Address 86824
Supplier#000086859,Address 86859
Supplier#000086893,Address 86893
Supplier#000086907,Address 86907
Supplier#000086918,Address 86918
Supplier#000086976,Address 86976
Supplier#000087014,Address 87014
Supplier#000087018,Address 87018
Supplier#000087029,Address 87029
Supplier#000087031,Address 87031
Supplier#000087118,Address 87118
Supplier#000087124,Address 87124
Supplier#000087162,Address 87162
Supplier#000087171,Address 87171
Supplier#000087182,Address 87182
Supplier#000087197,Address 87197
Supplier#000087236,Address 87236
Supplier#000087276,Address 87276
Supplier#000087279,Address 87279
Supplier#000087326,Address 87326
Supplier#000087417,Address 87417
Supplier#000087434,Address 87434
Supplier#000087439,Address 87439
Supplier#000087456,Address 87456
Supplier#000087504,Address 87504
Supplier#000087525,Address 87525
Supplier#000087559,Address 87559
Supplier#000087573,Address 87573
Supplier#000087576,Address 87576
Supplier#000087714,Address 87714
Supplier#000087737,Address 87737
Supplier#000087801,Address 87801
Supplier#000087826,Address 87826
Supplier#000087832,Address 87832
Supplier#000087836,Address 87836
Supplier#000087839,Address 87839
Supplier#000087845,Address 87845
Supplier#000087857,Address 87857
Supplier#000087871,Address 87871
Supplier#000087877,Address 87877
Supplier#000087891,Address 87891
Supplier#000087926,Address 87926
Supplier#000087940,Address 87940
Supplier#000087943,Address 87943
Supplier#000087976,Address 87976
Supplier#000087994,Address 87994
Supplier#000088018,Address 88018
Supplier#000088023,Address 88023
Supplier#000088104,Address 88104
Supplier#000088122,Address 88122
Supplier#000088134,Address 88134
Supplier#000088147,Address 88147
Supplier#000088164,Address 88164
Supplier#000088191,Address 88191
Supplier#000088194,Address 88194
Supplier#000088198,Address 88198
Supplier#000088218,Address 88218
Supplier#000088222,Address 88222
Supplier#000088225,Address 88225
Supplier#000088259,Address 88259
Supplier#000088288,Address 88288
Supplier#000088306,Address 88306
Supplier#000088310,Address 88310
Supplier#000088327,Address 88327
Supplier#000088337,Address 88337
Supplier#000088355,Address 88355
Supplier#000088367,Address 88367
Supplier#000088413,Address 88413
Supplier#000088432,Address 88432
Supplier#000088445,Address 88445
Supplier#000088460,Address 88460
Supplier#000088464,Address 88464
Supplier#000088483,Address 88483
Supplier#000088524,Address 88524
Supplier#000088552,Address 88552
Supplier#000088561,Address 88561
Supplier#000088569,Address 88569
Supplier#000088587,Address 88587
Supplier#000088624,Address 88624
Supplier#000088627,Address 88627
Supplier#000088645,Address 88645
Supplier#000088663,Address 88663
Supplier#000088674,Address 88674
Supplier#000088682,Address 88682
Supplier#000088727,Address 88727
Supplier#000088763,Address 88763
Supplier#000088786,Address 88786
Supplier#000088796,Address 88796
Supplier#000088817,Address 88817
Supplier#000088876,Address 88876
Supplier#000088901,Address 88901
Supplier#000088940,Address 88940
Supplier#000088943,Address 88943
Supplier#000088945,Address 88945
Supplier#000088956,Address 88956
Supplier#000088967,Address 88967
Supplier#000088995,Address 88995
Supplier#000089064,Address 89064
Supplier#000089065,Address 89065
Supplier#000089077,Address 89077
Supplier#000089089,Address 89089
Supplier#000089108,Address 89108
Supplier#000089112,Address 89112
Supplier#000089140,Address 89140
Supplier#000089146,Address 89146
Supplier#000089156,Address 89156
Supplier#000089163,Address 89163
Supplier#000089216,Address 89216
Supplier#000089217,Address 89217
Supplier#000089268,Address 89268
Supplier#000089271,Address 89271
Supplier#000089280,Address 89280
Supplier#000089325,Address 89325
Supplier#000089380,Address 89380
Supplier#000089431,Address 89431
Supplier#000089475,Address 89475
Supplier#000089488,Address 89488
Supplier#000089489,Address 89489
Supplier#000089490,Address 89490
Supplier#000089497,Address 89497
Supplier#000089513,Address 89513
Supplier#000089516,Address 89516
Supplier#000089544,Address 89544
Supplier#000089549,Address 89549
Supplier#000089565,Address 89565
Supplier#000089591,Address 89591
Supplier#000089622,Address 89622
Supplier#000089706,Address 89706
Supplier#000089710,Address 89710
Supplier#000089714,Address 89714
Supplier#000089742,Address 89742
Supplier#000089793,Address 89793
Supplier#000089835,Address 89835
Supplier#000089867,Address 89867
Supplier#000089896,Address 89896
Supplier#000089911,Address 89911
Supplier#000089956,Address 89956
Supplier#000089974,Address 89974
Supplier#000089985,Address 89985
Supplier#000089989,Address 89989
Supplier#000089998,Address 89998
Supplier#000090123,Address 90123
Supplier#000090130,Address 90130
Supplier#000090133,Address 90133
Supplier#000090139,Address 90139
Supplier#000090141,Address 90141
Supplier#000090152,Address 90152
Supplier#000090155,Address 90155
Supplier#000090200,Address 90200
Supplier#000090207,Address 90207
Supplier#000090236,Address 90236
Supplier#000090285,Address 90285
Supplier#000090397,Address 90397
Supplier#000090418,Address 90418
Supplier#000090421,Address 90421
Supplier#000090423,Address 90423
Supplier#000090444,Address 90444
Supplier#000090472,Address 90472
Supplier#000090515,Address 90515
Supplier#000090527,Address 90527
Supplier#000090532,Address 90532
Supplier#000090543,Address 90543
Supplier#000090572,Address 90572
Supplier#000090579,Address 90579
Supplier#000090604,Address 90604
Supplier#000090628,Address 90628
Supplier#000090646,Address 90646
Supplier#000090654,Address 90654
Supplier#000090694,Address 90694
Supplier#000090732,Address 90732
Supplier#000090784,Address 90784
Supplier#000090795,Address 90795
Supplier#000090802,Address 90802
Supplier#000090823,Address 90823
Supplier#000090840,Address 90840
Supplier#000090841,Address 90841
Supplier#000090845,Address 90845
Supplier#000090849,Address 90849
Supplier#000090862,Address 90862
Supplier#000090903,Address 90903
Supplier#000090911,Address 90911
Supplier#000090916,Address 90916
Supplier#000090923,Address 90923
Supplier#000090966,Address 90966
Supplier#000090972,Address 90972
Supplier#000090999,Address 90999
Supplier#000091004,Address 91004
Supplier#000091013,Address 91013
Supplier#000091017,Address 91017
Supplier#000091018,Address 91018
Supplier#000091074,Address 91074
Supplier#000091093,Address 91093
Supplier#000091095,Address 91095
Supplier#000091102,Address 91102
Supplier#000091153,Address 91153
Supplier#000091161,Address 91161
Supplier#000091175,Address 91175
Supplier#000091196,Address 91196
Supplier#000091225,Address 91225
Supplier#000091265,Address 91265
Supplier#000091271,Address 91271
Supplier#000091287,Address 91287
Supplier#000091293,Address 91293
Supplier#000091294,Address 91294
Supplier#000091320,Address 91320
Supplier#000091359,Address 91359
Supplier#000091366,Address 91366
Supplier#000091442,Address 91442
Supplier#000091445,Address 91445
Supplier#000091457,Address 91457
Supplier#000091466,Address 91466
Supplier#000091508,Address 91508
Supplier#000091511,Address 91511
Supplier#000091584,Address 91584
Supplier#000091624,Address 91624
Supplier#000091678,Address 91678
Supplier#000091684,Address 91684
Supplier#000091717,Address 91717
Supplier#000091793,Address 91793
Supplier#000091824,Address 91824
Supplier#000091835,Address 91835
Supplier#000091854,Address 91854
Supplier#000091884,Address 91884
Supplier#000091885,Address 91885
Supplier#000091906,Address 91906
Supplier#000091921,Address 91921
Supplier#000091971,Address 91971
Supplier#000092015,Address 92015
Supplier#000092059,Address 92059
Supplier#000092064,Address 92064
Supplier#000092143,Address 92143
Supplier#000092180,Address 92180
Supplier#000092199,Address 92199
Supplier#000092243,Address 92243
Supplier#000092309,Address 92309
Supplier#000092314,Address 92314
Supplier#000092345,Address 92345
Supplier#000092360,Address 92360
Supplier#000092369,Address 92369
Supplier#000092462,Address 92462
Supplier#000092470,Address 92470
Supplier#000092474,Address 92474
Supplier#000092479,Address 92479
Supplier#000092485,Address 92485
Supplier#000092516,Address 92516
Supplier#000092530,Address 92530
Supplier#000092561,Address 92561
Supplier#000092600,Address 92600
Supplier#000092604,Address 92604
Supplier#000092612,Address 92612
Supplier#000092619,Address 92619
Supplier#000092646,Address 92646
Supplier#000092706,Address 92706
Supplier#000092766,Address 92766
Supplier#000092775,Address 92775
Supplier#000092785,Address 92785
Supplier#000092799,Address 92799
Supplier#000092823,Address 92823
Supplier#000092888,Address 92888
Supplier#000092917,Address 92917
Supplier#000092926,Address 92926
Supplier#000092945,Address 92945
Supplier#000092949,Address 92949
Supplier#000092950,Address 92950
Supplier#000092955,Address 92955
Supplier#000092968,Address 92968
Supplier#000092978,Address 92978
Supplier#000092996,Address 92996
Supplier#000093001,Address 93001
Supplier#000093051,Address 93051
Supplier#000093121,Address 93121
Supplier#000093137,Address 93137
Supplier#000093139,Address 93139
Supplier#000093162,Address 93162
Supplier#000093163,Address 93163
Supplier#000093168,Address 93168
Supplier#000093190,Address 93190
Supplier#000093212,Address 93212
Supplier#000093214,Address 93214
Supplier#000093218,Address 93218
Supplier#000093226,Address 93226
Supplier#000093270,Address 93270
Supplier#000093278,Address 93278
Supplier#000093297,Address 93297
Supplier#000093302,Address 93302
Supplier#000093304,Address 93304
Supplier#000093330,Address 93330
Supplier#000093339,Address 93339
Supplier#000093377,Address 93377
Supplier#000093385,Address 93385
Supplier#000093400,Address 93400
Supplier#000093422,Address 93422
Supplier#000093429,Address 93429
Supplier#000093431,Address 93431
Supplier#000093477,Address 93477
Supplier#000093499,Address 93499
Supplier#000093522,Address 93522
Supplier#000093572,Address 93572
Supplier#000093603,Address 93603
Supplier#000093643,Address 93643
Supplier#000093651,Address 93651
Supplier#000093703,Address 93703
Supplier#000093744,Address 93744
Supplier#000093791,Address 93791
Supplier#000093913,Address 93913
Supplier#000093927,Address 93927
Supplier#000093936,Address 93936
Supplier#000094028,Address 94028
Supplier#000094106,Address 94106
Supplier#000094111,Address 94111
Supplier#000094118,Address 94118
Supplier#000094120,Address 94120
Supplier#000094155,Address 94155
Supplier#000094159,Address 94159
Supplier#000094168,Address 94168
Supplier#000094210,Address 94210
Supplier#000094213,Address 94213
Supplier#000094266,Address 94266
Supplier#000094338,Address 94338
Supplier#000094357,Address 94357
Supplier#000094373,Address 94373
Supplier#000094382,Address 94382
Supplier#000094398,Address 94398
Supplier#000094413,Address 94413
Supplier#000094434,Address 94434
Supplier#000094488,Address 94488
Supplier#000094517,Address 94517
Supplier#000094521,Address 94521
Supplier#000094583,Address 94583
Supplier#000094584,Address 94584
Supplier#000094620,Address 94620
Supplier#000094627,Address 94627
Supplier#000094652,Address 94652
Supplier#000094654,Address 94654
Supplier#000094662,Address 94662
Supplier#000094681,Address 94681
Supplier#000094701,Address 94701
Supplier#000094706,Address 94706
Supplier#000094722,Address 94722
Supplier#000094732,Address 94732
Supplier#000094767,Address 94767
Supplier#000094807,Address 94807
Supplier#000094815,Address 94815
Supplier#000094826,Address 94826
Supplier#000094844,Address 94844
Supplier#000094877,Address 94877
Supplier#000094917,Address 94917
Supplier#000094928,Address 94928
Supplier#000094932,Address 94932
Supplier#000094943,Address 94943
Supplier#000094957,Address 94957
Supplier#000094960,Address 94960
Supplier#000094981,Address 94981
Supplier#000095012,Address 95012
Supplier#000095028,Address 95028
Supplier#000095058,Address 95058
Supplier#000095078,Address 95078
Supplier#000095091,Address 95091
Supplier#000095095,Address 95095
Supplier#000095126,Address 95126
Supplier#000095130,Address 95130
Supplier#000095138,Address 95138
Supplier#000095171,Address 95171
Supplier#000095187,Address 95187
Supplier#000095222,Address 95222
Supplier#000095243,Address 95243
Supplier#000095250,Address 95250
Supplier#000095251,Address 95251
Supplier#000095292,Address 95292
Supplier#000095295,Address 95295
Supplier#000095298,Address 95298
Supplier#000095354,Address 95354
Supplier#000095382,Address 95382
Supplier#000095391,Address 95391
Supplier#000095475,Address 95475
Supplier#000095490,Address 95490
Supplier#000095501,Address 95501
Supplier#000095516,Address 95516
Supplier#000095631,Address 95631
Supplier#000095636,Address 95636
Supplier#000095648,Address 95648
Supplier#000095667,Address 95667
Supplier#000095672,Address 95672
Supplier#000095691,Address 95691
Supplier#000095766,Address 95766
Supplier#000095777,Address 95777
Supplier#000095834,Address 95834
Supplier#000095912,Address 95912
Supplier#000095933,Address 95933
Supplier#000095951,Address 95951
Supplier#000096007,Address 96007
Supplier#000096067,Address 96067
Supplier#000096087,Address 96087
Supplier#000096108,Address 96108
Supplier#000096120,Address 96120
Supplier#000096128,Address 96128
Supplier#000096180,Address 96180
Supplier#000096195,Address 96195
Supplier#000096210,Address 96210
Supplier#000096221,Address 96221
Supplier#000096239,Address 96239
Supplier#000096247,Address 96247
Supplier#000096271,Address 96271
Supplier#000096302,Address 96302
Supplier#000096337,Address 96337
Supplier#000096362,Address 96362
Supplier#000096437,Address 96437
Supplier#000096625,Address 96625
Supplier#000096637,Address 96637
Supplier#000096668,Address 96668
Supplier#000096695,Address 96695
Supplier#000096700,Address 96700
Supplier#000096706,Address 96706
Supplier#000096718,Address 96718
Supplier#000096801,Address 96801
Supplier#000096802,Address 96802
Supplier#000096809,Address 96809
Supplier#000096818,Address 96818
Supplier#000096837,Address 96837
Supplier#000096857,Address 96857
Supplier#000096864,Address 96864
Supplier#000096874,Address 96874
Supplier#000096938,Address 96938
Supplier#000096973,Address 96973
Supplier#000097033,Address 97033
Supplier#000097067,Address 97067
Supplier#000097105,Address 97105
Supplier#000097107,Address 97107
Supplier#000097151,Address 97151
Supplier#000097209,Address 97209
Supplier#000097226,Address 97226
Supplier#000097245,Address 97245
Supplier#000097272,Address 97272
Supplier#000097278,Address 97278
Supplier#000097285,Address 97285
Supplier#000097290,Address 97290
Supplier#000097293,Address 97293
Supplier#000097301,Address 97301
Supplier#000097327,Address 97327
Supplier#000097341,Address 97341
Supplier#000097358,Address 97358
Supplier#000097374,Address 97374
Supplier#000097395,Address 97395
Supplier#000097436,Address 97436
Supplier#000097466,Address 97466
Supplier#000097488,Address 97488
Supplier#000097552,Address 97552
Supplier#000097583,Address 97583
Supplier#000097599,Address 97599
Supplier#000097603,Address 97603
Supplier#000097610,Address 97610
Supplier#000097689,Address 97689
Supplier#000097713,Address 97713
Supplier#000097778,Address 97778
Supplier#000097845,Address 97845
Supplier#000097920,Address 97920
Supplier#000097982,Address 97982
Supplier#000098046,Address 98046
Supplier#000098062,Address 98062
Supplier#000098065,Address 98065
Supplier#000098167,Address 98167
Supplier#000098194,Address 98194
Supplier#000098215,Address 98215
Supplier#000098232,Address 98232
Supplier#000098255,Address 98255
Supplier#000098257,Address 98257
Supplier#000098339,Address 98339
Supplier#000098450,Address 98450
Supplier#000098573,Address 98573
Supplier#000098579,Address 98579
Supplier#000098673,Address 98673
Supplier#000098743,Address 98743
Supplier#000098932,Address 98932
Supplier#000098967,Address 98967
Supplier#000098986,Address 98986
Supplier#000099008,Address 99008
Supplier#000099057,Address 99057
Supplier#000099067,Address 99067
Supplier#000099070,Address 99070
Supplier#000099080,Address 99080
Supplier#000099087,Address 99087
Supplier#000099106,Address 99106
Supplier#000099117,Address 99117
Supplier#000099119,Address 99119
Supplier#000099182,Address 99182
Supplier#000099194,Address 99194
Supplier#000099218,Address 99218
Supplier#000099234,Address 99234
Supplier#000099308,Address 99308
Supplier#000099327,Address 99327
Supplier#000099338,Address 99338
Supplier#000099365,Address 99365
Supplier#000099406,Address 99406
Supplier#000099437,Address 99437
Supplier#000099455,Address 99455
Supplier#000099498,Address 99498
Supplier#000099501,Address 99501
Supplier#000099503,Address 99503
Supplier#000099541,Address 99541
Supplier#000099583,Address 99583
Supplier#000099589,Address 99589
Supplier#000099619,Address 99619
Supplier#000099638,Address 99638
Supplier#000099644,Address 99644
Supplier#000099646,Address 99646
Supplier#000099699,Address 99699
Supplier#000099701,Address 99701
Supplier#000099702,Address 99702
Supplier#000099717,Address 99717
Supplier#000099723,Address 99723
Supplier#000099764,Address 99764
Supplier#000099768,Address 99768
Supplier#000099777,Address 99777
Supplier#000099808,Address 99808
Supplier#000099923,Address 99923
Supplier#000099929,Address 99929
Supplier#000099999,Address 99999
